{"type":"FeatureCollection","features":[{"type":"Feature","properties":{"comuna":"Camiña","region":"Región de Tarapacá","codregion":1},"geometry":{"type":"Polygon","coordinates":[[[-69.31688,-19.13531],[-69.2689,-19.23879],[-69.14216,-19.29619],[-69.23514,-19.3917],[-69.27409,-19.38683],[-69.30844,-19.40169],[-69.32107,-19.42529],[-69.3122,-19.4426],[-69.38221,-19.51581],[-69.57947,-19.583],[-69.61161,-19.61463],[-69.68815,-19.64137],[-69.74969,-19.69567],[-69.7495,-19.2763],[-69.7322,-19.26206],[-69.64369,-19.25917],[-69.58581,-19.20435],[-69.55724,-19.21551],[-69.48529,-19.19719],[-69.44373,-19.14499],[-69.42023,-19.07925],[-69.39605,-19.06138],[-69.31494,-19.1031],[-69.31688,-19.13531]]]}},{"type":"Feature","properties":{"comuna":"Colchane","region":"Región de Tarapacá","codregion":1},"geometry":{"type":"Polygon","coordinates":[[[-68.9899,-18.9556],[-68.9502,-18.93667],[-68.8709,-19.06037],[-68.80596,-19.08355],[-68.63057,-19.24835],[-68.61978,-19.27649],[-68.54275,-19.2967],[-68.40487,-19.41618],[-68.44064,-19.44041],[-68.57247,-19.60549],[-68.62422,-19.70207],[-68.68175,-19.71848],[-68.69283,-19.75023],[-68.80594,-19.74807],[-68.84554,-19.64396],[-69.10097,-19.49486],[-69.02319,-19.33155],[-69.0783,-19.27345],[-69.12063,-19.26859],[-69.14291,-19.29676],[-69.2689,-19.23879],[-69.31692,-19.13522],[-69.2349,-19.09446],[-69.20355,-19.10989],[-69.19119,-19.0952],[-69.15341,-19.10273],[-69.10264,-19.06754],[-69.10672,-19.05632],[-69.07511,-19.04802],[-69.07221,-19.02724],[-69.04884,-19.03203],[-69.01467,-19.00363],[-69.02024,-18.9537],[-68.9899,-18.9556]]]}},{"type":"Feature","properties":{"comuna":"Pozo Almonte","region":"Región de Tarapacá","codregion":1},"geometry":{"type":"Polygon","coordinates":[[[-68.99539,-20.13802],[-68.99096,-20.17435],[-68.96422,-20.18094],[-68.96157,-20.199],[-69.0238,-20.28899],[-69.10514,-20.28949],[-69.21803,-20.24378],[-69.4746,-20.25175],[-69.47744,-20.73077],[-69.39577,-20.73264],[-69.30752,-20.70301],[-69.22464,-20.73619],[-69.16174,-20.71738],[-69.10318,-20.72007],[-69.0646,-20.68553],[-69.00198,-20.6764],[-68.96698,-20.68907],[-68.95406,-20.75242],[-68.96722,-21.09674],[-68.89972,-21.17316],[-68.85968,-21.28498],[-69.31307,-21.39817],[-69.55086,-21.63021],[-69.59823,-21.56141],[-69.62602,-21.54551],[-69.66653,-21.46322],[-69.7345,-21.44755],[-69.76509,-21.41997],[-69.78113,-21.4417],[-69.83125,-21.44305],[-69.93815,-21.42369],[-69.92975,-21.37297],[-69.88167,-21.30453],[-69.89075,-21.11022],[-69.81984,-21.11714],[-69.99449,-20.83781],[-70.0513,-20.69925],[-70.02583,-20.57828],[-70.10793,-20.35056],[-70.02802,-20.30605],[-69.96592,-20.32137],[-69.91125,-20.22838],[-69.8907,-20.04943],[-69.81121,-20.10275],[-69.27324,-19.97511],[-69.16171,-19.99005],[-69.0017,-19.91432],[-68.97872,-19.9368],[-68.96876,-20.02191],[-68.98443,-20.08276],[-69.00846,-20.10513],[-68.99539,-20.13802]]]}},{"type":"Feature","properties":{"comuna":"Huara","region":"Región de Tarapacá","codregion":1},"geometry":{"type":"Polygon","coordinates":[[[-70.27396,-19.24945],[-70.27901,-19.2299],[-69.94205,-19.04991],[-69.88016,-19.03524],[-69.78852,-19.04675],[-69.6384,-19.02168],[-69.46881,-19.03682],[-69.40941,-19.02724],[-69.39006,-19.06289],[-69.41393,-19.07981],[-69.47383,-19.19414],[-69.55094,-19.21607],[-69.57951,-19.20491],[-69.63687,-19.25755],[-69.7259,-19.26262],[-69.7432,-19.27686],[-69.74339,-19.69623],[-69.68185,-19.64193],[-69.60531,-19.61519],[-69.57317,-19.58356],[-69.37591,-19.51637],[-69.30719,-19.44294],[-69.31527,-19.42543],[-69.30214,-19.40225],[-69.26779,-19.38739],[-69.22884,-19.39226],[-69.11151,-19.26831],[-69.072,-19.27401],[-69.01689,-19.33211],[-69.09467,-19.49542],[-68.98085,-19.5714],[-68.90148,-19.60091],[-68.92262,-19.7442],[-69.03222,-19.83449],[-69.03521,-19.86379],[-69.00656,-19.92001],[-69.15541,-19.99061],[-69.26694,-19.97567],[-69.80491,-20.10331],[-69.8844,-20.04998],[-70.08496,-20.08424],[-70.12812,-20.06112],[-70.1174,-19.99003],[-70.14107,-19.9034],[-70.12564,-19.88111],[-70.15638,-19.83053],[-70.14016,-19.78562],[-70.15236,-19.766],[-70.14524,-19.72469],[-70.1674,-19.69921],[-70.16282,-19.65959],[-70.23376,-19.60215],[-70.19955,-19.59068],[-70.19618,-19.49765],[-70.21915,-19.408],[-70.25519,-19.35299],[-70.24904,-19.33248],[-70.27811,-19.30867],[-70.27396,-19.24945]]]}},{"type":"Feature","properties":{"comuna":"Alto Hospicio","region":"Región de Tarapacá","codregion":1},"geometry":{"type":"Polygon","coordinates":[[[-69.89186,-20.06942],[-69.91125,-20.22838],[-69.96592,-20.32137],[-70.02802,-20.30605],[-70.10944,-20.35121],[-70.12438,-20.31232],[-70.10879,-20.26295],[-70.11867,-20.15473],[-70.09918,-20.08534],[-69.8907,-20.04943],[-69.89186,-20.06942]]]}},{"type":"Feature","properties":{"comuna":"Iquique","region":"Región de Tarapacá","codregion":1},"geometry":{"type":"Polygon","coordinates":[[[-70.13758,-20.19266],[-70.15214,-20.16424],[-70.12193,-20.09101],[-70.13441,-20.06057],[-70.09129,-20.08367],[-70.11867,-20.15473],[-70.10879,-20.26295],[-70.12438,-20.31232],[-70.02583,-20.57828],[-70.0513,-20.69925],[-69.99449,-20.83781],[-69.81984,-21.11714],[-69.89075,-21.11022],[-69.88167,-21.30453],[-69.92975,-21.37297],[-69.93063,-21.42463],[-70.00521,-21.43851],[-70.0581,-21.43021],[-70.09815,-21.34694],[-70.06552,-21.30273],[-70.08196,-21.23146],[-70.13344,-21.1301],[-70.1246,-21.08784],[-70.17746,-21.0245],[-70.12708,-20.93526],[-70.14514,-20.87174],[-70.20692,-20.81067],[-70.1852,-20.79782],[-70.1993,-20.75341],[-70.18347,-20.73788],[-70.19816,-20.71519],[-70.18199,-20.656],[-70.19818,-20.62447],[-70.19973,-20.53802],[-70.16635,-20.50081],[-70.15836,-20.46172],[-70.15879,-20.40919],[-70.18285,-20.36368],[-70.14335,-20.33026],[-70.12967,-20.29645],[-70.13077,-20.26492],[-70.16303,-20.20716],[-70.13758,-20.19266]]]}},{"type":"Feature","properties":{"comuna":"Pica","region":"Región de Tarapacá","codregion":1},"geometry":{"type":"Polygon","coordinates":[[[-68.70624,-19.75113],[-68.66599,-19.75217],[-68.59935,-19.828],[-68.5282,-19.84552],[-68.5423,-19.89002],[-68.52162,-19.92427],[-68.56625,-20.05008],[-68.64044,-20.04886],[-68.76213,-20.07815],[-68.77389,-20.12967],[-68.70433,-20.13375],[-68.69203,-20.17667],[-68.7103,-20.18586],[-68.6989,-20.21272],[-68.7128,-20.24821],[-68.69932,-20.25319],[-68.69716,-20.28992],[-68.66051,-20.31904],[-68.67433,-20.35676],[-68.74151,-20.36902],[-68.73875,-20.45681],[-68.66625,-20.51656],[-68.59315,-20.54818],[-68.57451,-20.57423],[-68.53499,-20.56948],[-68.51601,-20.60406],[-68.48523,-20.60523],[-68.43867,-20.64088],[-68.50207,-20.66979],[-68.53211,-20.72258],[-68.55284,-20.72837],[-68.54074,-20.80707],[-68.55591,-20.83339],[-68.55329,-20.87584],[-68.51407,-20.93526],[-68.48073,-20.94519],[-68.53576,-21.06468],[-68.85968,-21.28498],[-68.89972,-21.17316],[-68.96722,-21.09674],[-68.95406,-20.75242],[-68.96698,-20.68907],[-69.00198,-20.6764],[-69.0646,-20.68553],[-69.10318,-20.72007],[-69.16174,-20.71738],[-69.22464,-20.73619],[-69.30752,-20.70301],[-69.39577,-20.73264],[-69.47744,-20.73077],[-69.475,-20.25348],[-69.21803,-20.24378],[-69.10514,-20.28949],[-69.02019,-20.28783],[-68.96157,-20.199],[-68.96422,-20.18094],[-68.99096,-20.17435],[-69.00853,-20.11159],[-68.98166,-20.07662],[-68.96876,-20.02191],[-68.98,-19.93343],[-69.02496,-19.8993],[-69.03912,-19.83715],[-68.92892,-19.74364],[-68.90778,-19.60035],[-68.83293,-19.66187],[-68.80594,-19.74807],[-68.70624,-19.75113]]]}},{"type":"Feature","properties":{"comuna":"María Elena","region":"Región de Antofagasta","codregion":2},"geometry":{"type":"Polygon","coordinates":[[[-69.414,-21.49697],[-69.31307,-21.39817],[-68.85968,-21.28498],[-68.93625,-21.43487],[-68.99264,-21.63608],[-68.93244,-21.82869],[-69.17671,-22.22804],[-69.147,-22.45506],[-69.19076,-22.57634],[-69.53614,-22.88021],[-69.96947,-22.87089],[-69.94583,-22.83708],[-69.95162,-22.79933],[-69.89373,-22.63514],[-69.92203,-22.54101],[-69.91823,-22.47495],[-69.96604,-22.44597],[-69.98259,-22.34874],[-69.96385,-22.31927],[-69.97183,-22.27578],[-69.9196,-22.24583],[-69.81877,-22.2274],[-69.81175,-22.20064],[-69.75758,-22.19394],[-69.74475,-22.15545],[-69.74224,-22.12479],[-69.76492,-22.09211],[-69.74249,-22.02657],[-69.79823,-21.9121],[-69.85326,-21.87234],[-69.90409,-21.8708],[-69.83348,-21.74956],[-69.83206,-21.44235],[-69.78113,-21.4417],[-69.76509,-21.41997],[-69.7345,-21.44755],[-69.66653,-21.46322],[-69.62602,-21.54551],[-69.59823,-21.56141],[-69.55086,-21.63021],[-69.414,-21.49697]]]}},{"type":"Feature","properties":{"comuna":"Calama","region":"Región de Antofagasta","codregion":2},"geometry":{"type":"Polygon","coordinates":[[[-67.94647,-22.38519],[-68.01498,-22.43263],[-68.02772,-22.41829],[-68.07642,-22.4326],[-68.12364,-22.40248],[-68.15262,-22.40248],[-68.15403,-22.43765],[-68.19863,-22.45749],[-68.24357,-22.50795],[-68.26343,-22.59928],[-68.35931,-22.66385],[-68.40511,-22.74853],[-68.43204,-22.74931],[-68.44982,-22.76916],[-68.46662,-22.85564],[-68.4981,-22.85936],[-68.52057,-22.89985],[-68.54081,-23.08346],[-68.63841,-23.08386],[-68.65176,-23.10309],[-68.73777,-23.11379],[-68.77005,-23.14123],[-68.84498,-23.10491],[-68.82667,-23.06202],[-68.83273,-23.03836],[-68.80178,-22.99871],[-68.80885,-22.97849],[-68.86495,-22.92723],[-68.98644,-22.74506],[-69.15089,-22.66307],[-69.18798,-22.61688],[-69.19076,-22.57634],[-69.147,-22.45506],[-69.17671,-22.22804],[-68.93244,-21.82869],[-68.99264,-21.63608],[-68.93625,-21.43487],[-68.85968,-21.28498],[-68.53552,-21.06416],[-68.4679,-21.22074],[-68.5146,-21.27826],[-68.50291,-21.39165],[-68.52191,-21.54637],[-68.39535,-21.65314],[-68.31163,-21.6926],[-68.34025,-21.88926],[-68.19283,-21.90586],[-68.00738,-22.03957],[-67.96507,-22.05372],[-67.93916,-22.10793],[-67.95529,-22.17717],[-67.93209,-22.20353],[-67.91543,-22.2724],[-67.93727,-22.27323],[-67.93217,-22.37332],[-67.94647,-22.38519]]]}},{"type":"Feature","properties":{"comuna":"Tocopilla","region":"Región de Antofagasta","codregion":2},"geometry":{"type":"MultiPolygon","coordinates":[[[[-70.0581,-21.43021],[-70.00521,-21.43851],[-69.93914,-21.42314],[-69.83206,-21.44235],[-69.83348,-21.74956],[-69.90409,-21.8708],[-69.85326,-21.87234],[-69.79823,-21.9121],[-69.74249,-22.02657],[-69.76492,-22.09211],[-69.74224,-22.12479],[-69.74628,-22.16496],[-69.75758,-22.19394],[-69.81175,-22.20064],[-69.81877,-22.2274],[-69.9196,-22.24583],[-69.96882,-22.27171],[-69.96385,-22.31927],[-69.98259,-22.34874],[-69.96519,-22.42512],[-70.26328,-22.63181],[-70.28438,-22.5715],[-70.23804,-22.49699],[-70.26855,-22.4606],[-70.24495,-22.38086],[-70.25782,-22.35617],[-70.23716,-22.30958],[-70.24764,-22.28443],[-70.23319,-22.26873],[-70.23201,-22.17036],[-70.21651,-22.09389],[-70.1984,-22.0884],[-70.18886,-22.05885],[-70.19789,-22.01363],[-70.16899,-21.92931],[-70.18964,-21.89976],[-70.15713,-21.88529],[-70.14306,-21.84873],[-70.14068,-21.80606],[-70.15963,-21.76087],[-70.14438,-21.71763],[-70.15005,-21.65553],[-70.09427,-21.59298],[-70.09292,-21.55252],[-70.07103,-21.52857],[-70.08302,-21.48903],[-70.0581,-21.43021]]]]}},{"type":"Feature","properties":{"comuna":"Antofagasta","region":"Región de Antofagasta","codregion":2},"geometry":{"type":"MultiPolygon","coordinates":[[[[-70.60639,-23.3593],[-70.55141,-23.36237],[-70.39926,-23.29683],[-70.18528,-23.34442],[-70.12883,-23.23516],[-70.13218,-23.20345],[-70.07786,-23.17316],[-70.03491,-23.07298],[-70.01376,-23.05793],[-69.9697,-23.32938],[-70.04771,-23.6234],[-69.60047,-23.62608],[-69.43811,-23.60416],[-69.34561,-23.66053],[-69.14522,-23.6665],[-69.08095,-23.68921],[-68.87401,-23.8751],[-68.46183,-23.98453],[-68.34559,-23.99786],[-68.11781,-24.23812],[-68.06504,-24.32642],[-68.26045,-24.40301],[-68.31059,-24.49061],[-68.38724,-24.48576],[-68.43325,-24.60574],[-68.45056,-24.60253],[-68.46775,-24.62283],[-68.49512,-24.59997],[-68.4918,-24.66433],[-68.5615,-24.76301],[-68.56809,-24.79555],[-68.53929,-24.81651],[-68.51989,-24.87297],[-68.43141,-24.90603],[-68.42677,-24.96135],[-68.40809,-24.97188],[-68.41272,-25.01954],[-68.37435,-25.03583],[-68.34327,-25.11064],[-68.40855,-25.14451],[-68.43661,-25.12255],[-68.46496,-25.13079],[-68.47221,-25.15106],[-68.50731,-25.16808],[-68.50898,-25.23255],[-68.52718,-25.2313],[-68.54981,-25.26088],[-68.53009,-25.29131],[-68.55731,-25.30166],[-68.57872,-25.28584],[-68.63623,-25.31328],[-68.65741,-25.30352],[-68.67319,-25.36176],[-68.72491,-25.39034],[-68.74752,-25.38073],[-68.78276,-25.40296],[-68.82618,-25.36971],[-68.96117,-25.3904],[-69.0055,-25.37635],[-69.04504,-25.34118],[-69.09462,-25.34287],[-69.12245,-25.30495],[-69.17827,-25.28384],[-69.19599,-25.23786],[-69.22302,-25.23514],[-69.21915,-25.20006],[-69.24748,-25.16978],[-69.20906,-25.11104],[-69.15717,-24.95277],[-69.11947,-24.92062],[-69.11577,-24.87345],[-69.17368,-24.68396],[-70.40677,-24.62749],[-70.57899,-24.54925],[-70.54225,-24.42539],[-70.55668,-24.37494],[-70.54048,-24.35887],[-70.54983,-24.33374],[-70.52766,-24.27914],[-70.53505,-24.248],[-70.52134,-24.24317],[-70.51068,-24.19926],[-70.52121,-24.18595],[-70.503,-24.17863],[-70.52151,-24.12302],[-70.50422,-24.11889],[-70.49828,-24.07998],[-70.51974,-24.0204],[-70.50767,-23.98507],[-70.51622,-23.92704],[-70.49503,-23.90534],[-70.52614,-23.86413],[-70.50392,-23.84954],[-70.50639,-23.79809],[-70.44707,-23.74945],[-70.404,-23.66397],[-70.39239,-23.57964],[-70.42007,-23.50858],[-70.48586,-23.46529],[-70.51343,-23.46767],[-70.54352,-23.53621],[-70.59922,-23.50629],[-70.62789,-23.51736],[-70.62364,-23.4768],[-70.61463,-23.46292],[-70.60514,-23.47272],[-70.58943,-23.42655],[-70.60651,-23.40516],[-70.60639,-23.3593]]]]}},{"type":"Feature","properties":{"comuna":"Mejillones","region":"Región de Antofagasta","codregion":2},"geometry":{"type":"Polygon","coordinates":[[[-70.26328,-22.63181],[-69.96519,-22.42512],[-69.96167,-22.45468],[-69.91823,-22.47495],[-69.92203,-22.54101],[-69.89373,-22.63514],[-69.92287,-22.68889],[-69.93379,-22.77209],[-69.9544,-22.8106],[-69.94506,-22.83435],[-69.96878,-22.86768],[-69.96729,-22.91273],[-70.01065,-23.05587],[-70.03491,-23.07298],[-70.07786,-23.17316],[-70.13218,-23.20345],[-70.12883,-23.23516],[-70.18528,-23.34442],[-70.39926,-23.29683],[-70.55141,-23.36237],[-70.60639,-23.3593],[-70.58237,-23.32565],[-70.603,-23.29666],[-70.59805,-23.22277],[-70.56078,-23.18992],[-70.57925,-23.08304],[-70.51712,-23.02506],[-70.50177,-23.03443],[-70.48572,-23.0972],[-70.42246,-23.09148],[-70.36162,-23.04643],[-70.31142,-22.96437],[-70.28847,-22.89612],[-70.31284,-22.82294],[-70.31285,-22.76468],[-70.28093,-22.71973],[-70.29,-22.65553],[-70.26328,-22.63181]]]}},{"type":"Feature","properties":{"comuna":"Taltal","region":"Región de Antofagasta","codregion":2},"geometry":{"type":"MultiPolygon","coordinates":[[[[-70.57899,-24.54925],[-70.40677,-24.62749],[-69.17368,-24.68396],[-69.11577,-24.87345],[-69.11947,-24.92062],[-69.15717,-24.95277],[-69.20906,-25.11104],[-69.24748,-25.16978],[-69.21915,-25.20006],[-69.22302,-25.23514],[-69.19599,-25.23786],[-69.17827,-25.28384],[-69.12245,-25.30495],[-69.09462,-25.34287],[-69.04504,-25.34118],[-68.98721,-25.38515],[-68.99349,-25.40901],[-69.03586,-25.44226],[-69.00281,-25.46179],[-68.99583,-25.5055],[-69.02267,-25.50881],[-69.0573,-25.56959],[-69.08482,-25.58411],[-69.07053,-25.58581],[-69.0508,-25.6364],[-69.09472,-25.71996],[-69.0583,-25.72834],[-69.08013,-25.74442],[-69.09824,-25.80176],[-69.17136,-25.81645],[-69.26795,-25.86647],[-69.27376,-25.85687],[-69.38148,-25.88011],[-69.44036,-25.86018],[-69.45094,-25.8932],[-69.50283,-25.91508],[-69.51211,-25.95121],[-69.67466,-25.94299],[-69.75655,-25.91736],[-69.81936,-25.9239],[-69.8543,-25.94527],[-69.9077,-25.89461],[-70.02297,-25.91988],[-70.07594,-25.96502],[-70.07874,-25.95256],[-70.19965,-25.94178],[-70.23995,-25.9162],[-70.26478,-25.93078],[-70.2734,-25.90854],[-70.30103,-25.89617],[-70.32433,-25.9311],[-70.39319,-25.92879],[-70.42014,-25.95336],[-70.48321,-25.9679],[-70.52622,-26.00961],[-70.60516,-26.00413],[-70.61464,-26.05817],[-70.6573,-26.06101],[-70.63548,-26.05146],[-70.62799,-25.9943],[-70.64756,-25.95001],[-70.69341,-25.90407],[-70.71193,-25.83844],[-70.7366,-25.82499],[-70.72351,-25.80366],[-70.73066,-25.77912],[-70.70506,-25.77411],[-70.68524,-25.74471],[-70.69563,-25.71122],[-70.68276,-25.66124],[-70.63639,-25.64478],[-70.64691,-25.53005],[-70.62965,-25.50703],[-70.57624,-25.5068],[-70.52823,-25.4782],[-70.51602,-25.3969],[-70.49231,-25.40932],[-70.45078,-25.37757],[-70.45633,-25.29675],[-70.43442,-25.25659],[-70.43808,-25.18995],[-70.46383,-25.136],[-70.50795,-25.09667],[-70.4666,-24.99483],[-70.52898,-24.91562],[-70.52151,-24.86653],[-70.5439,-24.84337],[-70.54552,-24.77906],[-70.58049,-24.72123],[-70.56528,-24.70474],[-70.57393,-24.65271],[-70.55932,-24.64433],[-70.55024,-24.59536],[-70.57899,-24.54925]]]]}},{"type":"Feature","properties":{"comuna":"Sierra Gorda","region":"Región de Antofagasta","codregion":2},"geometry":{"type":"Polygon","coordinates":[[[-69.98816,-22.97673],[-69.96947,-22.87089],[-69.53614,-22.88021],[-69.19076,-22.57634],[-69.18798,-22.61688],[-69.15089,-22.66307],[-68.98644,-22.74506],[-68.86495,-22.92723],[-68.81482,-22.96785],[-68.80178,-22.99871],[-68.83273,-23.03836],[-68.82667,-23.06202],[-68.84498,-23.10491],[-68.77005,-23.14123],[-68.73777,-23.11379],[-68.67613,-23.10098],[-68.62029,-23.17177],[-68.64674,-23.23609],[-68.67916,-23.27091],[-68.7178,-23.38703],[-68.69382,-23.53139],[-68.70867,-23.56731],[-68.68545,-23.59829],[-68.66517,-23.69871],[-68.68984,-23.79353],[-68.68433,-23.86187],[-68.69855,-23.92313],[-68.87401,-23.8751],[-69.08095,-23.68921],[-69.14522,-23.6665],[-69.34561,-23.66053],[-69.43811,-23.60416],[-69.60047,-23.62608],[-70.04771,-23.6234],[-69.9697,-23.32938],[-70.01376,-23.05793],[-69.98816,-22.97673]]]}},{"type":"Feature","properties":{"comuna":"San Pedro de Atacama","region":"Región de Antofagasta","codregion":2},"geometry":{"type":"Polygon","coordinates":[[[-68.06504,-24.32642],[-68.11781,-24.23812],[-68.34559,-23.99786],[-68.46183,-23.98453],[-68.69855,-23.92313],[-68.68433,-23.86187],[-68.68984,-23.79353],[-68.66517,-23.69871],[-68.68545,-23.59829],[-68.70867,-23.56731],[-68.69382,-23.53139],[-68.7178,-23.38703],[-68.67916,-23.27091],[-68.61917,-23.1755],[-68.66156,-23.10687],[-68.63841,-23.08386],[-68.53864,-23.08008],[-68.52057,-22.89985],[-68.4981,-22.85936],[-68.46662,-22.85564],[-68.45986,-22.7895],[-68.43805,-22.75325],[-68.40511,-22.74853],[-68.36011,-22.6646],[-68.26343,-22.59928],[-68.24357,-22.50795],[-68.19863,-22.45749],[-68.15403,-22.43765],[-68.15262,-22.40248],[-68.12364,-22.40248],[-68.07642,-22.4326],[-68.02772,-22.41829],[-68.01498,-22.43263],[-67.94149,-22.38058],[-67.89995,-22.4074],[-67.8839,-22.4418],[-67.8929,-22.49911],[-67.86816,-22.5326],[-67.84096,-22.53307],[-67.85254,-22.55779],[-67.83206,-22.58154],[-67.86298,-22.59962],[-67.85716,-22.62229],[-67.88338,-22.62804],[-67.86801,-22.67947],[-67.88969,-22.71819],[-67.86758,-22.74385],[-67.88228,-22.8337],[-67.82609,-22.84528],[-67.79906,-22.88118],[-67.56851,-22.89804],[-67.1803,-22.81417],[-66.99018,-22.99996],[-67.32262,-24.03416],[-68.06504,-24.32642]]]}},{"type":"Feature","properties":{"comuna":"Ollagüe","region":"Región de Antofagasta","codregion":2},"geometry":{"type":"Polygon","coordinates":[[[-68.52056,-21.03169],[-68.48082,-20.94128],[-68.42782,-20.94611],[-68.41249,-20.93454],[-68.29482,-21.09764],[-68.17911,-21.30193],[-68.18065,-21.60401],[-68.06046,-21.7715],[-68.07111,-21.98212],[-68.19283,-21.90586],[-68.34025,-21.88926],[-68.31163,-21.6926],[-68.39535,-21.65314],[-68.52191,-21.54637],[-68.50291,-21.39165],[-68.5146,-21.27826],[-68.4679,-21.22074],[-68.53552,-21.06416],[-68.52056,-21.03169]]]}},{"type":"Feature","properties":{"comuna":"Alto del Carmen","region":"Región de Atacama","codregion":3},"geometry":{"type":"Polygon","coordinates":[[[-69.95164,-29.50096],[-69.99122,-29.49578],[-70.02247,-29.5197],[-70.0859,-29.53515],[-70.10486,-29.5229],[-70.17253,-29.52533],[-70.19282,-29.51868],[-70.2009,-29.47994],[-70.29784,-29.37683],[-70.36541,-29.36999],[-70.40765,-29.39907],[-70.46028,-29.38065],[-70.47376,-29.36004],[-70.44465,-29.32681],[-70.48049,-29.28695],[-70.46321,-29.26466],[-70.46848,-29.23793],[-70.49414,-29.2176],[-70.49421,-29.16172],[-70.53228,-29.12851],[-70.52661,-29.10847],[-70.54219,-29.09783],[-70.53452,-29.03466],[-70.49865,-28.99095],[-70.51555,-28.96719],[-70.49834,-28.94541],[-70.50122,-28.90583],[-70.54984,-28.87776],[-70.56732,-28.88247],[-70.58523,-28.86121],[-70.5761,-28.82233],[-70.53423,-28.79143],[-70.57567,-28.71688],[-70.60108,-28.71968],[-70.6196,-28.68689],[-70.58623,-28.64041],[-70.5429,-28.64243],[-70.50285,-28.60952],[-70.42404,-28.66226],[-70.38309,-28.6311],[-70.34638,-28.66709],[-70.32752,-28.66749],[-70.31307,-28.71017],[-70.24833,-28.67748],[-70.18659,-28.60136],[-70.1438,-28.57766],[-70.10916,-28.58937],[-70.06918,-28.63898],[-70.0499,-28.60431],[-70.03475,-28.60833],[-70.01254,-28.58028],[-69.96148,-28.57801],[-69.92648,-28.60705],[-69.80289,-28.64339],[-69.75035,-28.6306],[-69.72337,-28.57813],[-69.68722,-28.59126],[-69.7326,-28.70128],[-69.72902,-28.73877],[-69.7013,-28.75111],[-69.69361,-28.77328],[-69.76584,-28.89891],[-69.75462,-28.98214],[-69.79344,-29.04963],[-69.7872,-29.12979],[-69.87588,-29.13877],[-69.92383,-29.18615],[-69.95266,-29.18879],[-69.93725,-29.24812],[-69.99504,-29.28296],[-69.99684,-29.30499],[-70.01886,-29.32112],[-70.01006,-29.35302],[-70.02152,-29.38336],[-69.96706,-29.41243],[-69.98124,-29.45202],[-69.95489,-29.46345],[-69.95164,-29.50096]]]}},{"type":"Feature","properties":{"comuna":"Freirina","region":"Región de Atacama","codregion":3},"geometry":{"type":"Polygon","coordinates":[[[-71.31398,-28.56659],[-71.29018,-28.59666],[-71.23422,-28.6003],[-71.19636,-28.5836],[-71.13174,-28.61595],[-71.12118,-28.58866],[-71.1424,-28.52124],[-71.13034,-28.4732],[-71.05024,-28.43075],[-71.00437,-28.43334],[-71.04621,-28.38431],[-70.99463,-28.28938],[-70.95638,-28.27975],[-70.93506,-28.30075],[-70.91806,-28.28896],[-70.90203,-28.29875],[-70.87905,-28.27979],[-70.8439,-28.32866],[-70.81444,-28.327],[-70.81215,-28.38004],[-70.84459,-28.4027],[-70.84059,-28.4433],[-70.86447,-28.4684],[-70.88509,-28.46586],[-70.91269,-28.51067],[-70.91956,-28.57614],[-70.93613,-28.58728],[-70.96247,-28.66569],[-71.00848,-28.64431],[-71.08689,-28.66446],[-71.09225,-28.70246],[-71.07391,-28.73694],[-71.02411,-28.745],[-70.98455,-28.73298],[-70.97813,-28.76316],[-71.07144,-28.88698],[-71.04505,-28.92042],[-71.05204,-28.96247],[-71.02056,-29.00797],[-70.99286,-29.10338],[-70.99927,-29.1243],[-71.02757,-29.13811],[-71.02249,-29.15199],[-71.07317,-29.19173],[-71.096,-29.16974],[-71.14068,-29.16564],[-71.16426,-29.18454],[-71.28225,-29.18688],[-71.35154,-29.14151],[-71.41517,-29.18426],[-71.4975,-29.18315],[-71.4873,-29.1688],[-71.50372,-29.14481],[-71.46192,-29.10326],[-71.50102,-29.0791],[-71.47885,-29.05994],[-71.50173,-29.02296],[-71.49162,-28.98419],[-71.52561,-28.98678],[-71.50434,-28.95293],[-71.52226,-28.91677],[-71.48482,-28.85016],[-71.37861,-28.79454],[-71.36486,-28.7429],[-71.29592,-28.6804],[-71.27982,-28.63272],[-71.31398,-28.56659]]]}},{"type":"Feature","properties":{"comuna":"Huasco","region":"Región de Atacama","codregion":3},"geometry":{"type":"Polygon","coordinates":[[[-71.14284,-27.965],[-71.10423,-27.99529],[-71.04864,-27.99027],[-71.00856,-28.00452],[-70.97343,-28.03434],[-70.97152,-28.06487],[-70.87925,-28.06609],[-70.85095,-28.08914],[-70.82885,-28.07035],[-70.76891,-28.06734],[-70.77324,-28.33788],[-70.8439,-28.32866],[-70.87905,-28.27979],[-70.90203,-28.29875],[-70.91806,-28.28896],[-70.93506,-28.30075],[-70.95638,-28.27975],[-70.99463,-28.28938],[-71.04621,-28.38431],[-71.00437,-28.43334],[-71.05024,-28.43075],[-71.13034,-28.4732],[-71.1424,-28.52124],[-71.12118,-28.58866],[-71.1395,-28.61784],[-71.19636,-28.5836],[-71.23422,-28.6003],[-71.29018,-28.59666],[-71.31398,-28.56659],[-71.25811,-28.5415],[-71.25486,-28.5099],[-71.27393,-28.50222],[-71.25095,-28.48474],[-71.26548,-28.48057],[-71.25908,-28.46401],[-71.21254,-28.45987],[-71.19251,-28.38339],[-71.16017,-28.35829],[-71.19811,-28.30078],[-71.18116,-28.29811],[-71.15404,-28.23228],[-71.16666,-28.12569],[-71.18491,-28.1181],[-71.18001,-28.09899],[-71.1439,-28.08177],[-71.14284,-27.965]]]}},{"type":"Feature","properties":{"comuna":"Copiapó","region":"Región de Atacama","codregion":3},"geometry":{"type":"Polygon","coordinates":[[[-70.97689,-27.66682],[-70.92208,-27.74551],[-70.93114,-27.80024],[-70.89574,-27.83289],[-70.83887,-27.82574],[-70.80642,-27.80488],[-70.75738,-27.81771],[-70.7297,-27.76327],[-70.75726,-27.74141],[-70.73628,-27.41462],[-70.76251,-27.32856],[-70.60506,-27.18389],[-70.41654,-27.07204],[-70.3816,-27.08519],[-70.3396,-27.06193],[-70.24479,-26.94303],[-70.14037,-26.86837],[-70.09802,-26.87657],[-70.05412,-26.84854],[-69.98487,-26.8436],[-69.97514,-26.85543],[-69.96114,-26.84207],[-69.94028,-26.86886],[-69.95768,-26.90276],[-69.87606,-26.92149],[-69.8662,-26.88018],[-69.75738,-26.85182],[-69.73478,-26.79704],[-69.6592,-26.83426],[-69.65441,-26.88298],[-69.61928,-26.87693],[-69.59974,-26.89661],[-69.57574,-26.89414],[-69.56679,-26.83239],[-69.51212,-26.75667],[-69.49821,-26.70883],[-69.43034,-26.71335],[-69.36265,-26.66493],[-69.26458,-26.67332],[-69.25032,-26.73603],[-69.21083,-26.74838],[-69.19218,-26.78672],[-69.06162,-26.77383],[-68.96734,-26.82244],[-68.85677,-26.81613],[-68.84946,-26.86201],[-68.83416,-26.86055],[-68.80047,-26.76604],[-68.74477,-26.78225],[-68.73433,-26.80143],[-68.68191,-26.78882],[-68.64136,-26.81187],[-68.58549,-26.76336],[-68.4982,-26.80781],[-68.36722,-26.79634],[-68.26323,-26.91834],[-68.29288,-26.92781],[-68.29435,-26.9593],[-68.31916,-26.98146],[-68.29393,-27.03797],[-68.34635,-27.03302],[-68.40351,-27.06752],[-68.42919,-27.06421],[-68.45074,-27.09488],[-68.47547,-27.08386],[-68.48415,-27.05739],[-68.47232,-27.11082],[-68.48216,-27.12902],[-68.55794,-27.11546],[-68.57483,-27.17545],[-68.60105,-27.15874],[-68.63255,-27.16236],[-68.67034,-27.09873],[-68.78788,-27.10373],[-68.80725,-27.15249],[-68.84412,-27.16076],[-68.87087,-27.2454],[-68.86792,-27.2629],[-68.80859,-27.30106],[-68.87142,-27.3192],[-68.89344,-27.35579],[-68.88681,-27.3983],[-68.93049,-27.40912],[-68.93614,-27.44536],[-68.97027,-27.42895],[-68.98826,-27.44712],[-68.94919,-27.488],[-68.94744,-27.5296],[-69.00166,-27.52083],[-69.00702,-27.48521],[-69.08578,-27.4341],[-69.06874,-27.3686],[-69.12521,-27.32361],[-69.1482,-27.24816],[-69.18435,-27.21194],[-69.19166,-27.16955],[-69.21964,-27.1571],[-69.25595,-27.17126],[-69.34428,-27.16166],[-69.3785,-27.17889],[-69.47926,-27.32947],[-69.507,-27.34947],[-69.49535,-27.39121],[-69.52396,-27.44241],[-69.51221,-27.46831],[-69.5287,-27.48573],[-69.52704,-27.52833],[-69.58506,-27.60685],[-69.62205,-27.62607],[-69.67574,-27.58507],[-69.73489,-27.63631],[-69.78269,-27.61087],[-69.89815,-27.60598],[-69.8794,-27.56348],[-69.89117,-27.53743],[-69.9338,-27.5279],[-69.94616,-27.5074],[-69.98229,-27.50514],[-70.05713,-27.54329],[-70.08858,-27.51417],[-70.14671,-27.50136],[-70.19133,-27.46081],[-70.21268,-27.41179],[-70.29626,-27.43846],[-70.29742,-27.45552],[-70.34079,-27.47601],[-70.33416,-27.49027],[-70.36477,-27.52782],[-70.3819,-27.58438],[-70.35998,-27.65386],[-70.36927,-27.67001],[-70.33886,-27.69422],[-70.35723,-27.72734],[-70.31695,-27.78154],[-70.32372,-27.81651],[-70.29262,-27.83583],[-70.29835,-27.86346],[-70.28323,-27.88316],[-70.22543,-27.87741],[-70.18961,-27.90538],[-70.17887,-27.94857],[-70.11848,-27.99877],[-70.1233,-28.02633],[-70.09954,-28.02972],[-70.11322,-28.0413],[-70.09285,-28.06051],[-70.10432,-28.08093],[-70.05183,-28.08787],[-70.07425,-28.14826],[-70.10981,-28.14842],[-70.14273,-28.16953],[-70.2244,-28.1844],[-70.22621,-28.1473],[-70.28451,-28.13055],[-70.35767,-28.16192],[-70.43105,-28.16451],[-70.48974,-28.14343],[-70.55388,-28.08687],[-70.63646,-28.05138],[-70.69982,-28.04735],[-70.7456,-28.01008],[-70.77628,-28.07062],[-70.82885,-28.07035],[-70.85095,-28.08914],[-70.87925,-28.06609],[-70.97152,-28.06487],[-70.97704,-28.02973],[-71.03077,-27.99584],[-71.10423,-27.99529],[-71.14152,-27.95115],[-71.1043,-27.89343],[-71.11205,-27.85739],[-71.08422,-27.82707],[-71.08327,-27.78492],[-71.03557,-27.73277],[-71.05063,-27.68828],[-71.03182,-27.65881],[-71.0011,-27.69032],[-70.97689,-27.66682]]]}},{"type":"Feature","properties":{"comuna":"Caldera","region":"Región de Atacama","codregion":3},"geometry":{"type":"MultiPolygon","coordinates":[[[[-70.72341,-26.6429],[-70.6573,-26.66611],[-70.65086,-26.69076],[-70.61796,-26.68943],[-70.59729,-26.71551],[-70.53221,-26.72149],[-70.40514,-26.77978],[-70.32016,-26.87405],[-70.27295,-26.89068],[-70.24473,-26.94057],[-70.3396,-27.06193],[-70.3816,-27.08519],[-70.41654,-27.07204],[-70.60506,-27.18389],[-70.76251,-27.32856],[-70.73628,-27.41462],[-70.75726,-27.74141],[-70.7297,-27.76327],[-70.75738,-27.81771],[-70.80642,-27.80488],[-70.88813,-27.8372],[-70.93114,-27.80024],[-70.92208,-27.74551],[-70.97689,-27.66682],[-70.9445,-27.66611],[-70.93418,-27.63969],[-70.91364,-27.64226],[-70.89815,-27.6208],[-70.90796,-27.55444],[-70.89026,-27.51973],[-70.90057,-27.51228],[-70.88449,-27.50564],[-70.90001,-27.46303],[-70.92716,-27.44199],[-70.93456,-27.39888],[-70.96714,-27.37094],[-70.93094,-27.31217],[-70.95927,-27.27082],[-70.94702,-27.21873],[-70.97198,-27.19335],[-70.97336,-27.1686],[-70.93545,-27.10941],[-70.89722,-27.1432],[-70.86313,-27.12976],[-70.85199,-27.10838],[-70.86564,-27.0819],[-70.84723,-27.09159],[-70.84133,-27.08023],[-70.85559,-27.07305],[-70.85268,-27.05111],[-70.82609,-27.06609],[-70.80852,-27.05642],[-70.82433,-27.03515],[-70.78895,-26.9889],[-70.81236,-26.9589],[-70.79867,-26.94409],[-70.81936,-26.91529],[-70.81304,-26.89803],[-70.83399,-26.87835],[-70.81153,-26.8672],[-70.82277,-26.85757],[-70.79798,-26.83703],[-70.78115,-26.77645],[-70.73813,-26.75662],[-70.75816,-26.71029],[-70.72684,-26.68796],[-70.72341,-26.6429]]]]}},{"type":"Feature","properties":{"comuna":"Chañaral","region":"Región de Atacama","codregion":3},"geometry":{"type":"MultiPolygon","coordinates":[[[[-70.6573,-26.06101],[-70.61464,-26.05817],[-70.60516,-26.00413],[-70.52622,-26.00961],[-70.48321,-25.9679],[-70.42014,-25.95336],[-70.39319,-25.92879],[-70.32433,-25.9311],[-70.30103,-25.89617],[-70.2734,-25.90854],[-70.26478,-25.93078],[-70.23995,-25.9162],[-70.19965,-25.94178],[-70.07874,-25.95256],[-70.07594,-25.96502],[-70.02297,-25.91988],[-69.95821,-25.90138],[-69.9077,-25.89461],[-69.88168,-25.91358],[-69.89895,-25.96557],[-69.93063,-25.9784],[-69.9128,-25.97489],[-69.96863,-26.06514],[-69.98616,-26.15436],[-70.03188,-26.1649],[-70.05089,-26.20663],[-70.16962,-26.28553],[-70.2026,-26.36241],[-70.19511,-26.39015],[-70.2093,-26.4136],[-70.10481,-26.46088],[-70.1083,-26.4953],[-70.03852,-26.57201],[-70.04239,-26.62409],[-70.08008,-26.65],[-70.06131,-26.69322],[-70.10202,-26.78408],[-70.05259,-26.787],[-70.02547,-26.8098],[-70.05179,-26.85646],[-70.09802,-26.87657],[-70.14037,-26.86837],[-70.25841,-26.95909],[-70.24473,-26.94057],[-70.25109,-26.91382],[-70.29446,-26.87649],[-70.32016,-26.87405],[-70.40514,-26.77978],[-70.53221,-26.72149],[-70.59729,-26.71551],[-70.61796,-26.68943],[-70.65086,-26.69076],[-70.6573,-26.66611],[-70.72341,-26.6429],[-70.70321,-26.57394],[-70.68174,-26.56621],[-70.71046,-26.52782],[-70.68672,-26.46422],[-70.69914,-26.39133],[-70.67186,-26.39035],[-70.65925,-26.36207],[-70.62775,-26.3473],[-70.64063,-26.30832],[-70.67509,-26.29341],[-70.64695,-26.25516],[-70.67342,-26.20399],[-70.65627,-26.18497],[-70.67347,-26.16684],[-70.67175,-26.14307],[-70.6534,-26.13067],[-70.6573,-26.06101]]]]}},{"type":"Feature","properties":{"comuna":"Tierra Amarilla","region":"Región de Atacama","codregion":3},"geometry":{"type":"Polygon","coordinates":[[[-69.68722,-28.59126],[-69.72337,-28.57813],[-69.75035,-28.6306],[-69.80289,-28.64339],[-69.92648,-28.60705],[-69.96148,-28.57801],[-70.00974,-28.58419],[-70.03092,-28.55786],[-70.00318,-28.51292],[-70.02986,-28.45333],[-70.02152,-28.40765],[-70.05187,-28.34387],[-70.02766,-28.27683],[-70.08682,-28.22072],[-70.08921,-28.19008],[-70.05183,-28.08787],[-70.10432,-28.08093],[-70.09285,-28.06051],[-70.11322,-28.0413],[-70.09954,-28.02972],[-70.1233,-28.02633],[-70.11848,-27.99877],[-70.17887,-27.94857],[-70.18961,-27.90538],[-70.22543,-27.87741],[-70.26793,-27.88764],[-70.29756,-27.8654],[-70.29168,-27.83774],[-70.32372,-27.81651],[-70.31695,-27.78154],[-70.35723,-27.72734],[-70.33868,-27.69549],[-70.36927,-27.67001],[-70.35998,-27.65386],[-70.38184,-27.59125],[-70.37282,-27.5463],[-70.33416,-27.49027],[-70.33682,-27.47006],[-70.22018,-27.40862],[-70.14671,-27.50136],[-70.08858,-27.51417],[-70.05919,-27.54281],[-69.95797,-27.50283],[-69.9338,-27.5279],[-69.89117,-27.53743],[-69.8794,-27.56348],[-69.89815,-27.60598],[-69.78269,-27.61087],[-69.73489,-27.63631],[-69.67574,-27.58507],[-69.63882,-27.62395],[-69.61397,-27.6236],[-69.58506,-27.60685],[-69.52214,-27.51768],[-69.5287,-27.48573],[-69.51221,-27.46831],[-69.52396,-27.44241],[-69.49535,-27.39121],[-69.507,-27.34947],[-69.47926,-27.32947],[-69.3785,-27.17889],[-69.34428,-27.16166],[-69.25595,-27.17126],[-69.21334,-27.15811],[-69.19166,-27.16955],[-69.1765,-27.22764],[-69.1482,-27.24816],[-69.12521,-27.32361],[-69.06874,-27.3686],[-69.08578,-27.4341],[-69.00702,-27.48521],[-68.97525,-27.55953],[-69.03955,-27.59495],[-69.0517,-27.61672],[-69.05976,-27.66381],[-69.04379,-27.69579],[-69.0898,-27.72149],[-69.08963,-27.78634],[-69.11049,-27.8518],[-69.1323,-27.87324],[-69.12143,-27.89842],[-69.17351,-27.9719],[-69.23794,-27.96699],[-69.25169,-28.00487],[-69.26879,-28.01183],[-69.26368,-28.04742],[-69.30133,-28.07164],[-69.30769,-28.12935],[-69.3364,-28.16458],[-69.38328,-28.1842],[-69.39105,-28.22657],[-69.45702,-28.1842],[-69.47866,-28.20688],[-69.47504,-28.23814],[-69.50287,-28.26578],[-69.52407,-28.3305],[-69.58222,-28.35288],[-69.59699,-28.39241],[-69.6287,-28.37873],[-69.62996,-28.39401],[-69.64949,-28.3963],[-69.65593,-28.41517],[-69.63382,-28.4308],[-69.68073,-28.47088],[-69.65054,-28.53892],[-69.66952,-28.55461],[-69.66195,-28.58355],[-69.68722,-28.59126]]]}},{"type":"Feature","properties":{"comuna":"Diego de Almagro","region":"Región de Atacama","codregion":3},"geometry":{"type":"Polygon","coordinates":[[[-68.66398,-25.31221],[-68.59991,-25.29334],[-68.59453,-25.30293],[-68.57872,-25.28584],[-68.52129,-25.32963],[-68.52427,-25.37895],[-68.57073,-25.41779],[-68.59032,-25.41565],[-68.58949,-25.44836],[-68.5711,-25.49862],[-68.5389,-25.50922],[-68.54298,-25.54921],[-68.51915,-25.57309],[-68.54584,-25.63101],[-68.47686,-25.70249],[-68.38107,-26.1779],[-68.55744,-26.2865],[-68.58801,-26.49206],[-68.36722,-26.79634],[-68.4982,-26.80781],[-68.58549,-26.76336],[-68.64136,-26.81187],[-68.68191,-26.78882],[-68.73433,-26.80143],[-68.74477,-26.78225],[-68.80047,-26.76604],[-68.83416,-26.86055],[-68.84946,-26.86201],[-68.85677,-26.81613],[-68.96734,-26.82244],[-69.06162,-26.77383],[-69.19218,-26.78672],[-69.21083,-26.74838],[-69.25032,-26.73603],[-69.26458,-26.67332],[-69.36265,-26.66493],[-69.43034,-26.71335],[-69.49821,-26.70883],[-69.51212,-26.75667],[-69.56679,-26.83239],[-69.57574,-26.89414],[-69.59974,-26.89661],[-69.61928,-26.87693],[-69.65441,-26.88298],[-69.6592,-26.83426],[-69.73478,-26.79704],[-69.75738,-26.85182],[-69.8662,-26.88018],[-69.87606,-26.92149],[-69.95768,-26.90276],[-69.94028,-26.86886],[-69.95965,-26.84266],[-69.97514,-26.85543],[-69.98487,-26.8436],[-70.04086,-26.84533],[-70.02307,-26.82565],[-70.0273,-26.80771],[-70.05259,-26.787],[-70.10202,-26.78408],[-70.06131,-26.69322],[-70.08008,-26.65],[-70.04239,-26.62409],[-70.03852,-26.57201],[-70.1083,-26.4953],[-70.10481,-26.46088],[-70.2093,-26.4136],[-70.19511,-26.39015],[-70.2026,-26.36241],[-70.16962,-26.28553],[-70.05089,-26.20663],[-70.03188,-26.1649],[-69.98616,-26.15436],[-69.96863,-26.06514],[-69.9128,-25.97489],[-69.93063,-25.9784],[-69.89895,-25.96557],[-69.88168,-25.91358],[-69.8543,-25.94527],[-69.81936,-25.9239],[-69.75655,-25.91736],[-69.67466,-25.94299],[-69.51211,-25.95121],[-69.50283,-25.91508],[-69.45094,-25.8932],[-69.44036,-25.86018],[-69.38148,-25.88011],[-69.27376,-25.85687],[-69.26795,-25.86647],[-69.17136,-25.81645],[-69.09824,-25.80176],[-69.08013,-25.74442],[-69.0583,-25.72834],[-69.09472,-25.71996],[-69.0508,-25.6364],[-69.07053,-25.58581],[-69.08482,-25.58411],[-69.0573,-25.56959],[-69.02267,-25.50881],[-68.99583,-25.5055],[-69.00281,-25.46179],[-69.03586,-25.44226],[-68.99013,-25.40479],[-68.98742,-25.37685],[-68.96117,-25.3904],[-68.82175,-25.37017],[-68.78276,-25.40296],[-68.68224,-25.36925],[-68.66398,-25.31221]]]}},{"type":"Feature","properties":{"comuna":"Vallenar","region":"Región de Atacama","codregion":3},"geometry":{"type":"Polygon","coordinates":[[[-70.07425,-28.14826],[-70.08682,-28.22072],[-70.02766,-28.27683],[-70.05187,-28.34387],[-70.02152,-28.40765],[-70.02986,-28.45333],[-70.00318,-28.51292],[-70.03202,-28.55561],[-70.01254,-28.58028],[-70.01999,-28.5976],[-70.0499,-28.60431],[-70.06918,-28.63898],[-70.12238,-28.57956],[-70.16369,-28.58391],[-70.24833,-28.67748],[-70.31307,-28.71017],[-70.32752,-28.66749],[-70.34638,-28.66709],[-70.38309,-28.6311],[-70.42404,-28.66226],[-70.50285,-28.60952],[-70.5429,-28.64243],[-70.58623,-28.64041],[-70.61856,-28.69277],[-70.60108,-28.71968],[-70.57567,-28.71688],[-70.53423,-28.79143],[-70.5761,-28.82233],[-70.58523,-28.86121],[-70.56732,-28.88247],[-70.54984,-28.87776],[-70.50122,-28.90583],[-70.49834,-28.94541],[-70.51555,-28.96719],[-70.49865,-28.99095],[-70.53452,-29.03466],[-70.53466,-29.06304],[-70.55039,-29.04472],[-70.5751,-29.0536],[-70.6463,-29.03956],[-70.65215,-29.05702],[-70.72421,-29.05747],[-70.71561,-29.08422],[-70.7317,-29.1049],[-70.80211,-29.13895],[-70.86735,-29.14466],[-70.90714,-29.13049],[-70.97422,-29.17749],[-71.00836,-29.31893],[-71.05977,-29.35664],[-71.09412,-29.35548],[-71.08575,-29.30634],[-71.18344,-29.28394],[-71.20045,-29.18567],[-71.10722,-29.16657],[-71.07317,-29.19173],[-70.99927,-29.1243],[-70.99286,-29.10338],[-71.02056,-29.00797],[-71.05204,-28.96247],[-71.04505,-28.92042],[-71.07144,-28.88698],[-70.97813,-28.76316],[-70.98221,-28.73817],[-71.0707,-28.73913],[-71.09177,-28.68199],[-71.08689,-28.66446],[-71.03652,-28.64727],[-70.96247,-28.66569],[-70.93613,-28.58728],[-70.91956,-28.57614],[-70.91269,-28.51067],[-70.88509,-28.46586],[-70.86447,-28.4684],[-70.84059,-28.4433],[-70.84459,-28.4027],[-70.81215,-28.38004],[-70.81425,-28.32798],[-70.77324,-28.33788],[-70.77092,-28.05936],[-70.7456,-28.01008],[-70.69982,-28.04735],[-70.63646,-28.05138],[-70.55388,-28.08687],[-70.48974,-28.14343],[-70.43105,-28.16451],[-70.35767,-28.16192],[-70.28451,-28.13055],[-70.22621,-28.1473],[-70.2244,-28.1844],[-70.07425,-28.14826]]]}},{"type":"Feature","properties":{"comuna":"Andacollo","region":"Región de Coquimbo","codregion":4},"geometry":{"type":"Polygon","coordinates":[[[-71.07389,-30.13435],[-71.02055,-30.18174],[-71.0167,-30.196],[-71.03678,-30.21061],[-71.01863,-30.25726],[-70.93282,-30.23863],[-70.90581,-30.28957],[-70.94614,-30.31398],[-70.9909,-30.28003],[-71.00648,-30.28516],[-71.0792,-30.36615],[-71.06551,-30.3866],[-71.15802,-30.40419],[-71.1638,-30.38223],[-71.20868,-30.35368],[-71.22054,-30.31294],[-71.21203,-30.25828],[-71.1804,-30.25057],[-71.18215,-30.21217],[-71.21462,-30.14623],[-71.1266,-30.10946],[-71.07389,-30.13435]]]}},{"type":"Feature","properties":{"comuna":"Los Vilos","region":"Región de Coquimbo","codregion":4},"geometry":{"type":"MultiPolygon","coordinates":[[[[-71.542,-31.72716],[-71.49797,-31.71756],[-71.49059,-31.68346],[-71.47289,-31.67729],[-71.44023,-31.72381],[-71.40312,-31.73142],[-71.39475,-31.77832],[-71.37561,-31.7865],[-71.32701,-31.75708],[-71.28251,-31.78744],[-71.26904,-31.81639],[-71.23365,-31.83015],[-71.17553,-31.89844],[-71.10634,-31.8785],[-71.08044,-31.90388],[-71.03619,-31.9075],[-70.96859,-31.95079],[-70.97582,-32.04334],[-71.04007,-32.03216],[-71.03144,-32.07403],[-71.18113,-32.17103],[-71.22083,-32.12733],[-71.25488,-32.17151],[-71.33734,-32.20276],[-71.42252,-32.18639],[-71.4777,-32.15504],[-71.50321,-32.18093],[-71.54043,-32.17809],[-71.52774,-32.15447],[-71.53757,-32.13644],[-71.51269,-32.1213],[-71.53134,-32.10678],[-71.5275,-32.03787],[-71.51009,-32.02303],[-71.5237,-32.0041],[-71.49068,-31.96832],[-71.50349,-31.9486],[-71.52675,-31.94996],[-71.5172,-31.9093],[-71.49597,-31.89735],[-71.50059,-31.87088],[-71.5184,-31.84987],[-71.55837,-31.8533],[-71.50587,-31.7758],[-71.50845,-31.75788],[-71.54615,-31.73878],[-71.542,-31.72716]]]]}},{"type":"Feature","properties":{"comuna":"Canela","region":"Región de Coquimbo","codregion":4},"geometry":{"type":"Polygon","coordinates":[[[-71.64115,-31.21624],[-71.57929,-31.16132],[-71.54899,-31.18619],[-71.53664,-31.17237],[-71.48635,-31.18922],[-71.46942,-31.15741],[-71.43988,-31.1771],[-71.41905,-31.15695],[-71.38947,-31.16407],[-71.29722,-31.14187],[-71.27865,-31.19001],[-71.1933,-31.18509],[-71.13967,-31.20479],[-71.1231,-31.22768],[-71.13022,-31.24772],[-71.09308,-31.28567],[-71.08599,-31.32766],[-71.13091,-31.33993],[-71.14516,-31.424],[-71.16949,-31.42169],[-71.20013,-31.46422],[-71.23059,-31.44078],[-71.28045,-31.4585],[-71.29811,-31.48511],[-71.2803,-31.51048],[-71.25515,-31.50513],[-71.24646,-31.52192],[-71.24173,-31.56452],[-71.25877,-31.57704],[-71.24064,-31.60119],[-71.32797,-31.61477],[-71.39638,-31.60602],[-71.39659,-31.65643],[-71.3262,-31.71684],[-71.32701,-31.75708],[-71.34292,-31.77108],[-71.38727,-31.78361],[-71.40312,-31.73142],[-71.44023,-31.72381],[-71.48142,-31.67447],[-71.49797,-31.71756],[-71.542,-31.72716],[-71.55224,-31.64221],[-71.58141,-31.59472],[-71.56955,-31.50027],[-71.60049,-31.43456],[-71.59313,-31.42335],[-71.6178,-31.39504],[-71.6148,-31.32635],[-71.63795,-31.30145],[-71.64115,-31.21624]]]}},{"type":"Feature","properties":{"comuna":"Ovalle","region":"Región de Coquimbo","codregion":4},"geometry":{"type":"Polygon","coordinates":[[[-71.66958,-30.34538],[-71.61977,-30.34621],[-71.60315,-30.38375],[-71.5555,-30.4112],[-71.48068,-30.41682],[-71.48223,-30.47151],[-71.46153,-30.46735],[-71.44707,-30.49477],[-71.42901,-30.49674],[-71.39705,-30.47588],[-71.37172,-30.51839],[-71.35618,-30.50982],[-71.36632,-30.47497],[-71.33835,-30.45467],[-71.32311,-30.41139],[-71.28448,-30.40716],[-71.29284,-30.32923],[-71.22306,-30.31222],[-71.20803,-30.32453],[-71.20868,-30.35368],[-71.1638,-30.38223],[-71.16126,-30.40296],[-71.06551,-30.3866],[-71.05253,-30.43558],[-71.07689,-30.46144],[-71.02221,-30.54901],[-70.93685,-30.53461],[-70.93385,-30.51406],[-70.90474,-30.50046],[-70.85267,-30.53822],[-70.89796,-30.57809],[-70.95633,-30.58384],[-70.99133,-30.6498],[-71.03171,-30.64709],[-71.02884,-30.70464],[-71.11518,-30.77929],[-71.16134,-30.76515],[-71.2099,-30.78348],[-71.26495,-30.74345],[-71.26029,-30.70886],[-71.31424,-30.76372],[-71.36233,-30.77771],[-71.38723,-30.75591],[-71.37394,-30.88946],[-71.46497,-30.91726],[-71.48636,-30.89747],[-71.51857,-30.89983],[-71.53846,-30.9324],[-71.51508,-30.93815],[-71.52291,-30.96333],[-71.55094,-30.98025],[-71.52653,-31.01445],[-71.54804,-31.05467],[-71.50371,-31.06069],[-71.49237,-31.07932],[-71.46686,-31.137],[-71.47644,-31.17507],[-71.48635,-31.18922],[-71.53664,-31.17237],[-71.54899,-31.18619],[-71.57929,-31.16132],[-71.64115,-31.21624],[-71.67025,-31.14501],[-71.6503,-31.10749],[-71.66479,-31.04028],[-71.64577,-31.01147],[-71.64925,-30.97879],[-71.6835,-30.9215],[-71.68223,-30.86956],[-71.70771,-30.79077],[-71.69857,-30.73177],[-71.71505,-30.71585],[-71.6977,-30.69973],[-71.71745,-30.6017],[-71.69408,-30.54332],[-71.69029,-30.4046],[-71.66958,-30.34538]]]}},{"type":"Feature","properties":{"comuna":"Coquimbo","region":"Región de Coquimbo","codregion":4},"geometry":{"type":"Polygon","coordinates":[[[-71.28772,-29.94153],[-71.24121,-29.95381],[-71.23221,-29.98299],[-71.2078,-29.99781],[-71.16822,-29.99711],[-71.14445,-30.02032],[-71.15246,-30.07841],[-71.11282,-30.07007],[-71.11124,-30.08689],[-71.14629,-30.12475],[-71.21462,-30.14623],[-71.18215,-30.21217],[-71.1804,-30.25057],[-71.21203,-30.25828],[-71.22054,-30.31294],[-71.29284,-30.32923],[-71.28448,-30.40716],[-71.32311,-30.41139],[-71.33835,-30.45467],[-71.36632,-30.47497],[-71.35618,-30.50982],[-71.37726,-30.51856],[-71.39705,-30.47588],[-71.42901,-30.49674],[-71.44707,-30.49477],[-71.46153,-30.46735],[-71.48223,-30.47151],[-71.48068,-30.41682],[-71.5555,-30.4112],[-71.60315,-30.38375],[-71.61977,-30.34621],[-71.66958,-30.34538],[-71.66726,-30.31086],[-71.62696,-30.23755],[-71.6074,-30.29833],[-71.54548,-30.29857],[-71.50044,-30.27512],[-71.49507,-30.25985],[-71.50903,-30.25401],[-71.47977,-30.24494],[-71.4827,-30.21075],[-71.44953,-30.16635],[-71.42997,-30.19563],[-71.39317,-30.18142],[-71.37367,-30.15003],[-71.38583,-30.09972],[-71.37135,-30.07843],[-71.38853,-30.02219],[-71.41677,-29.9993],[-71.38737,-29.99366],[-71.37221,-29.96689],[-71.36608,-29.98311],[-71.35073,-29.98017],[-71.36496,-29.95253],[-71.34266,-29.93367],[-71.33073,-29.9596],[-71.28772,-29.94153]]]}},{"type":"Feature","properties":{"comuna":"La Serena","region":"Región de Coquimbo","codregion":4},"geometry":{"type":"Polygon","coordinates":[[[-71.31215,-29.65038],[-71.27809,-29.69308],[-71.26671,-29.67005],[-71.18784,-29.65434],[-71.14046,-29.61572],[-71.10242,-29.61455],[-71.07198,-29.5795],[-71.01998,-29.56339],[-70.9938,-29.59996],[-70.96787,-29.59915],[-70.88491,-29.53675],[-70.86621,-29.55968],[-70.85025,-29.55405],[-70.79637,-29.62139],[-70.7098,-29.63065],[-70.6848,-29.68903],[-70.77858,-29.6953],[-70.84582,-29.73219],[-70.84843,-29.76198],[-70.89012,-29.79889],[-70.90016,-29.83299],[-70.98554,-29.86213],[-70.97669,-29.87651],[-70.99728,-29.89337],[-70.97913,-29.9201],[-71.00857,-29.9664],[-71.00775,-30.03118],[-71.0532,-30.12863],[-71.07849,-30.13728],[-71.1266,-30.10946],[-71.11282,-30.07007],[-71.15246,-30.07841],[-71.14925,-30.01333],[-71.23221,-29.98299],[-71.24411,-29.95188],[-71.28662,-29.94923],[-71.27309,-29.89356],[-71.28086,-29.83725],[-71.31155,-29.81937],[-71.31871,-29.77973],[-71.34519,-29.75602],[-71.32657,-29.73374],[-71.31215,-29.65038]]]}},{"type":"Feature","properties":{"comuna":"Combarbalá","region":"Región de Coquimbo","codregion":4},"geometry":{"type":"Polygon","coordinates":[[[-70.90338,-31.35403],[-70.92018,-31.32348],[-70.94753,-31.3223],[-71.00764,-31.35011],[-71.03023,-31.38517],[-71.04919,-31.38385],[-71.08547,-31.34442],[-71.09262,-31.2868],[-71.12341,-31.26059],[-71.13967,-31.20479],[-71.19963,-31.1839],[-71.25387,-31.1965],[-71.28773,-31.18095],[-71.2917,-31.14439],[-71.25897,-31.0803],[-71.27726,-31.06678],[-71.26267,-31.0441],[-71.28639,-30.96765],[-71.23414,-30.94632],[-71.2298,-30.92012],[-71.17706,-30.8914],[-71.18645,-30.86687],[-71.10571,-30.84338],[-71.09553,-30.89108],[-71.0691,-30.91046],[-71.05748,-30.94601],[-71.03087,-30.91555],[-70.96679,-30.96815],[-70.88822,-30.97588],[-70.89233,-30.99769],[-70.86888,-30.9965],[-70.8615,-30.97321],[-70.83599,-30.97568],[-70.80059,-31.06102],[-70.77154,-31.07778],[-70.77695,-31.09297],[-70.70593,-31.11601],[-70.65069,-31.16265],[-70.62758,-31.15642],[-70.59494,-31.262],[-70.60728,-31.3007],[-70.70298,-31.34529],[-70.7157,-31.31388],[-70.73007,-31.31362],[-70.80718,-31.38316],[-70.80268,-31.41487],[-70.83264,-31.41915],[-70.84018,-31.4347],[-70.88843,-31.40659],[-70.88678,-31.35812],[-70.90338,-31.35403]]]}},{"type":"Feature","properties":{"comuna":"Punitaqui","region":"Región de Coquimbo","codregion":4},"geometry":{"type":"Polygon","coordinates":[[[-71.11674,-30.77992],[-71.09299,-30.80761],[-71.01971,-30.79762],[-71.02326,-30.84172],[-71.0368,-30.85928],[-71.05867,-30.85394],[-71.09269,-30.87269],[-71.11078,-30.84229],[-71.1485,-30.8656],[-71.18645,-30.86687],[-71.17706,-30.8914],[-71.2298,-30.92012],[-71.23414,-30.94632],[-71.28639,-30.96765],[-71.26267,-31.0441],[-71.27726,-31.06678],[-71.25897,-31.0803],[-71.27878,-31.13837],[-71.38947,-31.16407],[-71.41905,-31.15695],[-71.43988,-31.1771],[-71.46702,-31.16009],[-71.50371,-31.06069],[-71.54804,-31.05467],[-71.52653,-31.01445],[-71.55094,-30.98025],[-71.52291,-30.96333],[-71.51508,-30.93815],[-71.53846,-30.9324],[-71.51857,-30.89983],[-71.48636,-30.89747],[-71.46497,-30.91726],[-71.37394,-30.88946],[-71.38791,-30.75662],[-71.36233,-30.77771],[-71.31424,-30.76372],[-71.26029,-30.70886],[-71.26495,-30.74345],[-71.2099,-30.78348],[-71.16134,-30.76515],[-71.11674,-30.77992]]]}},{"type":"Feature","properties":{"comuna":"Paihuano","region":"Región de Coquimbo","codregion":4},"geometry":{"type":"Polygon","coordinates":[[[-70.15477,-30.34777],[-70.11722,-30.43182],[-70.13602,-30.45954],[-70.19517,-30.49236],[-70.29037,-30.46881],[-70.28045,-30.4472],[-70.31382,-30.41514],[-70.34282,-30.4073],[-70.39846,-30.45168],[-70.44961,-30.39455],[-70.48586,-30.39513],[-70.48111,-30.35503],[-70.5254,-30.32949],[-70.547,-30.2712],[-70.53692,-30.25744],[-70.57649,-30.19399],[-70.55048,-30.18326],[-70.56528,-30.12466],[-70.54599,-30.08185],[-70.56731,-30.03506],[-70.54768,-29.98337],[-70.48492,-29.98836],[-70.45917,-29.96445],[-70.42633,-29.98378],[-70.34195,-29.96923],[-70.33593,-30.02166],[-70.29033,-30.04041],[-70.31922,-30.11241],[-70.29857,-30.11561],[-70.26726,-30.16283],[-70.26992,-30.19304],[-70.22408,-30.20253],[-70.19363,-30.30662],[-70.15477,-30.34777]]]}},{"type":"Feature","properties":{"comuna":"Illapel","region":"Región de Coquimbo","codregion":4},"geometry":{"type":"Polygon","coordinates":[[[-70.54524,-31.30754],[-70.527,-31.36496],[-70.53358,-31.4094],[-70.56001,-31.42077],[-70.54785,-31.43552],[-70.56922,-31.4728],[-70.55194,-31.51149],[-70.56263,-31.56177],[-70.62225,-31.53847],[-70.65026,-31.61449],[-70.71117,-31.63947],[-70.75943,-31.61575],[-70.8088,-31.63638],[-70.85342,-31.63205],[-70.91251,-31.66841],[-70.94222,-31.65923],[-70.96164,-31.67824],[-70.99789,-31.6568],[-71.02704,-31.66619],[-71.02628,-31.68792],[-71.0652,-31.69841],[-71.09723,-31.73392],[-71.0904,-31.88069],[-71.17553,-31.89844],[-71.23365,-31.83015],[-71.32322,-31.7653],[-71.32979,-31.70877],[-71.39659,-31.65643],[-71.39118,-31.60408],[-71.32797,-31.61477],[-71.24275,-31.60378],[-71.25877,-31.57704],[-71.24173,-31.56452],[-71.24646,-31.52192],[-71.25515,-31.50513],[-71.2803,-31.51048],[-71.29575,-31.49446],[-71.29286,-31.4711],[-71.23059,-31.44078],[-71.20013,-31.46422],[-71.16949,-31.42169],[-71.14516,-31.424],[-71.12454,-31.3348],[-71.08808,-31.33301],[-71.05518,-31.37943],[-71.03023,-31.38517],[-70.97982,-31.33158],[-70.92274,-31.32203],[-70.88678,-31.35812],[-70.88843,-31.40659],[-70.84018,-31.4347],[-70.83264,-31.41915],[-70.80268,-31.41487],[-70.80718,-31.38316],[-70.73007,-31.31362],[-70.7157,-31.31388],[-70.70298,-31.34529],[-70.65044,-31.32724],[-70.59271,-31.27855],[-70.54524,-31.30754]]]}},{"type":"Feature","properties":{"comuna":"La Higuera","region":"Región de Coquimbo","codregion":4},"geometry":{"type":"MultiPolygon","coordinates":[[[[-71.4975,-29.18315],[-71.41517,-29.18426],[-71.35154,-29.14151],[-71.28225,-29.18688],[-71.20009,-29.18557],[-71.18344,-29.28394],[-71.08575,-29.30634],[-71.09412,-29.35548],[-71.05977,-29.35664],[-71.00836,-29.31893],[-70.97422,-29.17749],[-70.90714,-29.13049],[-70.86735,-29.14466],[-70.80211,-29.13895],[-70.7317,-29.1049],[-70.71561,-29.08422],[-70.72421,-29.05747],[-70.65215,-29.05702],[-70.6463,-29.03956],[-70.5751,-29.0536],[-70.55367,-29.0442],[-70.53438,-29.06163],[-70.53228,-29.12851],[-70.49421,-29.16172],[-70.49414,-29.2176],[-70.46848,-29.23793],[-70.46321,-29.26466],[-70.48049,-29.28695],[-70.44465,-29.32681],[-70.46981,-29.35924],[-70.52312,-29.36435],[-70.54646,-29.40179],[-70.52428,-29.49596],[-70.55458,-29.56146],[-70.54296,-29.57137],[-70.55062,-29.59477],[-70.57955,-29.61912],[-70.57435,-29.64497],[-70.58911,-29.66228],[-70.57252,-29.69555],[-70.59441,-29.71754],[-70.62522,-29.69025],[-70.6848,-29.68903],[-70.71129,-29.6297],[-70.79637,-29.62139],[-70.85025,-29.55405],[-70.86621,-29.55968],[-70.88491,-29.53675],[-70.96787,-29.59915],[-70.9938,-29.59996],[-71.01998,-29.56339],[-71.07139,-29.57927],[-71.10242,-29.61455],[-71.14046,-29.61572],[-71.18784,-29.65434],[-71.26931,-29.67122],[-71.28382,-29.69243],[-71.31956,-29.64635],[-71.28772,-29.62198],[-71.28879,-29.60663],[-71.33463,-29.55469],[-71.336,-29.49124],[-71.31699,-29.48882],[-71.31596,-29.44987],[-71.30354,-29.44954],[-71.30784,-29.41831],[-71.32443,-29.42238],[-71.32479,-29.4028],[-71.34007,-29.40137],[-71.32669,-29.3466],[-71.40768,-29.2724],[-71.46915,-29.24915],[-71.46479,-29.22471],[-71.4975,-29.18315]]]]}},{"type":"Feature","properties":{"comuna":"Monte Patria","region":"Región de Coquimbo","codregion":4},"geometry":{"type":"Polygon","coordinates":[[[-70.54524,-31.30754],[-70.60173,-31.26998],[-70.60652,-31.20073],[-70.62872,-31.15451],[-70.65069,-31.16265],[-70.70593,-31.11601],[-70.77695,-31.09297],[-70.77154,-31.07778],[-70.80059,-31.06102],[-70.83599,-30.97568],[-70.8615,-30.97321],[-70.86888,-30.9965],[-70.89233,-30.99769],[-70.88822,-30.97588],[-70.96679,-30.96815],[-71.03087,-30.91555],[-71.05748,-30.94601],[-71.0691,-30.91046],[-71.09553,-30.89108],[-71.08496,-30.86668],[-71.0368,-30.85928],[-71.01882,-30.79823],[-71.09299,-30.80761],[-71.11674,-30.77992],[-71.02884,-30.70464],[-71.04034,-30.65561],[-71.02459,-30.6419],[-70.99133,-30.6498],[-70.95633,-30.58384],[-70.89796,-30.57809],[-70.87537,-30.54658],[-70.79438,-30.5204],[-70.73566,-30.52555],[-70.69727,-30.49132],[-70.65069,-30.51072],[-70.57593,-30.49702],[-70.53734,-30.5242],[-70.54557,-30.53434],[-70.52271,-30.56132],[-70.45682,-30.55771],[-70.41368,-30.63551],[-70.34376,-30.65951],[-70.3309,-30.6776],[-70.25724,-30.69477],[-70.24558,-30.72846],[-70.28835,-30.78824],[-70.27979,-30.83118],[-70.32311,-30.92974],[-70.29301,-30.97058],[-70.29803,-31.01994],[-70.27717,-31.02114],[-70.26953,-31.04385],[-70.3218,-31.04321],[-70.36865,-31.11143],[-70.36079,-31.13522],[-70.3999,-31.16782],[-70.45189,-31.08597],[-70.49661,-31.12209],[-70.52423,-31.18892],[-70.51347,-31.19662],[-70.51527,-31.23187],[-70.53186,-31.24595],[-70.52654,-31.27812],[-70.54524,-31.30754]]]}},{"type":"Feature","properties":{"comuna":"Río Hurtado","region":"Región de Coquimbo","codregion":4},"geometry":{"type":"Polygon","coordinates":[[[-70.25724,-30.69477],[-70.3309,-30.6776],[-70.34376,-30.65951],[-70.41368,-30.63551],[-70.45682,-30.55771],[-70.52271,-30.56132],[-70.54557,-30.53434],[-70.53734,-30.5242],[-70.57593,-30.49702],[-70.65069,-30.51072],[-70.69727,-30.49132],[-70.73566,-30.52555],[-70.79438,-30.5204],[-70.84765,-30.54151],[-70.90474,-30.50046],[-70.93385,-30.51406],[-70.93685,-30.53461],[-71.02221,-30.54901],[-71.07689,-30.46144],[-71.05253,-30.43558],[-71.0792,-30.36615],[-71.00648,-30.28516],[-70.9909,-30.28003],[-70.94614,-30.31398],[-70.90581,-30.28957],[-70.93282,-30.23863],[-70.92424,-30.21818],[-70.90513,-30.21401],[-70.9021,-30.23339],[-70.82773,-30.25585],[-70.77448,-30.23533],[-70.71888,-30.25047],[-70.66571,-30.21626],[-70.58414,-30.23532],[-70.56561,-30.2102],[-70.53692,-30.25744],[-70.547,-30.2712],[-70.5254,-30.32949],[-70.48111,-30.35503],[-70.48586,-30.39513],[-70.44961,-30.39455],[-70.39846,-30.45168],[-70.34282,-30.4073],[-70.31382,-30.41514],[-70.28045,-30.4472],[-70.29037,-30.46881],[-70.20472,-30.48754],[-70.18168,-30.51104],[-70.19151,-30.55],[-70.2399,-30.61545],[-70.25125,-30.65105],[-70.23928,-30.66858],[-70.25724,-30.69477]]]}},{"type":"Feature","properties":{"comuna":"Salamanca","region":"Región de Coquimbo","codregion":4},"geometry":{"type":"Polygon","coordinates":[[[-70.32057,-32.26917],[-70.36094,-32.25381],[-70.41533,-32.28216],[-70.43756,-32.27052],[-70.43303,-32.22702],[-70.45438,-32.22215],[-70.45597,-32.17252],[-70.50376,-32.1711],[-70.50472,-32.15611],[-70.53243,-32.14816],[-70.5461,-32.17489],[-70.64409,-32.13941],[-70.65741,-32.09907],[-70.64722,-32.07171],[-70.65704,-32.05485],[-70.69023,-32.06327],[-70.70357,-32.0318],[-70.74021,-32.02092],[-70.77218,-32.04029],[-70.80345,-32.0345],[-70.93818,-32.07595],[-70.95241,-32.04802],[-70.97682,-32.04115],[-70.97108,-31.94646],[-71.03619,-31.9075],[-71.08044,-31.90388],[-71.09194,-31.87809],[-71.09144,-31.71889],[-71.02949,-31.69093],[-71.03372,-31.67442],[-71.00963,-31.65718],[-70.96164,-31.67824],[-70.94222,-31.65923],[-70.91251,-31.66841],[-70.85342,-31.63205],[-70.8088,-31.63638],[-70.75943,-31.61575],[-70.71117,-31.63947],[-70.65026,-31.61449],[-70.62225,-31.53847],[-70.57048,-31.55587],[-70.55836,-31.57048],[-70.5665,-31.60055],[-70.5064,-31.65251],[-70.51332,-31.68999],[-70.46671,-31.70121],[-70.45724,-31.73353],[-70.47202,-31.75909],[-70.45118,-31.80923],[-70.46062,-31.84369],[-70.3748,-31.88595],[-70.27996,-31.88394],[-70.20936,-31.96011],[-70.20819,-31.97798],[-70.25031,-31.99234],[-70.2483,-32.02359],[-70.28816,-32.05116],[-70.32897,-32.04874],[-70.3612,-32.02521],[-70.38795,-32.04346],[-70.33527,-32.06998],[-70.34912,-32.08774],[-70.34089,-32.11028],[-70.30409,-32.13596],[-70.31692,-32.17751],[-70.30086,-32.20679],[-70.32057,-32.26917]]]}},{"type":"Feature","properties":{"comuna":"Vicuña","region":"Región de Coquimbo","codregion":4},"geometry":{"type":"Polygon","coordinates":[[[-70.47469,-29.36024],[-70.4592,-29.38188],[-70.40765,-29.39907],[-70.36541,-29.36999],[-70.29784,-29.37683],[-70.2009,-29.47994],[-70.19282,-29.51868],[-70.17253,-29.52533],[-70.10486,-29.5229],[-70.0859,-29.53515],[-70.02247,-29.5197],[-69.99122,-29.49578],[-69.95164,-29.50096],[-69.95646,-29.53464],[-69.9319,-29.58399],[-69.93982,-29.65463],[-69.87764,-29.72687],[-69.91344,-29.79963],[-69.89012,-29.82204],[-69.90012,-29.844],[-69.8772,-29.86311],[-69.89651,-29.87912],[-69.88833,-29.90447],[-69.90896,-29.93543],[-69.89619,-29.93634],[-69.89891,-29.95903],[-69.92682,-30.00292],[-69.91405,-30.02552],[-69.96548,-30.08536],[-69.94521,-30.09273],[-69.93703,-30.12015],[-69.88273,-30.1092],[-69.84758,-30.13002],[-69.81785,-30.12772],[-69.80909,-30.14595],[-69.82838,-30.16159],[-69.81736,-30.17928],[-69.83559,-30.21923],[-69.86735,-30.21152],[-69.88726,-30.22322],[-69.87916,-30.25782],[-69.90767,-30.31629],[-69.89648,-30.35459],[-69.9191,-30.35054],[-69.95506,-30.38571],[-69.9945,-30.37892],[-70.02148,-30.39704],[-70.06737,-30.39295],[-70.1302,-30.34268],[-70.15855,-30.34814],[-70.19363,-30.30662],[-70.22408,-30.20253],[-70.26992,-30.19304],[-70.26726,-30.16283],[-70.29857,-30.11561],[-70.31922,-30.11241],[-70.29052,-30.03945],[-70.33593,-30.02166],[-70.34977,-29.96526],[-70.37439,-29.98404],[-70.39947,-29.97243],[-70.42633,-29.98378],[-70.44478,-29.96404],[-70.48492,-29.98836],[-70.54768,-29.98337],[-70.56731,-30.03506],[-70.54599,-30.08185],[-70.56528,-30.12466],[-70.55048,-30.18326],[-70.57649,-30.19399],[-70.58414,-30.23532],[-70.66571,-30.21626],[-70.71888,-30.25047],[-70.77448,-30.23533],[-70.82773,-30.25585],[-70.9021,-30.23339],[-70.90513,-30.21401],[-70.92688,-30.21903],[-70.93611,-30.24009],[-71.01957,-30.25626],[-71.03678,-30.21061],[-71.0167,-30.196],[-71.02055,-30.18174],[-71.07389,-30.13435],[-71.05246,-30.12753],[-71.00775,-30.03118],[-71.00857,-29.9664],[-70.97913,-29.9201],[-70.99728,-29.89337],[-70.97669,-29.87651],[-70.98554,-29.86213],[-70.90016,-29.83299],[-70.89012,-29.79889],[-70.84843,-29.76198],[-70.84582,-29.73219],[-70.77858,-29.6953],[-70.67583,-29.68383],[-70.62222,-29.69144],[-70.59535,-29.71789],[-70.5727,-29.69648],[-70.58897,-29.65801],[-70.57435,-29.64497],[-70.57955,-29.61912],[-70.55062,-29.59477],[-70.54296,-29.57137],[-70.55458,-29.56146],[-70.52428,-29.49596],[-70.54646,-29.40179],[-70.52141,-29.36335],[-70.47469,-29.36024]]]}},{"type":"Feature","properties":{"comuna":"Rinconada","region":"Región de Valparaíso","codregion":5},"geometry":{"type":"Polygon","coordinates":[[[-70.65883,-32.82556],[-70.67722,-32.90602],[-70.64924,-32.92091],[-70.65955,-32.95364],[-70.70778,-32.96053],[-70.76786,-32.82581],[-70.71291,-32.78692],[-70.7126,-32.81623],[-70.65883,-32.82556]]]}},{"type":"Feature","properties":{"comuna":"Cabildo","region":"Región de Valparaíso","codregion":5},"geometry":{"type":"Polygon","coordinates":[[[-70.41533,-32.28216],[-70.43358,-32.33603],[-70.46869,-32.33653],[-70.47603,-32.35612],[-70.6124,-32.36879],[-70.63843,-32.46043],[-70.66129,-32.46619],[-70.6956,-32.4437],[-70.71708,-32.45177],[-70.77627,-32.42967],[-70.77515,-32.44402],[-70.80221,-32.44304],[-70.84285,-32.49924],[-70.83124,-32.52782],[-70.78302,-32.54697],[-70.78298,-32.56885],[-70.81223,-32.58755],[-70.79612,-32.60558],[-70.8194,-32.62997],[-70.89338,-32.60729],[-70.98075,-32.63177],[-71.01958,-32.61321],[-71.04583,-32.63459],[-71.06499,-32.59506],[-71.04603,-32.55266],[-71.12333,-32.51892],[-71.13977,-32.49108],[-71.13441,-32.43888],[-71.09423,-32.42039],[-71.11108,-32.40261],[-71.10497,-32.36576],[-71.05645,-32.38569],[-71.0177,-32.33487],[-70.984,-32.32113],[-70.91123,-32.34068],[-70.89389,-32.31224],[-70.84082,-32.29457],[-70.82961,-32.26825],[-70.76771,-32.28508],[-70.58341,-32.25005],[-70.52435,-32.25886],[-70.45715,-32.21278],[-70.43303,-32.22702],[-70.43756,-32.27052],[-70.41533,-32.28216]]]}},{"type":"Feature","properties":{"comuna":"Petorca","region":"Región de Valparaíso","codregion":5},"geometry":{"type":"Polygon","coordinates":[[[-70.45715,-32.21278],[-70.52435,-32.25886],[-70.58341,-32.25005],[-70.76771,-32.28508],[-70.82961,-32.26825],[-70.84082,-32.29457],[-70.89389,-32.31224],[-70.91123,-32.34068],[-70.98147,-32.32093],[-71.00754,-32.32797],[-71.05926,-32.38598],[-71.10497,-32.36576],[-71.13379,-32.31056],[-71.15747,-32.30042],[-71.17172,-32.26229],[-71.16132,-32.22614],[-71.18197,-32.1712],[-71.03144,-32.07403],[-71.04007,-32.03216],[-70.95241,-32.04802],[-70.93108,-32.07944],[-70.91361,-32.06312],[-70.80345,-32.0345],[-70.77218,-32.04029],[-70.74021,-32.02092],[-70.70146,-32.03283],[-70.69023,-32.06327],[-70.65704,-32.05485],[-70.64464,-32.0779],[-70.65364,-32.13394],[-70.5461,-32.17489],[-70.53243,-32.14816],[-70.50472,-32.15611],[-70.50376,-32.1711],[-70.45597,-32.17252],[-70.44576,-32.18809],[-70.45715,-32.21278]]]}},{"type":"Feature","properties":{"comuna":"Panquehue","region":"Región de Valparaíso","codregion":5},"geometry":{"type":"Polygon","coordinates":[[[-70.74084,-32.75504],[-70.76557,-32.77485],[-70.75254,-32.80816],[-70.77585,-32.82917],[-70.94763,-32.82422],[-70.94823,-32.80123],[-70.88567,-32.79232],[-70.77946,-32.73193],[-70.74084,-32.75504]]]}},{"type":"Feature","properties":{"comuna":"Olmué","region":"Región de Valparaíso","codregion":5},"geometry":{"type":"Polygon","coordinates":[[[-71.02776,-32.98905],[-71.00089,-33.05041],[-71.00931,-33.06521],[-71.0396,-33.09674],[-71.13611,-33.12121],[-71.21117,-33.01712],[-71.20054,-33.00686],[-71.22235,-32.9999],[-71.21729,-32.97311],[-71.15495,-32.97405],[-71.11951,-32.95465],[-71.09992,-32.9766],[-71.02776,-32.98905]]]}},{"type":"Feature","properties":{"comuna":"Cartagena","region":"Región de Valparaíso","codregion":5},"geometry":{"type":"Polygon","coordinates":[[[-71.62718,-33.55221],[-71.60565,-33.54828],[-71.60399,-33.51805],[-71.57792,-33.5322],[-71.55096,-33.5155],[-71.51067,-33.51647],[-71.47743,-33.47533],[-71.43698,-33.48922],[-71.39105,-33.455],[-71.33621,-33.45589],[-71.35317,-33.49256],[-71.32907,-33.58193],[-71.3638,-33.5794],[-71.41019,-33.60956],[-71.47627,-33.57823],[-71.62718,-33.55221]]]}},{"type":"Feature","properties":{"comuna":"Catemu","region":"Región de Valparaíso","codregion":5},"geometry":{"type":"Polygon","coordinates":[[[-70.8194,-32.62997],[-70.87099,-32.73187],[-70.85276,-32.77149],[-70.89406,-32.7951],[-70.94823,-32.80123],[-70.94763,-32.82422],[-70.97167,-32.81415],[-70.96609,-32.79888],[-70.98146,-32.80153],[-71.00206,-32.82866],[-71.05337,-32.74064],[-71.03334,-32.67141],[-71.05239,-32.6356],[-71.01958,-32.61321],[-70.98075,-32.63177],[-70.89338,-32.60729],[-70.8194,-32.62997]]]}},{"type":"Feature","properties":{"comuna":"Llaillay","region":"Región de Valparaíso","codregion":5},"geometry":{"type":"Polygon","coordinates":[[[-70.94763,-32.82422],[-70.76678,-32.82583],[-70.72824,-32.92457],[-70.77155,-32.93553],[-70.84196,-32.92248],[-70.90719,-32.93652],[-70.93974,-32.97301],[-71.01423,-32.97676],[-71.00511,-32.95127],[-71.03026,-32.92554],[-71.0401,-32.83686],[-71.01431,-32.84033],[-70.97228,-32.79925],[-70.97167,-32.81415],[-70.94763,-32.82422]]]}},{"type":"Feature","properties":{"comuna":"San Felipe","region":"Región de Valparaíso","codregion":5},"geometry":{"type":"Polygon","coordinates":[[[-70.66368,-32.68893],[-70.68404,-32.77591],[-70.6345,-32.80065],[-70.65883,-32.82556],[-70.7126,-32.81623],[-70.71291,-32.78692],[-70.76197,-32.80149],[-70.76557,-32.77485],[-70.73667,-32.75807],[-70.76644,-32.73328],[-70.85276,-32.77149],[-70.87099,-32.73187],[-70.82128,-32.64544],[-70.77666,-32.66757],[-70.76421,-32.69154],[-70.73777,-32.69551],[-70.74562,-32.71427],[-70.66368,-32.68893]]]}},{"type":"Feature","properties":{"comuna":"Santa María","region":"Región de Valparaíso","codregion":5},"geometry":{"type":"Polygon","coordinates":[[[-70.51366,-32.60222],[-70.56674,-32.63488],[-70.57223,-32.69805],[-70.61371,-32.72558],[-70.60706,-32.81383],[-70.68404,-32.77591],[-70.66368,-32.68893],[-70.62858,-32.64951],[-70.62135,-32.61092],[-70.57348,-32.56943],[-70.51366,-32.60222]]]}},{"type":"Feature","properties":{"comuna":"Villa Alemana","region":"Región de Valparaíso","codregion":5},"geometry":{"type":"Polygon","coordinates":[[[-71.39943,-33.03568],[-71.39915,-33.0133],[-71.38538,-33.01357],[-71.33083,-33.04461],[-71.2955,-33.01145],[-71.2923,-33.06454],[-71.25914,-33.10631],[-71.30513,-33.12071],[-71.35895,-33.09811],[-71.40095,-33.0676],[-71.39943,-33.03568]]]}},{"type":"Feature","properties":{"comuna":"Santo Domingo","region":"Región de Valparaíso","codregion":5},"geometry":{"type":"Polygon","coordinates":[[[-71.63094,-33.61634],[-71.58575,-33.64826],[-71.55557,-33.71152],[-71.56035,-33.73803],[-71.53652,-33.74778],[-71.55585,-33.78286],[-71.55635,-33.87228],[-71.58081,-33.86688],[-71.72062,-33.95601],[-71.75422,-33.93835],[-71.74966,-33.92028],[-71.77128,-33.93646],[-71.80976,-33.90733],[-71.84017,-33.92282],[-71.79378,-33.77309],[-71.74129,-33.76129],[-71.67089,-33.71931],[-71.64245,-33.67486],[-71.63094,-33.61634]]]}},{"type":"Feature","properties":{"comuna":"San Antonio","region":"Región de Valparaíso","codregion":5},"geometry":{"type":"Polygon","coordinates":[[[-71.62754,-33.55208],[-71.47627,-33.57823],[-71.41189,-33.60953],[-71.33514,-33.57683],[-71.33995,-33.6115],[-71.38228,-33.62306],[-71.39977,-33.66347],[-71.42693,-33.66049],[-71.43765,-33.67935],[-71.38965,-33.73893],[-71.35907,-33.74675],[-71.3624,-33.75835],[-71.42877,-33.78912],[-71.49586,-33.76945],[-71.52461,-33.7764],[-71.53652,-33.74778],[-71.56035,-33.73803],[-71.55557,-33.71152],[-71.58575,-33.64826],[-71.63094,-33.61634],[-71.61312,-33.58632],[-71.62754,-33.55208]]]}},{"type":"Feature","properties":{"comuna":"El Tabo","region":"Región de Valparaíso","codregion":5},"geometry":{"type":"Polygon","coordinates":[[[-71.6794,-33.4456],[-71.63074,-33.42902],[-71.5919,-33.46167],[-71.47743,-33.47533],[-71.51067,-33.51647],[-71.55096,-33.5155],[-71.57792,-33.5322],[-71.63604,-33.50174],[-71.6794,-33.4456]]]}},{"type":"Feature","properties":{"comuna":"El Quisco","region":"Región de Valparaíso","codregion":5},"geometry":{"type":"Polygon","coordinates":[[[-71.69503,-33.37244],[-71.65163,-33.40298],[-71.58915,-33.39979],[-71.59057,-33.43279],[-71.6871,-33.44314],[-71.70907,-33.42507],[-71.69503,-33.37244]]]}},{"type":"Feature","properties":{"comuna":"Algarrobo","region":"Región de Valparaíso","codregion":5},"geometry":{"type":"Polygon","coordinates":[[[-71.66397,-33.27934],[-71.5957,-33.25206],[-71.57807,-33.2687],[-71.55205,-33.25676],[-71.5282,-33.26674],[-71.53981,-33.28823],[-71.52373,-33.32087],[-71.54745,-33.39519],[-71.58024,-33.38762],[-71.64981,-33.40328],[-71.69503,-33.37244],[-71.65358,-33.34864],[-71.66397,-33.27934]]]}},{"type":"Feature","properties":{"comuna":"Casablanca","region":"Región de Valparaíso","codregion":5},"geometry":{"type":"Polygon","coordinates":[[[-71.69948,-33.15538],[-71.62289,-33.159],[-71.58121,-33.19021],[-71.55088,-33.19131],[-71.53651,-33.21383],[-71.47076,-33.2007],[-71.41079,-33.21109],[-71.36801,-33.1762],[-71.34466,-33.20275],[-71.30649,-33.20337],[-71.23078,-33.24146],[-71.19601,-33.31173],[-71.22296,-33.37315],[-71.26601,-33.38706],[-71.28167,-33.41051],[-71.34333,-33.41568],[-71.33621,-33.45589],[-71.39105,-33.455],[-71.43698,-33.48922],[-71.53449,-33.45884],[-71.59386,-33.46107],[-71.61565,-33.44124],[-71.59057,-33.43279],[-71.58384,-33.38878],[-71.54745,-33.39519],[-71.52373,-33.32087],[-71.53981,-33.28823],[-71.52709,-33.26798],[-71.55205,-33.25676],[-71.57807,-33.2687],[-71.5957,-33.25206],[-71.67114,-33.27826],[-71.69511,-33.24732],[-71.68149,-33.22145],[-71.70778,-33.19911],[-71.68448,-33.18113],[-71.69948,-33.15538]]]}},{"type":"Feature","properties":{"comuna":"Valparaíso","region":"Región de Valparaíso","codregion":5},"geometry":{"type":"Polygon","coordinates":[[[-71.5871,-33.02844],[-71.55743,-33.05131],[-71.5438,-33.1045],[-71.50465,-33.09486],[-71.47912,-33.11689],[-71.48891,-33.12814],[-71.46815,-33.15447],[-71.38693,-33.18045],[-71.39636,-33.20151],[-71.53651,-33.21383],[-71.55088,-33.19131],[-71.58121,-33.19021],[-71.62289,-33.159],[-71.69948,-33.15538],[-71.73632,-33.11828],[-71.74567,-33.09961],[-71.73009,-33.08907],[-71.6884,-33.10408],[-71.66463,-33.09601],[-71.64902,-33.0216],[-71.63464,-33.01954],[-71.62022,-33.04274],[-71.5871,-33.02844]]]}},{"type":"Feature","properties":{"comuna":"Viña del Mar","region":"Región de Valparaíso","codregion":5},"geometry":{"type":"Polygon","coordinates":[[[-71.55052,-32.94569],[-71.44276,-33.002],[-71.48418,-33.03473],[-71.48838,-33.0573],[-71.46975,-33.0661],[-71.49253,-33.10445],[-71.5438,-33.1045],[-71.55743,-33.05131],[-71.5871,-33.02844],[-71.55132,-33.00592],[-71.55052,-32.94569]]]}},{"type":"Feature","properties":{"comuna":"Concón","region":"Región de Valparaíso","codregion":5},"geometry":{"type":"Polygon","coordinates":[[[-71.50769,-32.91576],[-71.40839,-32.93511],[-71.38714,-32.96991],[-71.4247,-32.97695],[-71.44276,-33.002],[-71.55413,-32.94162],[-71.55144,-32.92854],[-71.50769,-32.91576]]]}},{"type":"Feature","properties":{"comuna":"Quintero","region":"Región de Valparaíso","codregion":5},"geometry":{"type":"MultiPolygon","coordinates":[[[[-71.4905,-32.77014],[-71.47252,-32.76643],[-71.48825,-32.78322],[-71.46459,-32.80087],[-71.45179,-32.78105],[-71.41605,-32.78499],[-71.42182,-32.84246],[-71.38924,-32.85332],[-71.43611,-32.89301],[-71.45221,-32.89095],[-71.43893,-32.90827],[-71.44589,-32.92605],[-71.50557,-32.9212],[-71.52062,-32.83429],[-71.5465,-32.81118],[-71.53819,-32.76701],[-71.5186,-32.78442],[-71.4905,-32.77014]]]]}},{"type":"Feature","properties":{"comuna":"Puchuncaví","region":"Región de Valparaíso","codregion":5},"geometry":{"type":"Polygon","coordinates":[[[-71.43015,-32.63227],[-71.38016,-32.64971],[-71.37003,-32.677],[-71.32357,-32.67421],[-71.27825,-32.69768],[-71.31338,-32.73534],[-71.29304,-32.784],[-71.33012,-32.83612],[-71.37136,-32.86231],[-71.42182,-32.84246],[-71.41605,-32.78499],[-71.45179,-32.78105],[-71.46459,-32.80087],[-71.48608,-32.7856],[-71.47252,-32.76643],[-71.4905,-32.77014],[-71.48497,-32.74725],[-71.50964,-32.71706],[-71.46827,-32.7094],[-71.43015,-32.63227]]]}},{"type":"Feature","properties":{"comuna":"Zapallar","region":"Región de Valparaíso","codregion":5},"geometry":{"type":"MultiPolygon","coordinates":[[[[-71.4629,-32.50071],[-71.45351,-32.53676],[-71.40079,-32.55319],[-71.37056,-32.5412],[-71.36356,-32.5207],[-71.3009,-32.49796],[-71.22941,-32.55515],[-71.20112,-32.60427],[-71.23611,-32.60615],[-71.31009,-32.67276],[-71.37003,-32.677],[-71.38016,-32.64971],[-71.43015,-32.63227],[-71.4394,-32.59441],[-71.45761,-32.58291],[-71.47661,-32.52231],[-71.4629,-32.50071]]]]}},{"type":"Feature","properties":{"comuna":"Papudo","region":"Región de Valparaíso","codregion":5},"geometry":{"type":"Polygon","coordinates":[[[-71.40756,-32.40415],[-71.34287,-32.41471],[-71.32551,-32.40344],[-71.28422,-32.44127],[-71.32119,-32.44169],[-71.3009,-32.49796],[-71.36356,-32.5207],[-71.38678,-32.55276],[-71.45351,-32.53676],[-71.4629,-32.50071],[-71.43405,-32.49476],[-71.42736,-32.41529],[-71.40756,-32.40415]]]}},{"type":"Feature","properties":{"comuna":"La Ligua","region":"Región de Valparaíso","codregion":5},"geometry":{"type":"Polygon","coordinates":[[[-71.54152,-32.17736],[-71.50321,-32.18093],[-71.4777,-32.15504],[-71.42252,-32.18639],[-71.33734,-32.20276],[-71.25488,-32.17151],[-71.22243,-32.12754],[-71.20342,-32.13301],[-71.16132,-32.22614],[-71.17172,-32.26229],[-71.15747,-32.30042],[-71.10414,-32.35164],[-71.11108,-32.40261],[-71.09423,-32.42039],[-71.13441,-32.43888],[-71.13977,-32.49108],[-71.12333,-32.51892],[-71.04603,-32.55266],[-71.08101,-32.61726],[-71.11913,-32.61968],[-71.16171,-32.59129],[-71.20112,-32.60427],[-71.22941,-32.55515],[-71.29306,-32.51212],[-71.3202,-32.46671],[-71.32119,-32.44169],[-71.28422,-32.44127],[-71.32551,-32.40344],[-71.34287,-32.41471],[-71.40756,-32.40415],[-71.42836,-32.36322],[-71.47087,-32.34501],[-71.47102,-32.27397],[-71.49842,-32.23943],[-71.52644,-32.23631],[-71.54152,-32.17736]]]}},{"type":"Feature","properties":{"comuna":"Juan Fernández","region":"Región de Valparaíso","codregion":5},"geometry":{"type":"MultiPolygon","coordinates":[[[[-80.78505,-33.72259],[-80.75511,-33.76542],[-80.75831,-33.80057],[-80.77739,-33.81596],[-80.81886,-33.7948],[-80.83781,-33.75173],[-80.78505,-33.72259]]],[[[-78.94964,-33.69531],[-78.92406,-33.71391],[-78.94676,-33.71221],[-78.94964,-33.69531]]],[[[-78.87455,-33.60563],[-78.8288,-33.64087],[-78.78987,-33.64066],[-78.77172,-33.6766],[-78.82546,-33.66061],[-78.86085,-33.6672],[-78.86645,-33.6446],[-78.94613,-33.68053],[-78.93622,-33.66095],[-78.88268,-33.63665],[-78.87455,-33.60563]]],[[[-80.09359,-26.28623],[-80.08674,-26.30063],[-80.11475,-26.29573],[-80.09359,-26.28623]]]]}},{"type":"Feature","properties":{"comuna":"Isla de Pascua","region":"Región de Valparaíso","codregion":5},"geometry":{"type":"MultiPolygon","coordinates":[[[[-109.39785,-27.06773],[-109.34626,-27.05942],[-109.22812,-27.10688],[-109.35123,-27.16488],[-109.39685,-27.16812],[-109.43066,-27.19686],[-109.44841,-27.17248],[-109.39785,-27.06773]]]]}},{"type":"Feature","properties":{"comuna":"Limache","region":"Región de Valparaíso","codregion":5},"geometry":{"type":"Polygon","coordinates":[[[-71.21729,-32.97311],[-71.22235,-32.9999],[-71.20054,-33.00686],[-71.21117,-33.01712],[-71.13952,-33.10987],[-71.13346,-33.13792],[-71.17909,-33.1422],[-71.19572,-33.16163],[-71.26702,-33.11771],[-71.25652,-33.10053],[-71.2923,-33.06454],[-71.2955,-33.01145],[-71.33083,-33.04461],[-71.4328,-33.00166],[-71.4247,-32.97695],[-71.38714,-32.96991],[-71.40839,-32.93511],[-71.42177,-32.94159],[-71.44288,-32.92268],[-71.37392,-32.91805],[-71.33176,-32.95176],[-71.21729,-32.97311]]]}},{"type":"Feature","properties":{"comuna":"Quillota","region":"Región de Valparaíso","codregion":5},"geometry":{"type":"Polygon","coordinates":[[[-71.21175,-32.85956],[-71.14542,-32.86791],[-71.1519,-32.92951],[-71.11951,-32.95465],[-71.15495,-32.97405],[-71.25316,-32.97244],[-71.33176,-32.95176],[-71.37392,-32.91805],[-71.44288,-32.92268],[-71.45221,-32.89095],[-71.32527,-32.83154],[-71.26782,-32.83505],[-71.21175,-32.85956]]]}},{"type":"Feature","properties":{"comuna":"Calera","region":"Región de Valparaíso","codregion":5},"geometry":{"type":"Polygon","coordinates":[[[-71.22991,-32.78902],[-71.1938,-32.76445],[-71.13493,-32.76995],[-71.10923,-32.74929],[-71.08444,-32.76086],[-71.11005,-32.79678],[-71.16265,-32.77888],[-71.18011,-32.79143],[-71.12776,-32.84534],[-71.14549,-32.86734],[-71.22991,-32.78902]]]}},{"type":"Feature","properties":{"comuna":"Nogales","region":"Región de Valparaíso","codregion":5},"geometry":{"type":"Polygon","coordinates":[[[-71.06499,-32.59506],[-71.03334,-32.67141],[-71.04621,-32.7359],[-71.10923,-32.74929],[-71.13493,-32.76995],[-71.19809,-32.76601],[-71.24241,-32.81178],[-71.26574,-32.784],[-71.294,-32.78362],[-71.31338,-32.73534],[-71.27739,-32.70124],[-71.31887,-32.67627],[-71.28005,-32.63664],[-71.25097,-32.62974],[-71.23121,-32.60391],[-71.16171,-32.59129],[-71.14073,-32.61101],[-71.08802,-32.62096],[-71.06499,-32.59506]]]}},{"type":"Feature","properties":{"comuna":"Calle Larga","region":"Región de Valparaíso","codregion":5},"geometry":{"type":"Polygon","coordinates":[[[-70.58872,-32.85318],[-70.50741,-32.88118],[-70.46177,-32.95984],[-70.40666,-33.00118],[-70.48228,-33.0811],[-70.51916,-33.07857],[-70.5957,-32.94671],[-70.65983,-32.95346],[-70.64924,-32.92091],[-70.67722,-32.90602],[-70.65886,-32.82522],[-70.58872,-32.85318]]]}},{"type":"Feature","properties":{"comuna":"La Cruz","region":"Región de Valparaíso","codregion":5},"geometry":{"type":"Polygon","coordinates":[[[-71.22991,-32.78902],[-71.14542,-32.86791],[-71.18503,-32.86965],[-71.23536,-32.85671],[-71.23899,-32.84258],[-71.33033,-32.82755],[-71.29146,-32.78292],[-71.26574,-32.784],[-71.24241,-32.81178],[-71.22991,-32.78902]]]}},{"type":"Feature","properties":{"comuna":"Putaendo","region":"Región de Valparaíso","codregion":5},"geometry":{"type":"Polygon","coordinates":[[[-70.22867,-32.43037],[-70.25678,-32.47385],[-70.31101,-32.48824],[-70.35656,-32.58303],[-70.38876,-32.60555],[-70.41329,-32.58492],[-70.43952,-32.60287],[-70.51366,-32.60222],[-70.55038,-32.57086],[-70.57652,-32.57028],[-70.58513,-32.59236],[-70.62135,-32.61092],[-70.64328,-32.67233],[-70.74239,-32.71448],[-70.73777,-32.69551],[-70.76421,-32.69154],[-70.77666,-32.66757],[-70.82128,-32.64544],[-70.79612,-32.60558],[-70.81112,-32.58338],[-70.78298,-32.56885],[-70.78302,-32.54697],[-70.83124,-32.52782],[-70.84285,-32.49924],[-70.80221,-32.44304],[-70.77515,-32.44402],[-70.77627,-32.42967],[-70.71708,-32.45177],[-70.6956,-32.4437],[-70.66129,-32.46619],[-70.63843,-32.46043],[-70.6124,-32.36879],[-70.47603,-32.35612],[-70.46869,-32.33653],[-70.43358,-32.33603],[-70.41533,-32.28216],[-70.36094,-32.25381],[-70.26267,-32.29173],[-70.2223,-32.32544],[-70.21737,-32.38194],[-70.23829,-32.40467],[-70.22867,-32.43037]]]}},{"type":"Feature","properties":{"comuna":"San Esteban","region":"Región de Valparaíso","codregion":5},"geometry":{"type":"Polygon","coordinates":[[[-70.14618,-32.725],[-70.1746,-32.77219],[-70.23628,-32.8016],[-70.25196,-32.83407],[-70.27648,-32.82746],[-70.36286,-32.91002],[-70.41021,-32.86555],[-70.49812,-32.85764],[-70.5561,-32.82625],[-70.58535,-32.83451],[-70.60706,-32.81383],[-70.61371,-32.72558],[-70.57223,-32.69805],[-70.56674,-32.63488],[-70.48775,-32.59313],[-70.43952,-32.60287],[-70.41151,-32.585],[-70.38876,-32.60555],[-70.35656,-32.58303],[-70.31101,-32.48824],[-70.25678,-32.47385],[-70.22867,-32.43037],[-70.15048,-32.46437],[-70.13502,-32.48797],[-70.12614,-32.57501],[-70.15172,-32.58327],[-70.17212,-32.62194],[-70.14598,-32.65212],[-70.14618,-32.725]]]}},{"type":"Feature","properties":{"comuna":"Los Andes","region":"Región de Valparaíso","codregion":5},"geometry":{"type":"Polygon","coordinates":[[[-70.5826,-32.85539],[-70.60356,-32.85731],[-70.65916,-32.81864],[-70.63441,-32.80068],[-70.58536,-32.8345],[-70.55611,-32.82624],[-70.49814,-32.85763],[-70.41023,-32.86554],[-70.36287,-32.91001],[-70.27649,-32.82744],[-70.25198,-32.83406],[-70.2363,-32.80159],[-70.17462,-32.77218],[-70.14618,-32.725],[-70.10789,-32.80071],[-70.05553,-32.83158],[-70.0565,-32.85702],[-69.98908,-32.90278],[-70.00731,-32.9303],[-70.00111,-32.94662],[-70.02747,-32.9699],[-70.03046,-33.01934],[-70.08129,-33.02874],[-70.1324,-33.09075],[-70.15874,-33.09916],[-70.15587,-33.11312],[-70.18375,-33.10197],[-70.20003,-33.11138],[-70.23624,-33.14039],[-70.22698,-33.1507],[-70.24416,-33.18756],[-70.26694,-33.18151],[-70.26968,-33.13548],[-70.30013,-33.1128],[-70.38505,-33.09367],[-70.40661,-33.06598],[-70.39949,-33.03423],[-70.42095,-33.02501],[-70.40667,-33.00117],[-70.46178,-32.95983],[-70.50742,-32.88117],[-70.5826,-32.85539]]]}},{"type":"Feature","properties":{"comuna":"Hijuelas","region":"Región de Valparaíso","codregion":5},"geometry":{"type":"Polygon","coordinates":[[[-71.01605,-32.9777],[-71.0415,-32.99064],[-71.09683,-32.97771],[-71.14192,-32.94156],[-71.14602,-32.86253],[-71.12776,-32.84534],[-71.18011,-32.79143],[-71.16265,-32.77888],[-71.11005,-32.79678],[-71.08561,-32.77165],[-71.08758,-32.75367],[-71.05393,-32.73636],[-71.00206,-32.82866],[-71.0401,-32.83686],[-71.03026,-32.92554],[-71.00511,-32.95127],[-71.01605,-32.9777]]]}},{"type":"Feature","properties":{"comuna":"Quilpué","region":"Región de Valparaíso","codregion":5},"geometry":{"type":"Polygon","coordinates":[[[-71.40009,-33.01342],[-71.40095,-33.0676],[-71.30855,-33.11977],[-71.2674,-33.11666],[-71.23706,-33.14359],[-71.21556,-33.13998],[-71.19769,-33.16147],[-71.17909,-33.1422],[-71.13346,-33.13792],[-71.13611,-33.12121],[-71.02918,-33.08403],[-71.01528,-33.0952],[-71.01446,-33.14838],[-70.99158,-33.17579],[-70.99693,-33.19757],[-71.02694,-33.20227],[-71.02698,-33.21649],[-71.05695,-33.20448],[-71.07209,-33.23028],[-71.18944,-33.22678],[-71.22567,-33.24653],[-71.30649,-33.20337],[-71.34466,-33.20275],[-71.36801,-33.1762],[-71.38342,-33.18426],[-71.46815,-33.15447],[-71.49339,-33.10148],[-71.47185,-33.08179],[-71.48418,-33.03473],[-71.44276,-33.002],[-71.40009,-33.01342]]]}},{"type":"Feature","properties":{"comuna":"Marchigüe","region":"Región del Libertador Bernardo O'Higgins","codregion":6},"geometry":{"type":"Polygon","coordinates":[[[-71.79209,-34.24074],[-71.75951,-34.2962],[-71.7295,-34.31464],[-71.69034,-34.32169],[-71.66617,-34.28735],[-71.63335,-34.28043],[-71.57465,-34.30456],[-71.54534,-34.2737],[-71.52318,-34.27916],[-71.52177,-34.30113],[-71.45471,-34.30156],[-71.45965,-34.36552],[-71.48915,-34.37577],[-71.49279,-34.41694],[-71.51772,-34.43083],[-71.57684,-34.41357],[-71.59483,-34.48902],[-71.63555,-34.50082],[-71.69365,-34.48619],[-71.74661,-34.52754],[-71.76872,-34.47403],[-71.80743,-34.47018],[-71.82039,-34.44645],[-71.798,-34.39508],[-71.80732,-34.3476],[-71.82568,-34.3459],[-71.81521,-34.31076],[-71.86498,-34.31779],[-71.85357,-34.29817],[-71.87873,-34.27505],[-71.81272,-34.20626],[-71.79432,-34.21448],[-71.79209,-34.24074]]]}},{"type":"Feature","properties":{"comuna":"Codegua","region":"Región del Libertador Bernardo O'Higgins","codregion":6},"geometry":{"type":"Polygon","coordinates":[[[-70.32768,-34.01033],[-70.38619,-34.04039],[-70.43592,-34.03637],[-70.46773,-34.06857],[-70.52814,-34.07463],[-70.57435,-34.14693],[-70.61841,-34.15451],[-70.68935,-34.13809],[-70.67019,-34.0495],[-70.72701,-34.04893],[-70.71669,-34.02251],[-70.68126,-34.00755],[-70.6388,-34.03327],[-70.51424,-34.04204],[-70.48804,-34.01246],[-70.41268,-34.01427],[-70.37864,-33.91882],[-70.3295,-33.98137],[-70.32768,-34.01033]]]}},{"type":"Feature","properties":{"comuna":"Coinco","region":"Región del Libertador Bernardo O'Higgins","codregion":6},"geometry":{"type":"Polygon","coordinates":[[[-70.87938,-34.24235],[-70.87041,-34.26795],[-70.90596,-34.25881],[-70.91248,-34.28135],[-70.94322,-34.29267],[-70.94246,-34.31063],[-70.98315,-34.32757],[-71.07583,-34.33283],[-71.08835,-34.314],[-71.02239,-34.29005],[-70.90894,-34.21536],[-70.89702,-34.21793],[-70.90063,-34.23759],[-70.87938,-34.24235]]]}},{"type":"Feature","properties":{"comuna":"Coltauco","region":"Región del Libertador Bernardo O'Higgins","codregion":6},"geometry":{"type":"Polygon","coordinates":[[[-70.96877,-34.17203],[-70.9662,-34.21525],[-70.99689,-34.25633],[-70.97971,-34.25526],[-71.07857,-34.31646],[-71.11353,-34.31724],[-71.14469,-34.35336],[-71.15225,-34.37023],[-71.13614,-34.40975],[-71.18096,-34.33984],[-71.18144,-34.25577],[-71.11324,-34.24767],[-71.0717,-34.18417],[-71.03263,-34.16483],[-70.96877,-34.17203]]]}},{"type":"Feature","properties":{"comuna":"Graneros","region":"Región del Libertador Bernardo O'Higgins","codregion":6},"geometry":{"type":"Polygon","coordinates":[[[-70.71669,-34.02251],[-70.72651,-34.0497],[-70.67019,-34.0495],[-70.68935,-34.13809],[-70.71498,-34.10631],[-70.78348,-34.11282],[-70.80395,-34.08837],[-70.80391,-34.04492],[-70.81806,-34.03839],[-70.79337,-33.99696],[-70.73598,-34.02747],[-70.71669,-34.02251]]]}},{"type":"Feature","properties":{"comuna":"Malloa","region":"Región del Libertador Bernardo O'Higgins","codregion":6},"geometry":{"type":"Polygon","coordinates":[[[-70.95844,-34.38858],[-70.95704,-34.39999],[-70.90714,-34.39512],[-70.90606,-34.42857],[-70.87159,-34.42908],[-70.75145,-34.51581],[-70.72674,-34.51661],[-70.70831,-34.53832],[-70.71757,-34.56816],[-70.72879,-34.57811],[-70.8058,-34.55276],[-70.90497,-34.47736],[-70.96978,-34.51418],[-70.9617,-34.47534],[-70.98014,-34.43498],[-71.04906,-34.41614],[-71.03748,-34.38723],[-71.01079,-34.40545],[-70.95844,-34.38858]]]}},{"type":"Feature","properties":{"comuna":"Peumo","region":"Región del Libertador Bernardo O'Higgins","codregion":6},"geometry":{"type":"Polygon","coordinates":[[[-71.18144,-34.25577],[-71.18909,-34.30989],[-71.13271,-34.41131],[-71.14724,-34.4202],[-71.22807,-34.39598],[-71.26312,-34.34671],[-71.30535,-34.32818],[-71.29297,-34.28213],[-71.26333,-34.25706],[-71.18144,-34.25577]]]}},{"type":"Feature","properties":{"comuna":"Pichidegua","region":"Región del Libertador Bernardo O'Higgins","codregion":6},"geometry":{"type":"Polygon","coordinates":[[[-71.30535,-34.32818],[-71.26312,-34.34671],[-71.22807,-34.39598],[-71.18203,-34.40996],[-71.19661,-34.4447],[-71.23612,-34.44037],[-71.23266,-34.46685],[-71.24927,-34.48384],[-71.33973,-34.43687],[-71.40243,-34.42457],[-71.42534,-34.36075],[-71.45863,-34.36207],[-71.45388,-34.30243],[-71.47212,-34.29409],[-71.45463,-34.28556],[-71.4663,-34.27729],[-71.45287,-34.24756],[-71.46284,-34.23756],[-71.43333,-34.27563],[-71.36059,-34.2771],[-71.30535,-34.32818]]]}},{"type":"Feature","properties":{"comuna":"Rancagua","region":"Región del Libertador Bernardo O'Higgins","codregion":6},"geometry":{"type":"Polygon","coordinates":[[[-70.81853,-34.0354],[-70.78348,-34.11282],[-70.71498,-34.10631],[-70.68434,-34.14175],[-70.67676,-34.16135],[-70.72319,-34.21519],[-70.76034,-34.1911],[-70.84971,-34.19138],[-70.92923,-34.13519],[-70.93751,-34.09038],[-70.89369,-34.07648],[-70.88816,-34.0387],[-70.81853,-34.0354]]]}},{"type":"Feature","properties":{"comuna":"Requínoa","region":"Región del Libertador Bernardo O'Higgins","codregion":6},"geometry":{"type":"Polygon","coordinates":[[[-70.7299,-34.21184],[-70.67715,-34.22097],[-70.61713,-34.26477],[-70.5036,-34.29294],[-70.46073,-34.344],[-70.46212,-34.39444],[-70.53088,-34.4898],[-70.56579,-34.49396],[-70.5875,-34.45185],[-70.63496,-34.44736],[-70.669,-34.46259],[-70.67033,-34.40347],[-70.70039,-34.40489],[-70.7634,-34.3738],[-70.77384,-34.35289],[-70.83438,-34.33476],[-70.82673,-34.31153],[-70.92428,-34.28479],[-70.90596,-34.25881],[-70.87041,-34.26795],[-70.87369,-34.23844],[-70.7299,-34.21184]]]}},{"type":"Feature","properties":{"comuna":"Mostazal","region":"Región del Libertador Bernardo O'Higgins","codregion":6},"geometry":{"type":"Polygon","coordinates":[[[-70.37864,-33.91882],[-70.41126,-34.01337],[-70.48804,-34.01246],[-70.50934,-34.0421],[-70.6388,-34.03327],[-70.68126,-34.00755],[-70.72772,-34.03012],[-70.79337,-33.99696],[-70.7981,-33.97482],[-70.82489,-33.96187],[-70.79698,-33.93168],[-70.75827,-33.9429],[-70.70887,-33.9055],[-70.65396,-33.93693],[-70.6001,-33.89449],[-70.5161,-33.88798],[-70.50261,-33.863],[-70.43989,-33.8506],[-70.37491,-33.88369],[-70.37864,-33.91882]]]}},{"type":"Feature","properties":{"comuna":"San Vicente","region":"Región del Libertador Bernardo O'Higgins","codregion":6},"geometry":{"type":"Polygon","coordinates":[[[-71.08846,-34.31286],[-71.06103,-34.34382],[-71.07447,-34.37412],[-71.02769,-34.38394],[-71.04906,-34.41614],[-70.97741,-34.43888],[-70.9617,-34.47534],[-70.96978,-34.51418],[-71.00739,-34.51497],[-71.03355,-34.54535],[-71.10673,-34.55964],[-71.1587,-34.5911],[-71.26174,-34.58452],[-71.29279,-34.55402],[-71.25858,-34.5217],[-71.25558,-34.48539],[-71.23266,-34.46685],[-71.23612,-34.44037],[-71.19936,-34.44566],[-71.18194,-34.41158],[-71.13181,-34.4106],[-71.14817,-34.35961],[-71.11538,-34.31857],[-71.08846,-34.31286]]]}},{"type":"Feature","properties":{"comuna":"Nancagua","region":"Región del Libertador Bernardo O'Higgins","codregion":6},"geometry":{"type":"Polygon","coordinates":[[[-71.1587,-34.5911],[-71.14097,-34.67594],[-71.10806,-34.70988],[-71.15468,-34.75554],[-71.18505,-34.75457],[-71.17479,-34.72973],[-71.20954,-34.70087],[-71.31754,-34.65896],[-71.28748,-34.62837],[-71.23831,-34.64462],[-71.20554,-34.62213],[-71.21574,-34.5945],[-71.1587,-34.5911]]]}},{"type":"Feature","properties":{"comuna":"Peralillo","region":"Región del Libertador Bernardo O'Higgins","codregion":6},"geometry":{"type":"Polygon","coordinates":[[[-71.39169,-34.4279],[-71.37427,-34.48382],[-71.41451,-34.48523],[-71.41547,-34.50746],[-71.47191,-34.51485],[-71.46191,-34.52632],[-71.50276,-34.53142],[-71.5417,-34.56717],[-71.59367,-34.53286],[-71.59393,-34.51756],[-71.62292,-34.52465],[-71.64216,-34.51175],[-71.5885,-34.48267],[-71.57684,-34.41357],[-71.50482,-34.42529],[-71.49588,-34.38532],[-71.47194,-34.3656],[-71.42534,-34.36075],[-71.42659,-34.38356],[-71.39169,-34.4279]]]}},{"type":"Feature","properties":{"comuna":"Placilla","region":"Región del Libertador Bernardo O'Higgins","codregion":6},"geometry":{"type":"Polygon","coordinates":[[[-71.00766,-34.6073],[-71.01028,-34.63744],[-71.10942,-34.69492],[-71.14097,-34.67594],[-71.1587,-34.5911],[-71.10673,-34.55964],[-71.02912,-34.54225],[-71.04634,-34.59144],[-71.00766,-34.6073]]]}},{"type":"Feature","properties":{"comuna":"Pumanque","region":"Región del Libertador Bernardo O'Higgins","codregion":6},"geometry":{"type":"Polygon","coordinates":[[[-71.63804,-34.49943],[-71.62975,-34.52174],[-71.59393,-34.51756],[-71.56218,-34.55806],[-71.53151,-34.56171],[-71.54421,-34.63719],[-71.59311,-34.65437],[-71.60405,-34.67895],[-71.68587,-34.67133],[-71.71247,-34.69689],[-71.78427,-34.68825],[-71.82375,-34.6282],[-71.82084,-34.58658],[-71.85955,-34.51338],[-71.83243,-34.53581],[-71.77079,-34.54545],[-71.69365,-34.48619],[-71.63804,-34.49943]]]}},{"type":"Feature","properties":{"comuna":"Paredones","region":"Región del Libertador Bernardo O'Higgins","codregion":6},"geometry":{"type":"Polygon","coordinates":[[[-72.05125,-34.54801],[-71.98333,-34.54155],[-71.92143,-34.57505],[-71.90256,-34.52439],[-71.87967,-34.53564],[-71.8639,-34.52156],[-71.87334,-34.512],[-71.85445,-34.50866],[-71.82084,-34.58658],[-71.82375,-34.6282],[-71.79166,-34.67444],[-71.82692,-34.67389],[-71.82258,-34.70529],[-71.78072,-34.76475],[-71.79661,-34.8268],[-71.81733,-34.84077],[-71.91272,-34.81548],[-71.94465,-34.78858],[-71.95317,-34.7573],[-71.99701,-34.74084],[-72.00503,-34.70498],[-72.05604,-34.68713],[-72.04228,-34.63265],[-72.05125,-34.54801]]]}},{"type":"Feature","properties":{"comuna":"Pichilemu","region":"Región del Libertador Bernardo O'Higgins","codregion":6},"geometry":{"type":"Polygon","coordinates":[[[-72.00124,-34.17296],[-71.95843,-34.17817],[-71.94572,-34.16259],[-71.80879,-34.19916],[-71.87873,-34.27505],[-71.85357,-34.29817],[-71.86498,-34.31779],[-71.81521,-34.31076],[-71.82568,-34.3459],[-71.80732,-34.3476],[-71.798,-34.39508],[-71.82039,-34.44645],[-71.80743,-34.47018],[-71.75778,-34.48727],[-71.75542,-34.54274],[-71.83243,-34.53581],[-71.85574,-34.50781],[-71.87334,-34.512],[-71.8639,-34.52156],[-71.87967,-34.53564],[-71.90256,-34.52439],[-71.92143,-34.57505],[-71.98333,-34.54155],[-72.05125,-34.54801],[-72.02455,-34.48865],[-72.04894,-34.42581],[-71.97518,-34.34351],[-71.98198,-34.22903],[-72.00124,-34.17296]]]}},{"type":"Feature","properties":{"comuna":"Litueche","region":"Región del Libertador Bernardo O'Higgins","codregion":6},"geometry":{"type":"Polygon","coordinates":[[[-71.94413,-34.06953],[-71.92944,-34.08889],[-71.88105,-34.0933],[-71.85842,-34.11141],[-71.82563,-34.09235],[-71.78795,-34.09547],[-71.73634,-34.02325],[-71.69233,-33.99508],[-71.70325,-33.9682],[-71.66542,-33.97716],[-71.6669,-33.99734],[-71.61473,-34.00341],[-71.58731,-34.03408],[-71.56673,-33.9871],[-71.47206,-34.01095],[-71.51513,-34.06989],[-71.57535,-34.06421],[-71.548,-34.10062],[-71.57424,-34.14672],[-71.668,-34.13441],[-71.66311,-34.17081],[-71.68632,-34.16952],[-71.7336,-34.23839],[-71.75985,-34.24407],[-71.79337,-34.23979],[-71.79432,-34.21448],[-71.82863,-34.18451],[-71.90368,-34.18293],[-71.94572,-34.16259],[-71.95843,-34.17817],[-72.00124,-34.17296],[-72.00871,-34.1321],[-71.98658,-34.12665],[-71.97797,-34.09493],[-71.94413,-34.06953]]]}},{"type":"Feature","properties":{"comuna":"Navidad","region":"Región del Libertador Bernardo O'Higgins","codregion":6},"geometry":{"type":"Polygon","coordinates":[[[-71.83231,-33.90476],[-71.84017,-33.92282],[-71.80976,-33.90733],[-71.78123,-33.93528],[-71.74966,-33.92028],[-71.75422,-33.93835],[-71.71276,-33.9491],[-71.69233,-33.99508],[-71.73634,-34.02325],[-71.78795,-34.09547],[-71.82563,-34.09235],[-71.85842,-34.11141],[-71.88105,-34.0933],[-71.92944,-34.08889],[-71.94227,-34.04664],[-71.89097,-33.99824],[-71.88331,-33.96338],[-71.83231,-33.90476]]]}},{"type":"Feature","properties":{"comuna":"La Estrella","region":"Región del Libertador Bernardo O'Higgins","codregion":6},"geometry":{"type":"Polygon","coordinates":[[[-71.54942,-34.08983],[-71.51193,-34.13114],[-71.48301,-34.13787],[-71.47466,-34.21885],[-71.45287,-34.24756],[-71.46838,-34.30225],[-71.52177,-34.30113],[-71.52318,-34.27916],[-71.54534,-34.2737],[-71.57465,-34.30456],[-71.62104,-34.28262],[-71.65995,-34.28528],[-71.69034,-34.32169],[-71.75951,-34.2962],[-71.79209,-34.24074],[-71.7336,-34.23839],[-71.69105,-34.17379],[-71.66311,-34.17081],[-71.668,-34.13441],[-71.57424,-34.14672],[-71.54942,-34.08983]]]}},{"type":"Feature","properties":{"comuna":"Doñihue","region":"Región del Libertador Bernardo O'Higgins","codregion":6},"geometry":{"type":"Polygon","coordinates":[[[-70.84283,-34.19158],[-70.86483,-34.21497],[-70.90894,-34.21536],[-70.99689,-34.25633],[-70.9662,-34.21525],[-70.96877,-34.17203],[-70.92901,-34.14939],[-70.8876,-34.15721],[-70.84283,-34.19158]]]}},{"type":"Feature","properties":{"comuna":"Olivar","region":"Región del Libertador Bernardo O'Higgins","codregion":6},"geometry":{"type":"Polygon","coordinates":[[[-70.84271,-34.19247],[-70.76034,-34.1911],[-70.7299,-34.21184],[-70.90063,-34.23759],[-70.89702,-34.21793],[-70.86483,-34.21497],[-70.84271,-34.19247]]]}},{"type":"Feature","properties":{"comuna":"Rengo","region":"Región del Libertador Bernardo O'Higgins","codregion":6},"geometry":{"type":"Polygon","coordinates":[[[-70.93093,-34.35618],[-70.95081,-34.31414],[-70.93343,-34.27966],[-70.82673,-34.31153],[-70.83438,-34.33476],[-70.77384,-34.35289],[-70.7634,-34.3738],[-70.70039,-34.40489],[-70.66845,-34.4048],[-70.669,-34.46259],[-70.63496,-34.44736],[-70.5875,-34.45185],[-70.55982,-34.4977],[-70.49219,-34.49219],[-70.48009,-34.50994],[-70.49067,-34.55405],[-70.46904,-34.57191],[-70.47189,-34.59779],[-70.52197,-34.60872],[-70.58269,-34.57664],[-70.64365,-34.59199],[-70.65684,-34.54996],[-70.70445,-34.55423],[-70.7241,-34.51868],[-70.7618,-34.50917],[-70.81754,-34.4562],[-70.90606,-34.42857],[-70.90714,-34.39512],[-70.95704,-34.39999],[-70.93093,-34.35618]]]}},{"type":"Feature","properties":{"comuna":"Santa Cruz","region":"Región del Libertador Bernardo O'Higgins","codregion":6},"geometry":{"type":"Polygon","coordinates":[[[-71.37091,-34.60908],[-71.36246,-34.62123],[-71.32028,-34.60373],[-71.31997,-34.5908],[-71.24192,-34.57725],[-71.20486,-34.61906],[-71.24447,-34.6473],[-71.28748,-34.62837],[-71.31754,-34.65896],[-71.28949,-34.6599],[-71.27279,-34.68611],[-71.3717,-34.72662],[-71.38409,-34.74669],[-71.41938,-34.73223],[-71.43235,-34.7562],[-71.49814,-34.732],[-71.48404,-34.70853],[-71.50398,-34.67122],[-71.50013,-34.64281],[-71.54484,-34.63444],[-71.54667,-34.60323],[-71.51698,-34.53917],[-71.48754,-34.52926],[-71.41543,-34.56495],[-71.4175,-34.59374],[-71.37091,-34.60908]]]}},{"type":"Feature","properties":{"comuna":"Palmilla","region":"Región del Libertador Bernardo O'Higgins","codregion":6},"geometry":{"type":"Polygon","coordinates":[[[-71.25558,-34.48539],[-71.25858,-34.5217],[-71.29279,-34.55402],[-71.26586,-34.58023],[-71.31997,-34.5908],[-71.32028,-34.60373],[-71.36246,-34.62123],[-71.4175,-34.59374],[-71.41543,-34.56495],[-71.48226,-34.53344],[-71.46191,-34.52632],[-71.47191,-34.51485],[-71.41547,-34.50746],[-71.41451,-34.48523],[-71.37427,-34.48382],[-71.39169,-34.4279],[-71.33973,-34.43687],[-71.25558,-34.48539]]]}},{"type":"Feature","properties":{"comuna":"Quinta de Tilcoco","region":"Región del Libertador Bernardo O'Higgins","codregion":6},"geometry":{"type":"Polygon","coordinates":[[[-70.93085,-34.3552],[-70.93162,-34.37369],[-70.98937,-34.40279],[-71.07447,-34.37412],[-71.06073,-34.32728],[-71.01393,-34.33708],[-70.95632,-34.31014],[-70.93085,-34.3552]]]}},{"type":"Feature","properties":{"comuna":"Machalí","region":"Región del Libertador Bernardo O'Higgins","codregion":6},"geometry":{"type":"Polygon","coordinates":[[[-70.25358,-34.7038],[-70.33523,-34.62274],[-70.3734,-34.62279],[-70.42004,-34.58964],[-70.46802,-34.58977],[-70.47026,-34.56992],[-70.48756,-34.56644],[-70.48285,-34.5022],[-70.53094,-34.48543],[-70.46212,-34.39444],[-70.45591,-34.35153],[-70.5036,-34.29294],[-70.61713,-34.26477],[-70.67715,-34.22097],[-70.72319,-34.21519],[-70.67676,-34.16135],[-70.68378,-34.1451],[-70.57435,-34.14693],[-70.52814,-34.07463],[-70.46773,-34.06857],[-70.43472,-34.03607],[-70.3806,-34.03893],[-70.34343,-34.00935],[-70.32139,-34.01636],[-70.34443,-34.03913],[-70.34031,-34.05324],[-70.30917,-34.0664],[-70.26144,-34.07121],[-70.24089,-34.03281],[-70.17019,-34.04437],[-70.16442,-34.10057],[-70.14187,-34.1205],[-70.16149,-34.13408],[-70.16425,-34.15917],[-70.11274,-34.20188],[-70.07745,-34.19802],[-70.05065,-34.22594],[-70.05282,-34.28017],[-70.02185,-34.30875],[-70.02577,-34.36658],[-70.00916,-34.39442],[-70.0814,-34.47291],[-70.13179,-34.48788],[-70.14376,-34.53255],[-70.21787,-34.61187],[-70.21603,-34.68425],[-70.25358,-34.7038]]]}},{"type":"Feature","properties":{"comuna":"Las Cabras","region":"Región del Libertador Bernardo O'Higgins","codregion":6},"geometry":{"type":"Polygon","coordinates":[[[-71.14154,-34.16543],[-71.0717,-34.18417],[-71.10499,-34.24137],[-71.26333,-34.25706],[-71.29297,-34.28213],[-71.30535,-34.32818],[-71.36059,-34.2771],[-71.43508,-34.2745],[-71.47466,-34.21885],[-71.48425,-34.13579],[-71.51193,-34.13114],[-71.5366,-34.09242],[-71.57226,-34.08376],[-71.57535,-34.06421],[-71.51513,-34.06989],[-71.47206,-34.01095],[-71.41347,-34.03577],[-71.41481,-34.0577],[-71.39021,-34.07597],[-71.30078,-34.0304],[-71.21469,-34.13559],[-71.14154,-34.16543]]]}},{"type":"Feature","properties":{"comuna":"Chimbarongo","region":"Región del Libertador Bernardo O'Higgins","codregion":6},"geometry":{"type":"Polygon","coordinates":[[[-70.81534,-34.8501],[-70.82022,-34.87119],[-70.88158,-34.85023],[-70.95821,-34.87168],[-71.0457,-34.79332],[-71.06971,-34.82131],[-71.09872,-34.82813],[-71.1349,-34.78641],[-71.11619,-34.76693],[-71.16761,-34.77219],[-71.18505,-34.75457],[-71.15468,-34.75554],[-71.10854,-34.71152],[-71.11224,-34.69447],[-71.01662,-34.64285],[-71.00766,-34.6073],[-70.89242,-34.6566],[-70.87738,-34.67905],[-70.89325,-34.69745],[-70.88863,-34.73562],[-70.83697,-34.78037],[-70.81534,-34.8501]]]}},{"type":"Feature","properties":{"comuna":"Lolol","region":"Región del Libertador Bernardo O'Higgins","codregion":6},"geometry":{"type":"Polygon","coordinates":[[[-71.68144,-34.88663],[-71.6735,-34.9212],[-71.71031,-34.9368],[-71.79661,-34.8268],[-71.78072,-34.76475],[-71.82258,-34.70529],[-71.82692,-34.67389],[-71.75897,-34.69624],[-71.70147,-34.69574],[-71.68587,-34.67133],[-71.60405,-34.67895],[-71.59311,-34.65437],[-71.55297,-34.6327],[-71.50909,-34.63205],[-71.48404,-34.70853],[-71.49957,-34.72928],[-71.47804,-34.74682],[-71.48912,-34.77465],[-71.5555,-34.80292],[-71.57174,-34.83206],[-71.54867,-34.87428],[-71.57694,-34.8673],[-71.60639,-34.88324],[-71.6141,-34.86691],[-71.66179,-34.85527],[-71.68144,-34.88663]]]}},{"type":"Feature","properties":{"comuna":"Chépica","region":"Región del Libertador Bernardo O'Higgins","codregion":6},"geometry":{"type":"Polygon","coordinates":[[[-71.35938,-34.83153],[-71.3754,-34.8358],[-71.38739,-34.87419],[-71.36659,-34.91286],[-71.39753,-34.8944],[-71.42166,-34.90412],[-71.43773,-34.88006],[-71.46541,-34.90048],[-71.54665,-34.87597],[-71.5723,-34.83661],[-71.5555,-34.80292],[-71.48912,-34.77465],[-71.47759,-34.74364],[-71.43235,-34.7562],[-71.41251,-34.73203],[-71.38409,-34.74669],[-71.35005,-34.71593],[-71.28443,-34.69856],[-71.27503,-34.6712],[-71.18248,-34.71874],[-71.17808,-34.76845],[-71.11619,-34.76693],[-71.12283,-34.78407],[-71.18914,-34.8044],[-71.21282,-34.8353],[-71.26283,-34.82313],[-71.27887,-34.79165],[-71.35938,-34.83153]]]}},{"type":"Feature","properties":{"comuna":"San Fernando","region":"Región del Libertador Bernardo O'Higgins","codregion":6},"geometry":{"type":"Polygon","coordinates":[[[-70.36502,-35.00529],[-70.41527,-34.98365],[-70.47774,-34.99415],[-70.48727,-34.97587],[-70.52615,-34.96462],[-70.54333,-34.93399],[-70.58612,-34.9617],[-70.61489,-34.9608],[-70.62059,-34.98745],[-70.66151,-34.96611],[-70.68591,-34.92389],[-70.76752,-34.86093],[-70.81497,-34.85113],[-70.83697,-34.78037],[-70.88863,-34.73562],[-70.89325,-34.69745],[-70.87738,-34.67905],[-70.89242,-34.6566],[-71.04634,-34.59144],[-71.02912,-34.54225],[-71.00739,-34.51497],[-70.9569,-34.51741],[-70.90497,-34.47736],[-70.76084,-34.5715],[-70.73731,-34.56606],[-70.72879,-34.57811],[-70.70893,-34.55019],[-70.66072,-34.54827],[-70.64365,-34.59199],[-70.57679,-34.57704],[-70.52197,-34.60872],[-70.43595,-34.58659],[-70.30298,-34.64514],[-70.28484,-34.68485],[-70.25348,-34.70813],[-70.25846,-34.72944],[-70.30627,-34.74741],[-70.30944,-34.76974],[-70.24834,-34.79927],[-70.28014,-34.85332],[-70.27587,-34.87387],[-70.33261,-34.93718],[-70.33321,-34.99023],[-70.36502,-35.00529]]]}},{"type":"Feature","properties":{"comuna":"Curepto","region":"Región del Maule","codregion":7},"geometry":{"type":"Polygon","coordinates":[[[-71.84745,-34.97878],[-71.81649,-34.97162],[-71.80714,-34.98955],[-71.76534,-35.00153],[-71.71974,-35.08702],[-71.68492,-35.11066],[-71.67164,-35.15612],[-71.69547,-35.16514],[-71.72929,-35.14659],[-71.76997,-35.15018],[-71.79038,-35.18976],[-71.84703,-35.2162],[-71.85989,-35.20485],[-71.8772,-35.21395],[-71.87313,-35.23027],[-71.89727,-35.25875],[-71.95104,-35.29341],[-71.98675,-35.291],[-72.01454,-35.33488],[-72.04046,-35.34677],[-72.06746,-35.25048],[-72.12573,-35.23492],[-72.14527,-35.20472],[-72.14449,-35.15037],[-72.15739,-35.13674],[-72.19713,-35.14061],[-72.21228,-35.1223],[-72.18829,-35.06668],[-72.18569,-34.97409],[-72.17477,-35.0359],[-72.14252,-35.05958],[-72.12408,-35.03607],[-72.09451,-35.0496],[-72.06611,-35.03853],[-72.00045,-34.98128],[-71.95848,-35.00948],[-71.84745,-34.97878]]]}},{"type":"Feature","properties":{"comuna":"Empedrado","region":"Región del Maule","codregion":7},"geometry":{"type":"Polygon","coordinates":[[[-72.18753,-35.57718],[-72.16998,-35.58563],[-72.1874,-35.61616],[-72.14981,-35.63566],[-72.1388,-35.66327],[-72.12607,-35.64586],[-72.09119,-35.64578],[-72.08437,-35.67258],[-72.03208,-35.67123],[-72.04267,-35.6957],[-72.06295,-35.71569],[-72.11301,-35.71773],[-72.13905,-35.69947],[-72.23906,-35.73423],[-72.27155,-35.69433],[-72.31205,-35.69304],[-72.32447,-35.67374],[-72.37308,-35.69355],[-72.45939,-35.64305],[-72.43242,-35.60624],[-72.44157,-35.57775],[-72.42313,-35.53621],[-72.4442,-35.52215],[-72.37395,-35.48263],[-72.29634,-35.47746],[-72.24799,-35.51188],[-72.22825,-35.58372],[-72.19904,-35.59337],[-72.18753,-35.57718]]]}},{"type":"Feature","properties":{"comuna":"Pencahue","region":"Región del Maule","codregion":7},"geometry":{"type":"Polygon","coordinates":[[[-71.67889,-35.16158],[-71.66445,-35.21002],[-71.629,-35.22816],[-71.57768,-35.2058],[-71.55651,-35.22684],[-71.57162,-35.29091],[-71.60477,-35.2876],[-71.65168,-35.31462],[-71.66809,-35.37785],[-71.73956,-35.46313],[-71.80733,-35.45386],[-71.96452,-35.47065],[-72.07254,-35.41772],[-72.10649,-35.43889],[-72.09482,-35.378],[-72.0021,-35.37788],[-72.02146,-35.33755],[-72.01051,-35.31669],[-71.98675,-35.291],[-71.95104,-35.29341],[-71.89727,-35.25875],[-71.87313,-35.23027],[-71.8772,-35.21395],[-71.85989,-35.20485],[-71.84703,-35.2162],[-71.79038,-35.18976],[-71.76997,-35.15018],[-71.67889,-35.16158]]]}},{"type":"Feature","properties":{"comuna":"Linares","region":"Región del Maule","codregion":7},"geometry":{"type":"Polygon","coordinates":[[[-71.66388,-35.77536],[-71.64745,-35.7866],[-71.51152,-35.78508],[-71.48425,-35.82029],[-71.40497,-35.85445],[-71.33786,-35.83837],[-71.25684,-35.86141],[-71.1449,-35.85338],[-71.11833,-35.87],[-71.04621,-35.85896],[-71.04385,-35.88265],[-71.08148,-35.94994],[-71.13281,-36.00013],[-71.08037,-36.02634],[-71.07095,-35.99186],[-71.035,-35.99963],[-71.04612,-36.04559],[-71.00568,-36.08759],[-71.03021,-36.12041],[-71.01675,-36.13394],[-71.03197,-36.15125],[-71.01838,-36.17864],[-71.03498,-36.21209],[-71.06342,-36.22561],[-71.06382,-36.20235],[-71.08825,-36.18607],[-71.12202,-36.11723],[-71.15447,-36.09468],[-71.19812,-36.09378],[-71.23549,-36.14143],[-71.30827,-36.1684],[-71.37496,-36.15124],[-71.39615,-36.11011],[-71.40248,-36.04273],[-71.45078,-35.99088],[-71.48263,-35.98525],[-71.50869,-35.9158],[-71.62072,-35.89301],[-71.66422,-35.85606],[-71.6958,-35.85829],[-71.79653,-35.78193],[-71.77378,-35.7193],[-71.74255,-35.70394],[-71.70649,-35.7699],[-71.66388,-35.77536]]]}},{"type":"Feature","properties":{"comuna":"Longaví","region":"Región del Maule","codregion":7},"geometry":{"type":"Polygon","coordinates":[[[-71.06342,-36.22561],[-71.15559,-36.26248],[-71.15352,-36.29936],[-71.12567,-36.32787],[-71.17608,-36.38805],[-71.23711,-36.37929],[-71.28712,-36.34752],[-71.30198,-36.30133],[-71.36827,-36.23581],[-71.44872,-36.23702],[-71.47728,-36.21886],[-71.5214,-36.23802],[-71.55604,-36.22231],[-71.60683,-36.15044],[-71.67945,-36.10315],[-71.73027,-35.99925],[-71.72616,-35.91492],[-71.76447,-35.89125],[-71.77391,-35.84872],[-71.82502,-35.8277],[-71.82149,-35.80861],[-71.78537,-35.78313],[-71.6958,-35.85829],[-71.66422,-35.85606],[-71.62072,-35.89301],[-71.50869,-35.9158],[-71.48263,-35.98525],[-71.45078,-35.99088],[-71.40248,-36.04273],[-71.39615,-36.11011],[-71.36762,-36.1553],[-71.30827,-36.1684],[-71.23549,-36.14143],[-71.19812,-36.09378],[-71.15447,-36.09468],[-71.12202,-36.11723],[-71.08825,-36.18607],[-71.06382,-36.20235],[-71.06342,-36.22561]]]}},{"type":"Feature","properties":{"comuna":"Talca","region":"Región del Maule","codregion":7},"geometry":{"type":"Polygon","coordinates":[[[-71.63438,-35.3123],[-71.64131,-35.33336],[-71.62126,-35.35544],[-71.54361,-35.359],[-71.55256,-35.4156],[-71.49295,-35.42302],[-71.49796,-35.45194],[-71.56864,-35.53085],[-71.63494,-35.48404],[-71.64474,-35.45616],[-71.72189,-35.44744],[-71.66809,-35.37785],[-71.65168,-35.31462],[-71.63438,-35.3123]]]}},{"type":"Feature","properties":{"comuna":"Chanco","region":"Región del Maule","codregion":7},"geometry":{"type":"Polygon","coordinates":[[[-72.6183,-35.56189],[-72.52852,-35.57801],[-72.48719,-35.54839],[-72.45338,-35.55687],[-72.43633,-35.54101],[-72.43242,-35.60624],[-72.45939,-35.64305],[-72.37308,-35.69355],[-72.32326,-35.67453],[-72.34145,-35.74963],[-72.39112,-35.82152],[-72.46684,-35.84776],[-72.44389,-35.87592],[-72.4707,-35.88091],[-72.49041,-35.84022],[-72.52701,-35.82448],[-72.52544,-35.79834],[-72.54166,-35.79172],[-72.52888,-35.78025],[-72.56102,-35.76831],[-72.63805,-35.60207],[-72.6183,-35.56189]]]}},{"type":"Feature","properties":{"comuna":"Pelluhue","region":"Región del Maule","codregion":7},"geometry":{"type":"Polygon","coordinates":[[[-72.56428,-35.75541],[-72.55386,-35.77583],[-72.52888,-35.78025],[-72.54166,-35.79172],[-72.52544,-35.79834],[-72.52701,-35.82448],[-72.49041,-35.84022],[-72.4707,-35.88091],[-72.44255,-35.87703],[-72.44963,-35.88801],[-72.42749,-35.90805],[-72.45966,-35.94383],[-72.49831,-35.9178],[-72.52656,-35.92344],[-72.5644,-35.95952],[-72.602,-35.9401],[-72.63383,-35.95165],[-72.65528,-36.04695],[-72.68775,-36.0185],[-72.77814,-36.01399],[-72.78508,-35.97583],[-72.69275,-35.91518],[-72.64892,-35.84655],[-72.57709,-35.81327],[-72.56428,-35.75541]]]}},{"type":"Feature","properties":{"comuna":"Constitución","region":"Región del Maule","codregion":7},"geometry":{"type":"Polygon","coordinates":[[[-72.20023,-35.10386],[-72.21228,-35.1223],[-72.19713,-35.14061],[-72.15739,-35.13674],[-72.13638,-35.16424],[-72.14552,-35.20347],[-72.12573,-35.23492],[-72.06746,-35.25048],[-72.04354,-35.34503],[-72.02146,-35.33755],[-71.99627,-35.37219],[-72.09812,-35.38136],[-72.09646,-35.43301],[-72.19904,-35.59337],[-72.22825,-35.58372],[-72.24799,-35.51188],[-72.29634,-35.47746],[-72.38378,-35.4852],[-72.4442,-35.52215],[-72.42681,-35.54394],[-72.45338,-35.55687],[-72.48719,-35.54839],[-72.52646,-35.5776],[-72.61679,-35.56659],[-72.48829,-35.46282],[-72.49907,-35.3909],[-72.40881,-35.31917],[-72.40286,-35.25298],[-72.38355,-35.22144],[-72.20023,-35.10386]]]}},{"type":"Feature","properties":{"comuna":"Licantén","region":"Región del Maule","codregion":7},"geometry":{"type":"Polygon","coordinates":[[[-72.1578,-34.87803],[-72.09045,-34.90701],[-72.08138,-34.95034],[-72.05837,-34.97424],[-72.0172,-34.95581],[-71.96276,-34.96575],[-71.88565,-34.93722],[-71.85313,-34.94085],[-71.83114,-34.96933],[-71.85478,-34.99001],[-71.95848,-35.00948],[-72.00045,-34.98128],[-72.06611,-35.03853],[-72.09451,-35.0496],[-72.12408,-35.03607],[-72.1304,-35.0546],[-72.15321,-35.05858],[-72.17632,-35.03181],[-72.18713,-34.95429],[-72.17971,-34.89507],[-72.1578,-34.87803]]]}},{"type":"Feature","properties":{"comuna":"Vichuquén","region":"Región del Maule","codregion":7},"geometry":{"type":"Polygon","coordinates":[[[-72.05604,-34.68713],[-72.00503,-34.70498],[-71.99701,-34.74084],[-71.95317,-34.7573],[-71.92595,-34.80725],[-71.86797,-34.81831],[-71.89418,-34.87144],[-71.94441,-34.85512],[-71.94739,-34.89766],[-71.91889,-34.94932],[-71.96576,-34.96615],[-72.0172,-34.95581],[-72.05837,-34.97424],[-72.08138,-34.95034],[-72.09045,-34.90701],[-72.1578,-34.87803],[-72.14432,-34.82242],[-72.07659,-34.7455],[-72.05604,-34.68713]]]}},{"type":"Feature","properties":{"comuna":"Cauquenes","region":"Región del Maule","codregion":7},"geometry":{"type":"Polygon","coordinates":[[[-72.06295,-35.71569],[-72.06668,-35.75971],[-72.04097,-35.77153],[-72.02723,-35.80269],[-71.97623,-35.82279],[-71.99723,-35.84254],[-72.02098,-35.83412],[-72.01005,-35.85623],[-72.03819,-35.87198],[-72.01718,-35.90584],[-72.06444,-35.96745],[-72.0552,-35.9789],[-72.06867,-35.98796],[-72.05821,-35.99607],[-72.08072,-36.07006],[-72.10652,-36.08158],[-72.09867,-36.15568],[-72.13112,-36.19142],[-72.13912,-36.24595],[-72.2373,-36.20698],[-72.27762,-36.26149],[-72.31561,-36.23269],[-72.37251,-36.25718],[-72.4122,-36.20781],[-72.33779,-36.20553],[-72.33844,-36.17441],[-72.35871,-36.15744],[-72.4064,-36.17533],[-72.42637,-36.15722],[-72.50176,-36.14335],[-72.48849,-36.12565],[-72.5014,-36.08697],[-72.49123,-36.07361],[-72.58352,-36.07769],[-72.64682,-36.01666],[-72.63383,-35.95165],[-72.602,-35.9401],[-72.5644,-35.95952],[-72.52656,-35.92344],[-72.49831,-35.9178],[-72.45509,-35.94028],[-72.42725,-35.90697],[-72.46684,-35.84776],[-72.39112,-35.82152],[-72.34145,-35.74963],[-72.32326,-35.67453],[-72.31205,-35.69304],[-72.27155,-35.69433],[-72.23906,-35.73423],[-72.13905,-35.69947],[-72.11301,-35.71773],[-72.06295,-35.71569]]]}},{"type":"Feature","properties":{"comuna":"Río Claro","region":"Región del Maule","codregion":7},"geometry":{"type":"Polygon","coordinates":[[[-71.46203,-35.25598],[-71.43214,-35.24358],[-71.44406,-35.21498],[-71.40913,-35.20339],[-71.36008,-35.14159],[-71.30893,-35.13545],[-71.22656,-35.18267],[-71.11845,-35.30189],[-71.11219,-35.37186],[-71.0559,-35.41315],[-71.03775,-35.45171],[-71.07169,-35.43706],[-71.12106,-35.38021],[-71.15208,-35.38761],[-71.14914,-35.36447],[-71.18958,-35.3353],[-71.25293,-35.32622],[-71.27975,-35.30584],[-71.37113,-35.32393],[-71.39069,-35.3054],[-71.36181,-35.26576],[-71.46203,-35.25598]]]}},{"type":"Feature","properties":{"comuna":"Pelarco","region":"Región del Maule","codregion":7},"geometry":{"type":"Polygon","coordinates":[[[-71.38159,-35.32051],[-71.31718,-35.32242],[-71.27396,-35.30678],[-71.25293,-35.32622],[-71.18958,-35.3353],[-71.14491,-35.37327],[-71.1562,-35.39185],[-71.19214,-35.37209],[-71.253,-35.37005],[-71.2483,-35.43087],[-71.27204,-35.46924],[-71.31105,-35.45454],[-71.31868,-35.43621],[-71.39043,-35.44444],[-71.55911,-35.40976],[-71.54361,-35.359],[-71.43408,-35.36805],[-71.40863,-35.32987],[-71.38159,-35.32051]]]}},{"type":"Feature","properties":{"comuna":"San Javier","region":"Región del Maule","codregion":7},"geometry":{"type":"Polygon","coordinates":[[[-71.58288,-35.58494],[-71.59998,-35.62378],[-71.57892,-35.65234],[-71.59718,-35.65687],[-71.65533,-35.62698],[-71.7668,-35.61703],[-71.74902,-35.64412],[-71.77326,-35.69095],[-71.76321,-35.71019],[-71.79592,-35.77004],[-71.79232,-35.79764],[-71.82149,-35.80861],[-71.80821,-35.84443],[-71.83649,-35.85713],[-71.89572,-35.85117],[-71.89757,-35.83214],[-71.92177,-35.8415],[-71.94895,-35.81841],[-71.96449,-35.82818],[-72.02723,-35.80269],[-72.06896,-35.73903],[-72.03208,-35.67123],[-72.08437,-35.67258],[-72.09119,-35.64578],[-72.12607,-35.64586],[-72.1388,-35.66327],[-72.14981,-35.63566],[-72.18771,-35.61526],[-72.16998,-35.58563],[-72.18753,-35.57718],[-72.11791,-35.45615],[-72.07254,-35.41772],[-71.96851,-35.46993],[-71.88532,-35.46311],[-71.85238,-35.49741],[-71.78838,-35.52097],[-71.75352,-35.5733],[-71.68922,-35.54994],[-71.58288,-35.58494]]]}},{"type":"Feature","properties":{"comuna":"Villa Alegre","region":"Región del Maule","codregion":7},"geometry":{"type":"Polygon","coordinates":[[[-71.57913,-35.65158],[-71.57451,-35.68851],[-71.62089,-35.69202],[-71.64458,-35.73575],[-71.63655,-35.75852],[-71.66031,-35.77897],[-71.70649,-35.7699],[-71.73462,-35.70604],[-71.76456,-35.70735],[-71.77305,-35.69262],[-71.74894,-35.6463],[-71.77026,-35.62441],[-71.74803,-35.6095],[-71.57913,-35.65158]]]}},{"type":"Feature","properties":{"comuna":"Yerbas Buenas","region":"Región del Maule","codregion":7},"geometry":{"type":"Polygon","coordinates":[[[-71.57567,-35.58596],[-71.42872,-35.61631],[-71.48573,-35.69649],[-71.49428,-35.75052],[-71.51813,-35.78319],[-71.66487,-35.78382],[-71.63655,-35.75852],[-71.64458,-35.73575],[-71.62089,-35.69202],[-71.57451,-35.68851],[-71.57395,-35.657],[-71.59998,-35.62378],[-71.57567,-35.58596]]]}},{"type":"Feature","properties":{"comuna":"Maule","region":"Región del Maule","codregion":7},"geometry":{"type":"Polygon","coordinates":[[[-71.56864,-35.53085],[-71.58754,-35.57174],[-71.57357,-35.58648],[-71.68922,-35.54994],[-71.75352,-35.5733],[-71.78838,-35.52097],[-71.85238,-35.49741],[-71.88412,-35.46399],[-71.65907,-35.45095],[-71.56864,-35.53085]]]}},{"type":"Feature","properties":{"comuna":"San Rafael","region":"Región del Maule","codregion":7},"geometry":{"type":"Polygon","coordinates":[[[-71.4621,-35.25561],[-71.36181,-35.26576],[-71.38568,-35.28477],[-71.37758,-35.31663],[-71.40863,-35.32987],[-71.43408,-35.36805],[-71.6095,-35.35786],[-71.64131,-35.33336],[-71.62941,-35.30021],[-71.57162,-35.29091],[-71.55651,-35.22684],[-71.50945,-35.245],[-71.44629,-35.21322],[-71.43214,-35.24358],[-71.4621,-35.25561]]]}},{"type":"Feature","properties":{"comuna":"Sagrada Familia","region":"Región del Maule","codregion":7},"geometry":{"type":"Polygon","coordinates":[[[-71.27368,-35.01139],[-71.24871,-35.02776],[-71.30362,-35.07581],[-71.31806,-35.05496],[-71.33353,-35.07693],[-71.40116,-35.08162],[-71.42459,-35.13891],[-71.45621,-35.16534],[-71.45064,-35.17925],[-71.49921,-35.21158],[-71.49906,-35.24077],[-71.55651,-35.22684],[-71.57768,-35.2058],[-71.629,-35.22816],[-71.67093,-35.20157],[-71.67091,-35.14884],[-71.70157,-35.09949],[-71.62245,-35.08482],[-71.57926,-35.04583],[-71.50128,-35.04283],[-71.42459,-34.98833],[-71.31144,-34.98101],[-71.27368,-35.01139]]]}},{"type":"Feature","properties":{"comuna":"Retiro","region":"Región del Maule","codregion":7},"geometry":{"type":"Polygon","coordinates":[[[-71.82228,-35.83061],[-71.77391,-35.84872],[-71.76447,-35.89125],[-71.72616,-35.91492],[-71.71885,-36.03864],[-71.67866,-36.10435],[-71.56805,-36.19034],[-71.58971,-36.20317],[-71.57508,-36.21124],[-71.66763,-36.21384],[-71.7732,-36.17245],[-71.76826,-36.15337],[-71.79879,-36.12488],[-71.81271,-36.08247],[-71.84561,-36.06816],[-71.87144,-36.00598],[-71.92563,-36.02814],[-71.91102,-36.05626],[-71.89023,-36.06245],[-71.92074,-36.09214],[-71.99397,-36.05179],[-72.00017,-35.98892],[-72.0183,-35.97189],[-72.0094,-35.94809],[-72.02502,-35.93292],[-72.01718,-35.90584],[-72.039,-35.87428],[-72.01005,-35.85623],[-72.02272,-35.83589],[-71.99723,-35.84254],[-71.98204,-35.83613],[-71.9885,-35.82675],[-71.94895,-35.81841],[-71.9244,-35.84085],[-71.89757,-35.83214],[-71.89572,-35.85117],[-71.83649,-35.85713],[-71.80821,-35.84443],[-71.82228,-35.83061]]]}},{"type":"Feature","properties":{"comuna":"Curicó","region":"Región del Maule","codregion":7},"geometry":{"type":"Polygon","coordinates":[[[-70.40989,-35.56009],[-70.42791,-35.55611],[-70.43968,-35.50206],[-70.49772,-35.462],[-70.55361,-35.38144],[-70.60274,-35.3768],[-70.6592,-35.33191],[-70.71264,-35.31584],[-70.84342,-35.30594],[-70.90995,-35.33064],[-70.92832,-35.31096],[-70.97627,-35.30303],[-71.05494,-35.25554],[-71.10319,-35.18891],[-71.12816,-35.18477],[-71.18154,-35.13459],[-71.23591,-35.04029],[-71.28956,-34.99091],[-71.389,-34.98186],[-71.2976,-34.95004],[-71.19691,-34.88827],[-71.15988,-34.91132],[-71.21583,-34.98357],[-71.15922,-34.9631],[-71.11143,-34.99643],[-71.12259,-35.01062],[-71.10591,-35.05911],[-70.96086,-35.08828],[-70.85069,-35.13535],[-70.80426,-35.17503],[-70.72598,-35.19402],[-70.72662,-35.25281],[-70.70455,-35.23983],[-70.64397,-35.24464],[-70.6325,-35.2638],[-70.58716,-35.26213],[-70.56501,-35.30024],[-70.50064,-35.32113],[-70.43217,-35.31849],[-70.41799,-35.35532],[-70.45281,-35.39281],[-70.43855,-35.41267],[-70.45266,-35.42775],[-70.43228,-35.44527],[-70.44682,-35.46316],[-70.4162,-35.48818],[-70.39624,-35.48578],[-70.36753,-35.51962],[-70.41177,-35.52565],[-70.40989,-35.56009]]]}},{"type":"Feature","properties":{"comuna":"Molina","region":"Región del Maule","codregion":7},"geometry":{"type":"Polygon","coordinates":[[[-70.4184,-35.62412],[-70.43254,-35.59617],[-70.46101,-35.59825],[-70.49807,-35.56783],[-70.49485,-35.51578],[-70.54136,-35.46521],[-70.5612,-35.48311],[-70.5932,-35.47728],[-70.61913,-35.51536],[-70.73451,-35.54422],[-70.74818,-35.57243],[-70.78808,-35.50487],[-70.93341,-35.49999],[-71.03477,-35.45935],[-71.0559,-35.41315],[-71.11219,-35.37186],[-71.11845,-35.30189],[-71.22656,-35.18267],[-71.30893,-35.13545],[-71.36008,-35.14159],[-71.42193,-35.21061],[-71.49643,-35.23553],[-71.50077,-35.21442],[-71.45064,-35.17925],[-71.45621,-35.16534],[-71.42459,-35.13891],[-71.40116,-35.08162],[-71.33353,-35.07693],[-71.31806,-35.05496],[-71.30362,-35.07581],[-71.24871,-35.02776],[-71.18154,-35.13459],[-71.12816,-35.18477],[-71.10319,-35.18891],[-71.05494,-35.25554],[-70.97627,-35.30303],[-70.92832,-35.31096],[-70.90995,-35.33064],[-70.84342,-35.30594],[-70.71264,-35.31584],[-70.6592,-35.33191],[-70.60274,-35.3768],[-70.54312,-35.38885],[-70.49772,-35.462],[-70.43968,-35.50206],[-70.42503,-35.55985],[-70.40397,-35.56299],[-70.38466,-35.60549],[-70.40179,-35.62696],[-70.4184,-35.62412]]]}},{"type":"Feature","properties":{"comuna":"Colbún","region":"Región del Maule","codregion":7},"geometry":{"type":"Polygon","coordinates":[[[-71.03531,-36.47424],[-71.06812,-36.44787],[-71.0598,-36.38651],[-71.11388,-36.3618],[-71.10724,-36.33798],[-71.15553,-36.28895],[-71.15559,-36.26248],[-71.0419,-36.21918],[-71.01838,-36.17864],[-71.03197,-36.15125],[-71.01675,-36.13394],[-71.03107,-36.12482],[-71.00568,-36.08759],[-71.04612,-36.04559],[-71.035,-35.99963],[-71.07095,-35.99186],[-71.08037,-36.02634],[-71.13281,-36.00013],[-71.08148,-35.94994],[-71.04385,-35.88265],[-71.04621,-35.85896],[-71.11833,-35.87],[-71.1449,-35.85338],[-71.25684,-35.86141],[-71.33786,-35.83837],[-71.40497,-35.85445],[-71.48425,-35.82029],[-71.5182,-35.78075],[-71.49428,-35.75052],[-71.48573,-35.69649],[-71.44163,-35.64826],[-71.42844,-35.60891],[-71.36596,-35.62798],[-71.33479,-35.6802],[-71.26434,-35.67553],[-71.19815,-35.72565],[-71.07852,-35.70662],[-71.03329,-35.77306],[-71.03579,-35.80807],[-70.99833,-35.83523],[-71.0012,-35.86383],[-70.9795,-35.87005],[-70.93447,-35.94282],[-70.8901,-35.95695],[-70.87237,-35.99066],[-70.78305,-35.96566],[-70.57305,-36.00674],[-70.61912,-36.03861],[-70.59934,-36.05772],[-70.62456,-36.10467],[-70.57278,-36.12141],[-70.5829,-36.14676],[-70.57105,-36.175],[-70.63198,-36.21621],[-70.63241,-36.23903],[-70.66469,-36.2423],[-70.70558,-36.27205],[-70.68439,-36.28564],[-70.7116,-36.33987],[-70.67903,-36.37655],[-70.68848,-36.40785],[-70.73819,-36.42936],[-70.74883,-36.40596],[-70.78689,-36.42906],[-70.81562,-36.39649],[-70.84513,-36.41883],[-70.88433,-36.39653],[-70.89432,-36.47187],[-70.92788,-36.47489],[-70.95719,-36.50344],[-71.03531,-36.47424]]]}},{"type":"Feature","properties":{"comuna":"San Clemente","region":"Región del Maule","codregion":7},"geometry":{"type":"Polygon","coordinates":[[[-70.56789,-36.13279],[-70.62456,-36.10467],[-70.59934,-36.05772],[-70.61912,-36.03861],[-70.61067,-36.02302],[-70.57952,-36.02011],[-70.57732,-36.00306],[-70.6516,-35.98227],[-70.74745,-35.98245],[-70.78305,-35.96566],[-70.87237,-35.99066],[-70.8901,-35.95695],[-70.93447,-35.94282],[-70.9795,-35.87005],[-71.0012,-35.86383],[-70.99833,-35.83523],[-71.03579,-35.80807],[-71.03329,-35.77306],[-71.07852,-35.70662],[-71.19815,-35.72565],[-71.26434,-35.67553],[-71.33697,-35.67908],[-71.36596,-35.62798],[-71.40348,-35.60942],[-71.50468,-35.60864],[-71.57495,-35.587],[-71.58754,-35.57174],[-71.55871,-35.51138],[-71.49796,-35.45194],[-71.49295,-35.42302],[-71.474,-35.42012],[-71.39043,-35.44444],[-71.31868,-35.43621],[-71.31105,-35.45454],[-71.27204,-35.46924],[-71.2483,-35.43087],[-71.253,-35.37005],[-71.19214,-35.37209],[-71.15859,-35.39176],[-71.12106,-35.38021],[-71.04993,-35.45516],[-70.93341,-35.49999],[-70.78808,-35.50487],[-70.74818,-35.57243],[-70.73451,-35.54422],[-70.61913,-35.51536],[-70.5932,-35.47728],[-70.5612,-35.48311],[-70.54136,-35.46521],[-70.49485,-35.51578],[-70.49807,-35.56783],[-70.47229,-35.59328],[-70.42799,-35.60009],[-70.42302,-35.64075],[-70.39736,-35.66393],[-70.40492,-35.67618],[-70.37449,-35.70088],[-70.3582,-35.75327],[-70.38006,-35.76726],[-70.3793,-35.78691],[-70.31258,-35.81359],[-70.36944,-35.84157],[-70.38401,-35.86894],[-70.42085,-35.87562],[-70.42308,-35.91526],[-70.36518,-35.92542],[-70.42203,-35.97064],[-70.37753,-35.99227],[-70.36922,-36.03825],[-70.41063,-36.05735],[-70.42576,-36.09884],[-70.41479,-36.10855],[-70.42095,-36.15604],[-70.48865,-36.17833],[-70.56789,-36.13279]]]}},{"type":"Feature","properties":{"comuna":"Hualañé","region":"Región del Maule","codregion":7},"geometry":{"type":"Polygon","coordinates":[[[-71.84537,-34.82686],[-71.81733,-34.84077],[-71.79456,-34.8277],[-71.71031,-34.9368],[-71.67491,-34.92364],[-71.66752,-34.90454],[-71.68867,-34.89709],[-71.66179,-34.85527],[-71.6141,-34.86691],[-71.60639,-34.88324],[-71.57694,-34.8673],[-71.53419,-34.8696],[-71.57763,-34.93736],[-71.56297,-34.9276],[-71.49637,-34.96515],[-71.46082,-34.96392],[-71.46177,-34.98365],[-71.56561,-35.00798],[-71.5983,-35.03499],[-71.59183,-35.05447],[-71.62245,-35.08482],[-71.7066,-35.09864],[-71.7734,-34.99521],[-71.80714,-34.98955],[-71.81649,-34.97162],[-71.84745,-34.97878],[-71.83114,-34.96933],[-71.85313,-34.94085],[-71.91889,-34.94932],[-71.9376,-34.92437],[-71.94209,-34.85157],[-71.89418,-34.87144],[-71.87284,-34.82199],[-71.84537,-34.82686]]]}},{"type":"Feature","properties":{"comuna":"Rauco","region":"Región del Maule","codregion":7},"geometry":{"type":"Polygon","coordinates":[[[-71.36093,-34.83323],[-71.36403,-34.84779],[-71.336,-34.867],[-71.26351,-34.86855],[-71.26312,-34.92962],[-71.43878,-34.99429],[-71.50128,-35.04283],[-71.59183,-35.05447],[-71.5983,-35.03499],[-71.56561,-35.00798],[-71.48273,-34.99672],[-71.45741,-34.97227],[-71.56297,-34.9276],[-71.57763,-34.93736],[-71.56871,-34.9106],[-71.51562,-34.87571],[-71.46541,-34.90048],[-71.43773,-34.88006],[-71.42166,-34.90412],[-71.39753,-34.8944],[-71.36532,-34.91274],[-71.38739,-34.87419],[-71.3754,-34.8358],[-71.36093,-34.83323]]]}},{"type":"Feature","properties":{"comuna":"Teno","region":"Región del Maule","codregion":7},"geometry":{"type":"Polygon","coordinates":[[[-71.12665,-34.79588],[-71.09872,-34.82813],[-71.06971,-34.82131],[-71.0457,-34.79332],[-70.95821,-34.87168],[-70.88158,-34.85023],[-70.82022,-34.87119],[-70.79754,-34.85292],[-70.76069,-34.86644],[-70.74965,-34.89478],[-70.80072,-34.97075],[-70.79569,-34.98761],[-70.82805,-35.00307],[-70.9815,-34.97059],[-71.00209,-34.94498],[-71.19961,-34.88773],[-71.26312,-34.92962],[-71.26351,-34.86855],[-71.336,-34.867],[-71.36569,-34.84422],[-71.30221,-34.79517],[-71.27887,-34.79165],[-71.26283,-34.82313],[-71.21282,-34.8353],[-71.18914,-34.8044],[-71.1349,-34.78641],[-71.12665,-34.79588]]]}},{"type":"Feature","properties":{"comuna":"Romeral","region":"Región del Maule","codregion":7},"geometry":{"type":"Polygon","coordinates":[[[-70.61681,-34.96952],[-70.54333,-34.93399],[-70.52615,-34.96462],[-70.48727,-34.97587],[-70.47774,-34.99415],[-70.41527,-34.98365],[-70.36502,-35.00529],[-70.36192,-35.03485],[-70.37683,-35.05015],[-70.37375,-35.08545],[-70.35777,-35.09791],[-70.37474,-35.17012],[-70.4723,-35.20386],[-70.518,-35.20649],[-70.52691,-35.19426],[-70.56785,-35.22346],[-70.58237,-35.27225],[-70.59078,-35.26052],[-70.6325,-35.2638],[-70.64397,-35.24464],[-70.70455,-35.23983],[-70.72662,-35.25281],[-70.72598,-35.19402],[-70.80426,-35.17503],[-70.85069,-35.13535],[-70.96086,-35.08828],[-71.05106,-35.06154],[-71.08783,-35.06879],[-71.10591,-35.05911],[-71.12259,-35.01062],[-71.11143,-34.99643],[-71.15922,-34.9631],[-71.21583,-34.98357],[-71.15876,-34.90372],[-71.00209,-34.94498],[-70.9815,-34.97059],[-70.82621,-35.00304],[-70.79569,-34.98761],[-70.80072,-34.97075],[-70.74811,-34.88469],[-70.68591,-34.92389],[-70.66151,-34.96611],[-70.62228,-34.98765],[-70.61681,-34.96952]]]}},{"type":"Feature","properties":{"comuna":"Parral","region":"Región del Maule","codregion":7},"geometry":{"type":"Polygon","coordinates":[[[-71.93027,-36.08927],[-71.89023,-36.06245],[-71.91102,-36.05626],[-71.92563,-36.02814],[-71.87144,-36.00598],[-71.84561,-36.06816],[-71.81271,-36.08247],[-71.79879,-36.12488],[-71.76826,-36.15337],[-71.77572,-36.17001],[-71.72151,-36.20201],[-71.60619,-36.21812],[-71.56401,-36.19606],[-71.55754,-36.22146],[-71.5214,-36.23802],[-71.48374,-36.21915],[-71.44872,-36.23702],[-71.38654,-36.22932],[-71.34171,-36.25572],[-71.30198,-36.30133],[-71.28712,-36.34752],[-71.23711,-36.37929],[-71.16712,-36.3866],[-71.12567,-36.32695],[-71.10724,-36.33798],[-71.11032,-36.3553],[-71.15567,-36.40556],[-71.19238,-36.41287],[-71.22493,-36.46267],[-71.26164,-36.44046],[-71.28212,-36.44944],[-71.32028,-36.53198],[-71.33909,-36.54305],[-71.35284,-36.51252],[-71.4101,-36.50291],[-71.43838,-36.43295],[-71.46724,-36.41206],[-71.57124,-36.40434],[-71.70054,-36.35346],[-71.78518,-36.29365],[-71.81151,-36.2548],[-71.86354,-36.24593],[-71.90831,-36.26864],[-71.95591,-36.25061],[-71.9743,-36.25864],[-71.99946,-36.22663],[-71.99062,-36.20867],[-72.02352,-36.1744],[-72.07291,-36.15613],[-72.07543,-36.13115],[-72.09907,-36.13712],[-72.10316,-36.12329],[-72.10652,-36.08158],[-72.08072,-36.07006],[-72.05821,-35.99607],[-72.06867,-35.98796],[-72.0552,-35.9789],[-72.06444,-35.96745],[-72.02813,-35.91591],[-72.0094,-35.94809],[-72.0183,-35.97189],[-72.00017,-35.98892],[-71.99397,-36.05179],[-71.93027,-36.08927]]]}},{"type":"Feature","properties":{"comuna":"Cañete","region":"Región del Bío-Bío","codregion":8},"geometry":{"type":"Polygon","coordinates":[[[-73.11409,-37.70352],[-73.10268,-37.72642],[-73.0687,-37.70936],[-73.02347,-37.72146],[-73.0163,-37.75285],[-73.04137,-37.77972],[-73.02342,-37.8044],[-73.04693,-37.84453],[-73.07678,-37.86245],[-73.14824,-37.8479],[-73.20196,-37.87619],[-73.27533,-37.83935],[-73.25852,-37.85912],[-73.32305,-37.91312],[-73.292,-37.92262],[-73.29705,-37.94039],[-73.35229,-37.94611],[-73.30635,-37.97554],[-73.31238,-37.99878],[-73.27032,-38.01998],[-73.25201,-38.06028],[-73.31152,-38.06368],[-73.30078,-38.1001],[-73.31841,-38.1146],[-73.37535,-38.12856],[-73.41438,-38.11322],[-73.44431,-38.13066],[-73.47885,-37.99445],[-73.54528,-37.86977],[-73.49629,-37.83949],[-73.43407,-37.71442],[-73.40371,-37.71413],[-73.39076,-37.69645],[-73.37262,-37.71175],[-73.36622,-37.69205],[-73.23116,-37.7468],[-73.21486,-37.72243],[-73.13034,-37.71708],[-73.11409,-37.70352]]]}},{"type":"Feature","properties":{"comuna":"Contulmo","region":"Región del Bío-Bío","codregion":8},"geometry":{"type":"Polygon","coordinates":[[[-73.07678,-37.86245],[-73.12543,-37.87787],[-73.13042,-37.89481],[-73.11055,-37.90793],[-73.11965,-37.95843],[-73.18489,-37.98675],[-73.2063,-38.04073],[-73.20627,-38.05311],[-73.16784,-38.05735],[-73.15507,-38.07575],[-73.08065,-38.09573],[-73.07318,-38.12823],[-73.08927,-38.14694],[-73.07767,-38.17695],[-73.09349,-38.19216],[-73.13199,-38.18402],[-73.13807,-38.21544],[-73.20118,-38.23111],[-73.22199,-38.27168],[-73.27712,-38.29736],[-73.23336,-38.24313],[-73.32533,-38.16918],[-73.32754,-38.11693],[-73.30235,-38.10556],[-73.31152,-38.06368],[-73.25201,-38.06028],[-73.27032,-38.01998],[-73.31238,-37.99878],[-73.30635,-37.97554],[-73.35229,-37.94611],[-73.29705,-37.94039],[-73.292,-37.92262],[-73.32305,-37.91312],[-73.25852,-37.85912],[-73.27437,-37.83869],[-73.20196,-37.87619],[-73.14824,-37.8479],[-73.07678,-37.86245]]]}},{"type":"Feature","properties":{"comuna":"Curanilahue","region":"Región del Bío-Bío","codregion":8},"geometry":{"type":"Polygon","coordinates":[[[-73.13326,-37.35693],[-73.1158,-37.36705],[-73.12151,-37.42817],[-73.03736,-37.44761],[-73.00869,-37.44007],[-72.98127,-37.45666],[-73.0233,-37.49938],[-73.00435,-37.52542],[-73.00916,-37.5476],[-73.06527,-37.59958],[-73.05377,-37.6079],[-73.07392,-37.62787],[-73.0587,-37.63973],[-73.06823,-37.65986],[-73.10595,-37.68748],[-73.12658,-37.68146],[-73.12676,-37.64053],[-73.16338,-37.60747],[-73.3125,-37.59435],[-73.38191,-37.54733],[-73.42667,-37.5437],[-73.43884,-37.55902],[-73.4444,-37.52001],[-73.41869,-37.47586],[-73.48881,-37.45254],[-73.47962,-37.43053],[-73.50562,-37.42508],[-73.4866,-37.38412],[-73.42665,-37.3676],[-73.39872,-37.32878],[-73.39089,-37.3556],[-73.3338,-37.34526],[-73.30649,-37.35967],[-73.27901,-37.32965],[-73.2234,-37.35703],[-73.13326,-37.35693]]]}},{"type":"Feature","properties":{"comuna":"Lebu","region":"Región del Bío-Bío","codregion":8},"geometry":{"type":"MultiPolygon","coordinates":[[[[-73.95076,-38.31613],[-73.86574,-38.36892],[-73.88509,-38.41801],[-73.93995,-38.41795],[-73.92955,-38.39513],[-73.95066,-38.37288],[-73.94553,-38.33472],[-73.96143,-38.31964],[-73.95076,-38.31613]]],[[[-73.59729,-37.43958],[-73.54076,-37.45029],[-73.50728,-37.42153],[-73.47962,-37.43053],[-73.48881,-37.45254],[-73.41869,-37.47586],[-73.4444,-37.52001],[-73.44234,-37.55121],[-73.46339,-37.55824],[-73.45435,-37.5713],[-73.47608,-37.59919],[-73.50229,-37.59135],[-73.50653,-37.61519],[-73.54093,-37.58503],[-73.50465,-37.65168],[-73.49369,-37.64821],[-73.51936,-37.66722],[-73.49985,-37.69438],[-73.51493,-37.74799],[-73.57852,-37.81634],[-73.66441,-37.72611],[-73.65204,-37.71704],[-73.66349,-37.70982],[-73.65435,-37.6774],[-73.6803,-37.62967],[-73.66884,-37.59177],[-73.64291,-37.58298],[-73.64532,-37.55651],[-73.59791,-37.52823],[-73.59729,-37.43958]]]]}},{"type":"Feature","properties":{"comuna":"Los Alamos","region":"Región del Bío-Bío","codregion":8},"geometry":{"type":"Polygon","coordinates":[[[-73.11796,-37.68761],[-73.12889,-37.7166],[-73.21486,-37.72243],[-73.23116,-37.7468],[-73.3525,-37.69432],[-73.37362,-37.69663],[-73.37262,-37.71175],[-73.39076,-37.69645],[-73.40371,-37.71413],[-73.43407,-37.71442],[-73.49629,-37.83949],[-73.5396,-37.87061],[-73.5817,-37.81625],[-73.55756,-37.80742],[-73.51493,-37.74799],[-73.49985,-37.69438],[-73.51936,-37.66722],[-73.49369,-37.64821],[-73.50465,-37.65168],[-73.54093,-37.58503],[-73.5055,-37.6154],[-73.50229,-37.59135],[-73.47854,-37.60084],[-73.45435,-37.5713],[-73.46339,-37.55824],[-73.43075,-37.56039],[-73.42667,-37.5437],[-73.38191,-37.54733],[-73.3125,-37.59435],[-73.16168,-37.60822],[-73.12676,-37.64053],[-73.11796,-37.68761]]]}},{"type":"Feature","properties":{"comuna":"Laja","region":"Región del Bío-Bío","codregion":8},"geometry":{"type":"Polygon","coordinates":[[[-72.50927,-37.24897],[-72.43412,-37.34259],[-72.48462,-37.39277],[-72.58089,-37.39309],[-72.62504,-37.38188],[-72.63615,-37.36474],[-72.67141,-37.3728],[-72.70643,-37.34899],[-72.7324,-37.27346],[-72.62269,-37.23019],[-72.50927,-37.24897]]]}},{"type":"Feature","properties":{"comuna":"Los Angeles","region":"Región del Bío-Bío","codregion":8},"geometry":{"type":"Polygon","coordinates":[[[-72.06202,-37.1935],[-72.03999,-37.20515],[-72.06713,-37.23011],[-72.0857,-37.22063],[-72.13664,-37.3161],[-72.09672,-37.32084],[-72.08529,-37.39089],[-72.06781,-37.40011],[-72.06829,-37.42607],[-72.10219,-37.43052],[-72.10577,-37.4466],[-72.04222,-37.44723],[-72.0986,-37.50558],[-72.17668,-37.54238],[-72.1236,-37.56599],[-72.15745,-37.58605],[-72.17532,-37.66309],[-72.2036,-37.65216],[-72.23171,-37.61067],[-72.26573,-37.61623],[-72.26897,-37.60111],[-72.33174,-37.58904],[-72.34839,-37.56924],[-72.37322,-37.57695],[-72.44112,-37.55689],[-72.57468,-37.57969],[-72.60375,-37.52507],[-72.59985,-37.50486],[-72.68173,-37.47579],[-72.66214,-37.36692],[-72.53026,-37.39619],[-72.48462,-37.39277],[-72.43247,-37.35316],[-72.43804,-37.32546],[-72.50886,-37.25148],[-72.47072,-37.21906],[-72.27732,-37.20498],[-72.24475,-37.18244],[-72.16034,-37.19741],[-72.11406,-37.17869],[-72.06202,-37.1935]]]}},{"type":"Feature","properties":{"comuna":"Mulchén","region":"Región del Bío-Bío","codregion":8},"geometry":{"type":"Polygon","coordinates":[[[-72.17532,-37.66309],[-72.09863,-37.7072],[-71.99211,-37.73375],[-71.96687,-37.76345],[-71.9698,-37.80844],[-71.91995,-37.84273],[-71.78022,-37.89473],[-71.75904,-37.92866],[-71.69201,-37.93115],[-71.67198,-37.95517],[-71.64151,-37.95985],[-71.65671,-38.00397],[-71.64423,-38.01359],[-71.64893,-38.04455],[-71.62248,-38.05389],[-71.63605,-38.09345],[-71.61464,-38.10195],[-71.62146,-38.12424],[-71.64086,-38.13734],[-71.65971,-38.12625],[-71.68622,-38.18221],[-71.70667,-38.18855],[-71.69421,-38.16871],[-71.72132,-38.1458],[-71.70071,-38.06946],[-71.73794,-38.04133],[-71.77657,-38.0303],[-71.88875,-38.07556],[-71.96633,-37.99394],[-72.04855,-38.01414],[-72.10091,-37.99878],[-72.1302,-37.95236],[-72.1888,-37.92683],[-72.24547,-37.87836],[-72.31774,-37.88156],[-72.35545,-37.85188],[-72.40016,-37.84261],[-72.47945,-37.74795],[-72.47237,-37.70884],[-72.49164,-37.65537],[-72.47639,-37.63124],[-72.4948,-37.62191],[-72.48075,-37.61648],[-72.48171,-37.58471],[-72.53104,-37.57809],[-72.44112,-37.55689],[-72.37322,-37.57695],[-72.34839,-37.56924],[-72.33174,-37.58904],[-72.26897,-37.60111],[-72.26573,-37.61623],[-72.23171,-37.61067],[-72.2036,-37.65216],[-72.17532,-37.66309]]]}},{"type":"Feature","properties":{"comuna":"Nacimiento","region":"Región del Bío-Bío","codregion":8},"geometry":{"type":"Polygon","coordinates":[[[-72.67141,-37.3728],[-72.68173,-37.47579],[-72.59501,-37.51206],[-72.61941,-37.53406],[-72.65281,-37.53441],[-72.63335,-37.59992],[-72.65798,-37.62708],[-72.72756,-37.62582],[-72.77608,-37.58173],[-72.80237,-37.59604],[-72.85307,-37.59034],[-72.92695,-37.61958],[-72.99616,-37.61803],[-73.01244,-37.63037],[-73.07083,-37.6209],[-73.05377,-37.6079],[-73.06147,-37.59443],[-73.01356,-37.55837],[-73.00435,-37.52542],[-73.0233,-37.49938],[-72.96924,-37.44798],[-72.96454,-37.40172],[-72.92383,-37.35351],[-72.89441,-37.34393],[-72.87693,-37.35651],[-72.83223,-37.33352],[-72.81131,-37.34439],[-72.80417,-37.30759],[-72.74993,-37.32291],[-72.72904,-37.27584],[-72.70643,-37.34899],[-72.67141,-37.3728]]]}},{"type":"Feature","properties":{"comuna":"Negrete","region":"Región del Bío-Bío","codregion":8},"geometry":{"type":"Polygon","coordinates":[[[-72.53104,-37.57809],[-72.48171,-37.58471],[-72.48075,-37.61648],[-72.4948,-37.62191],[-72.47639,-37.63124],[-72.49164,-37.65537],[-72.50683,-37.64367],[-72.53752,-37.66559],[-72.65081,-37.66476],[-72.64037,-37.64225],[-72.65328,-37.61928],[-72.63335,-37.59992],[-72.65281,-37.53441],[-72.61941,-37.53406],[-72.60595,-37.51896],[-72.57468,-37.57969],[-72.53104,-37.57809]]]}},{"type":"Feature","properties":{"comuna":"Quilaco","region":"Región del Bío-Bío","codregion":8},"geometry":{"type":"Polygon","coordinates":[[[-71.68096,-37.80731],[-71.69129,-37.8394],[-71.67472,-37.86765],[-71.60218,-37.91373],[-71.60495,-37.92756],[-71.56825,-37.93169],[-71.5519,-37.98401],[-71.48313,-38.0046],[-71.47841,-38.04418],[-71.43911,-38.05822],[-71.41077,-38.11212],[-71.43604,-38.17698],[-71.50983,-38.20933],[-71.53183,-38.204],[-71.53053,-38.22637],[-71.55396,-38.24619],[-71.57989,-38.2311],[-71.60864,-38.24089],[-71.64747,-38.3145],[-71.70935,-38.26598],[-71.68798,-38.24533],[-71.71556,-38.21007],[-71.66546,-38.13079],[-71.64086,-38.13734],[-71.61334,-38.10865],[-71.63605,-38.09345],[-71.62248,-38.05389],[-71.64975,-38.04267],[-71.64423,-38.01359],[-71.65671,-38.00397],[-71.64151,-37.95985],[-71.67198,-37.95517],[-71.69201,-37.93115],[-71.75904,-37.92866],[-71.78022,-37.89473],[-71.91995,-37.84273],[-71.9698,-37.80844],[-71.96687,-37.76345],[-71.99211,-37.73375],[-72.09863,-37.7072],[-72.15715,-37.66399],[-72.08551,-37.64796],[-72.03663,-37.67974],[-71.94906,-37.68513],[-71.89403,-37.71578],[-71.82282,-37.70945],[-71.77721,-37.76194],[-71.71329,-37.77188],[-71.68096,-37.80731]]]}},{"type":"Feature","properties":{"comuna":"Quilleco","region":"Región del Bío-Bío","codregion":8},"geometry":{"type":"Polygon","coordinates":[[[-71.92445,-37.34856],[-71.87217,-37.35755],[-71.79133,-37.34385],[-71.75235,-37.37177],[-71.64177,-37.40347],[-71.56926,-37.46919],[-71.48667,-37.45596],[-71.46396,-37.46658],[-71.47547,-37.49179],[-71.46269,-37.55872],[-71.50062,-37.57112],[-71.54813,-37.54157],[-71.67677,-37.54559],[-71.7357,-37.5102],[-71.79182,-37.50346],[-71.85694,-37.51276],[-71.89736,-37.54951],[-71.9728,-37.53176],[-72.15745,-37.58605],[-72.12365,-37.56479],[-72.17668,-37.54238],[-72.0986,-37.50558],[-72.04222,-37.44723],[-72.10577,-37.4466],[-72.10219,-37.43052],[-72.06829,-37.42607],[-72.06781,-37.40011],[-72.08529,-37.39089],[-72.09672,-37.32084],[-72.13664,-37.3161],[-72.0857,-37.22063],[-72.06713,-37.23011],[-72.03219,-37.21074],[-71.95762,-37.32674],[-71.92445,-37.34856]]]}},{"type":"Feature","properties":{"comuna":"San Rosendo","region":"Región del Bío-Bío","codregion":8},"geometry":{"type":"Polygon","coordinates":[[[-72.79204,-37.16738],[-72.75133,-37.19498],[-72.73442,-37.1832],[-72.67778,-37.18798],[-72.67251,-37.17271],[-72.63419,-37.21806],[-72.642,-37.23763],[-72.7324,-37.27346],[-72.76852,-37.21255],[-72.82378,-37.19997],[-72.81832,-37.17862],[-72.79204,-37.16738]]]}},{"type":"Feature","properties":{"comuna":"Tucapel","region":"Región del Bío-Bío","codregion":8},"geometry":{"type":"Polygon","coordinates":[[[-71.92445,-37.34856],[-71.95762,-37.32674],[-71.96777,-37.29271],[-72.06202,-37.1935],[-72.05336,-37.17489],[-72.06625,-37.16786],[-72.03265,-37.16627],[-71.98772,-37.19345],[-71.89822,-37.18445],[-71.85056,-37.16223],[-71.84298,-37.12836],[-71.79705,-37.10865],[-71.68705,-37.1444],[-71.58198,-37.12447],[-71.56255,-37.13386],[-71.54028,-37.06371],[-71.51374,-37.0674],[-71.51421,-37.08506],[-71.48839,-37.1057],[-71.51385,-37.14892],[-71.5069,-37.19599],[-71.52312,-37.23724],[-71.51085,-37.28429],[-71.52889,-37.3142],[-71.67128,-37.31025],[-71.8782,-37.3312],[-71.92445,-37.34856]]]}},{"type":"Feature","properties":{"comuna":"Chiguayante","region":"Región del Bío-Bío","codregion":8},"geometry":{"type":"Polygon","coordinates":[[[-72.94312,-36.90387],[-72.97467,-36.93692],[-72.99502,-36.91543],[-73.0001,-36.95068],[-73.01948,-36.96621],[-73.06357,-36.8531],[-72.99649,-36.86209],[-72.98898,-36.876],[-72.95199,-36.86435],[-72.94312,-36.90387]]]}},{"type":"Feature","properties":{"comuna":"Concepción","region":"Región del Bío-Bío","codregion":8},"geometry":{"type":"Polygon","coordinates":[[[-72.86371,-36.79452],[-72.84688,-36.79274],[-72.84471,-36.83811],[-72.86971,-36.86228],[-72.84712,-36.91475],[-72.8862,-36.92725],[-72.92755,-36.89099],[-72.94312,-36.90387],[-72.9471,-36.86662],[-72.98898,-36.876],[-72.99649,-36.86209],[-73.06357,-36.8531],[-73.09059,-36.82163],[-73.0424,-36.77407],[-73.023,-36.7869],[-72.94266,-36.76417],[-72.90717,-36.79799],[-72.86371,-36.79452]]]}},{"type":"Feature","properties":{"comuna":"Coronel","region":"Región del Bío-Bío","codregion":8},"geometry":{"type":"MultiPolygon","coordinates":[[[[-73.5233,-36.97219],[-73.52125,-37.00686],[-73.46084,-37.05043],[-73.50893,-37.04296],[-73.51987,-37.07805],[-73.55607,-37.02568],[-73.53675,-36.97389],[-73.5233,-36.97219]]],[[[-73.15337,-36.90482],[-73.08651,-36.92415],[-73.06608,-36.97509],[-73.03229,-36.95309],[-72.99244,-36.9782],[-72.95829,-36.97065],[-72.97886,-37.01659],[-72.97711,-37.06917],[-73.02161,-37.0718],[-73.03984,-37.10335],[-73.07501,-37.07534],[-73.07965,-37.04883],[-73.14272,-37.0729],[-73.14958,-37.0294],[-73.1776,-37.0288],[-73.18818,-37.00113],[-73.15337,-36.90482]]]]}},{"type":"Feature","properties":{"comuna":"Florida","region":"Región del Bío-Bío","codregion":8},"geometry":{"type":"Polygon","coordinates":[[[-72.59352,-36.73179],[-72.59291,-36.81637],[-72.53845,-36.84958],[-72.57315,-36.86569],[-72.56052,-36.88926],[-72.64532,-36.88374],[-72.65777,-36.91086],[-72.64742,-36.95231],[-72.68136,-36.93703],[-72.72655,-36.95982],[-72.79037,-36.94128],[-72.80997,-36.96314],[-72.82447,-36.95781],[-72.86971,-36.86228],[-72.84471,-36.83811],[-72.84688,-36.79274],[-72.86371,-36.79452],[-72.87033,-36.778],[-72.85804,-36.74668],[-72.73699,-36.72867],[-72.70504,-36.70481],[-72.71958,-36.65537],[-72.69719,-36.65258],[-72.61885,-36.6897],[-72.59352,-36.73179]]]}},{"type":"Feature","properties":{"comuna":"Hualqui","region":"Región del Bío-Bío","codregion":8},"geometry":{"type":"Polygon","coordinates":[[[-72.84712,-36.91475],[-72.82068,-36.96136],[-72.79283,-36.94132],[-72.73736,-36.95886],[-72.77494,-37.00203],[-72.72314,-37.02987],[-72.75177,-37.07226],[-72.77656,-37.07702],[-72.76598,-37.14162],[-72.81832,-37.17862],[-72.82378,-37.19997],[-72.8524,-37.20275],[-72.87343,-37.17995],[-72.92555,-37.17029],[-72.9619,-37.14364],[-72.97968,-37.10694],[-72.97886,-37.01659],[-72.95558,-36.97318],[-73.01948,-36.96621],[-73.0001,-36.95068],[-72.99502,-36.91543],[-72.97467,-36.93692],[-72.93544,-36.89314],[-72.8862,-36.92725],[-72.84712,-36.91475]]]}},{"type":"Feature","properties":{"comuna":"Lota","region":"Región del Bío-Bío","codregion":8},"geometry":{"type":"Polygon","coordinates":[[[-73.1458,-37.06825],[-73.1145,-37.06983],[-73.07965,-37.04883],[-73.07501,-37.07534],[-73.04282,-37.09869],[-73.0667,-37.19744],[-73.08017,-37.20203],[-73.1159,-37.15368],[-73.18546,-37.1523],[-73.15214,-37.11495],[-73.17422,-37.08867],[-73.1458,-37.06825]]]}},{"type":"Feature","properties":{"comuna":"San Pedro de la Paz","region":"Región del Bío-Bío","codregion":8},"geometry":{"type":"Polygon","coordinates":[[[-73.17136,-36.81265],[-73.07636,-36.83082],[-73.03229,-36.95309],[-73.06608,-36.97509],[-73.08651,-36.92415],[-73.15337,-36.90482],[-73.15384,-36.83125],[-73.17136,-36.81265]]]}},{"type":"Feature","properties":{"comuna":"Santa Juana","region":"Región del Bío-Bío","codregion":8},"geometry":{"type":"Polygon","coordinates":[[[-72.97711,-37.06917],[-72.97968,-37.10694],[-72.96029,-37.14581],[-72.92555,-37.17029],[-72.87343,-37.17995],[-72.8524,-37.20275],[-72.77047,-37.21106],[-72.74601,-37.23158],[-72.72685,-37.29472],[-72.74993,-37.32291],[-72.80417,-37.30759],[-72.81131,-37.34439],[-72.83223,-37.33352],[-72.87693,-37.35651],[-72.89441,-37.34393],[-72.92383,-37.35351],[-72.96454,-37.40172],[-72.97726,-37.45096],[-73.12151,-37.42817],[-73.1158,-37.36705],[-73.13357,-37.35209],[-73.1116,-37.33177],[-73.08777,-37.25948],[-73.06656,-37.25659],[-73.08382,-37.23863],[-73.10719,-37.24208],[-73.11869,-37.22114],[-73.0667,-37.19744],[-73.04728,-37.10978],[-73.02165,-37.09058],[-73.02283,-37.07287],[-72.97711,-37.06917]]]}},{"type":"Feature","properties":{"comuna":"Yumbel","region":"Región del Bío-Bío","codregion":8},"geometry":{"type":"Polygon","coordinates":[[[-72.51695,-36.93948],[-72.50713,-36.96633],[-72.52766,-37.04808],[-72.51082,-37.08034],[-72.53268,-37.09791],[-72.47071,-37.11618],[-72.51163,-37.13541],[-72.44226,-37.14952],[-72.45134,-37.18788],[-72.43074,-37.18436],[-72.42243,-37.2145],[-72.4634,-37.21584],[-72.50927,-37.24897],[-72.58376,-37.22931],[-72.642,-37.23763],[-72.63419,-37.21806],[-72.67251,-37.17271],[-72.67778,-37.18798],[-72.73442,-37.1832],[-72.75133,-37.19498],[-72.79204,-37.16738],[-72.76406,-37.13811],[-72.7792,-37.11882],[-72.77656,-37.07702],[-72.75177,-37.07226],[-72.72366,-37.03743],[-72.72756,-37.01871],[-72.77494,-37.00203],[-72.73906,-36.95978],[-72.68476,-36.93727],[-72.64742,-36.95231],[-72.64828,-36.91839],[-72.51695,-36.93948]]]}},{"type":"Feature","properties":{"comuna":"Cabrero","region":"Región del Bío-Bío","codregion":8},"geometry":{"type":"Polygon","coordinates":[[[-72.38535,-36.91185],[-72.35324,-36.93879],[-72.34344,-36.97028],[-72.22932,-37.00911],[-72.18216,-37.04682],[-72.26139,-37.09265],[-72.27732,-37.20498],[-72.42161,-37.21491],[-72.43074,-37.18436],[-72.45134,-37.18788],[-72.44226,-37.14952],[-72.51163,-37.13541],[-72.47071,-37.11618],[-72.53268,-37.09791],[-72.51082,-37.08034],[-72.52787,-37.03045],[-72.50713,-36.96633],[-72.50954,-36.90311],[-72.45729,-36.90477],[-72.46155,-36.92719],[-72.42021,-36.93105],[-72.38535,-36.91185]]]}},{"type":"Feature","properties":{"comuna":"Antuco","region":"Región del Bío-Bío","codregion":8},"geometry":{"type":"Polygon","coordinates":[[[-71.20061,-37.65437],[-71.24297,-37.65842],[-71.281,-37.58731],[-71.33097,-37.54821],[-71.35186,-37.5549],[-71.39327,-37.51534],[-71.41708,-37.46193],[-71.47136,-37.47307],[-71.50273,-37.45429],[-71.56693,-37.46993],[-71.64177,-37.40347],[-71.75235,-37.37177],[-71.79133,-37.34385],[-71.87217,-37.35755],[-71.92445,-37.34856],[-71.8782,-37.3312],[-71.67128,-37.31025],[-71.573,-37.32123],[-71.52377,-37.31091],[-71.50893,-37.26012],[-71.52312,-37.23724],[-71.5069,-37.19599],[-71.51385,-37.14892],[-71.48448,-37.11544],[-71.51374,-37.0674],[-71.54561,-37.05985],[-71.55168,-37.01961],[-71.5359,-37.00911],[-71.48002,-37.01975],[-71.45863,-37.06621],[-71.40888,-37.09047],[-71.38414,-37.06711],[-71.32867,-37.07748],[-71.27089,-37.11132],[-71.18854,-37.09776],[-71.15544,-37.11607],[-71.09623,-37.10961],[-71.09553,-37.12538],[-71.13517,-37.14636],[-71.11572,-37.20771],[-71.16975,-37.22511],[-71.15553,-37.23396],[-71.18739,-37.27628],[-71.22074,-37.27491],[-71.20795,-37.33831],[-71.18636,-37.35577],[-71.20205,-37.36581],[-71.19859,-37.3823],[-71.15254,-37.40148],[-71.11848,-37.46915],[-71.1324,-37.5284],[-71.14983,-37.5397],[-71.12774,-37.5872],[-71.1773,-37.6156],[-71.20061,-37.65437]]]}},{"type":"Feature","properties":{"comuna":"Alto Biobío","region":"Región del Bío-Bío","codregion":8},"geometry":{"type":"Polygon","coordinates":[[[-71.20061,-37.65437],[-71.20932,-37.69835],[-71.15566,-37.75702],[-71.17072,-37.78047],[-71.15313,-37.80994],[-71.12595,-37.82016],[-71.18339,-37.85835],[-71.14183,-37.85887],[-71.09933,-37.90166],[-71.11418,-37.95174],[-71.06164,-37.9711],[-71.05613,-38.04367],[-70.99283,-38.08292],[-70.99177,-38.11136],[-71.04497,-38.12229],[-71.08532,-38.08965],[-71.15293,-38.11073],[-71.26167,-38.09715],[-71.28289,-38.11041],[-71.30353,-38.09018],[-71.35362,-38.08431],[-71.41556,-38.10654],[-71.43911,-38.05822],[-71.47841,-38.04418],[-71.48313,-38.0046],[-71.5519,-37.98401],[-71.56825,-37.93169],[-71.60495,-37.92756],[-71.59999,-37.91571],[-71.69089,-37.84193],[-71.65841,-37.76669],[-71.62331,-37.77021],[-71.59953,-37.75305],[-71.61291,-37.73125],[-71.58223,-37.68027],[-71.54639,-37.68728],[-71.49671,-37.63959],[-71.38471,-37.63364],[-71.38253,-37.56576],[-71.33097,-37.54821],[-71.281,-37.58731],[-71.24297,-37.65842],[-71.20061,-37.65437]]]}},{"type":"Feature","properties":{"comuna":"Tirúa","region":"Región del Bío-Bío","codregion":8},"geometry":{"type":"Polygon","coordinates":[[[-73.51726,-38.48118],[-73.52951,-38.3874],[-73.50748,-38.36766],[-73.49582,-38.32421],[-73.51408,-38.26092],[-73.47074,-38.23428],[-73.45213,-38.11634],[-73.44151,-38.13096],[-73.4144,-38.11322],[-73.37863,-38.12848],[-73.32755,-38.11693],[-73.32535,-38.16918],[-73.23337,-38.24313],[-73.34115,-38.36593],[-73.30766,-38.37557],[-73.30905,-38.41182],[-73.2721,-38.43597],[-73.2884,-38.45093],[-73.27463,-38.49005],[-73.32137,-38.48236],[-73.32038,-38.43759],[-73.3829,-38.39889],[-73.43738,-38.44903],[-73.46951,-38.4561],[-73.47381,-38.47308],[-73.51726,-38.48118]]]}},{"type":"Feature","properties":{"comuna":"Hualpén","region":"Región del Bío-Bío","codregion":8},"geometry":{"type":"Polygon","coordinates":[[[-73.15153,-36.76301],[-73.0664,-36.79555],[-73.09059,-36.82163],[-73.17511,-36.81339],[-73.193,-36.78123],[-73.21872,-36.78056],[-73.18932,-36.74629],[-73.17356,-36.76625],[-73.15153,-36.76301]]]}},{"type":"Feature","properties":{"comuna":"Talcahuano","region":"Región del Bío-Bío","codregion":8},"geometry":{"type":"MultiPolygon","coordinates":[[[[-73.00968,-36.73863],[-73.03156,-36.74527],[-73.0664,-36.79555],[-73.15153,-36.76301],[-73.12693,-36.73172],[-73.16019,-36.71072],[-73.13693,-36.69347],[-73.11701,-36.6147],[-73.0907,-36.62901],[-73.10733,-36.72111],[-73.00968,-36.73863]]],[[[-73.04909,-36.60401],[-73.05543,-36.64324],[-73.07135,-36.64787],[-73.04909,-36.60401]]]]}},{"type":"Feature","properties":{"comuna":"Penco","region":"Región del Bío-Bío","codregion":8},"geometry":{"type":"Polygon","coordinates":[[[-72.97403,-36.69008],[-72.92572,-36.6953],[-72.91062,-36.72033],[-72.89178,-36.7073],[-72.85667,-36.74948],[-72.86371,-36.79452],[-72.90717,-36.79799],[-72.94266,-36.76417],[-73.023,-36.7869],[-73.04018,-36.77661],[-73.04713,-36.76257],[-72.99202,-36.73258],[-72.97403,-36.69008]]]}},{"type":"Feature","properties":{"comuna":"Tomé","region":"Región del Bío-Bío","codregion":8},"geometry":{"type":"Polygon","coordinates":[[[-72.8825,-36.44542],[-72.85405,-36.46231],[-72.80976,-36.45972],[-72.80023,-36.49682],[-72.8261,-36.54267],[-72.79778,-36.56357],[-72.79825,-36.60597],[-72.76455,-36.60532],[-72.77713,-36.62403],[-72.73267,-36.61929],[-72.70504,-36.70481],[-72.73699,-36.72867],[-72.8657,-36.74891],[-72.89178,-36.7073],[-72.91062,-36.72033],[-72.92572,-36.6953],[-72.96973,-36.69568],[-72.98444,-36.6728],[-72.956,-36.62685],[-73.00087,-36.57961],[-72.97871,-36.55966],[-72.97481,-36.52619],[-72.95361,-36.52671],[-72.95497,-36.55677],[-72.93162,-36.54322],[-72.9326,-36.52052],[-72.90613,-36.49729],[-72.91755,-36.48017],[-72.8976,-36.44618],[-72.8825,-36.44542]]]}},{"type":"Feature","properties":{"comuna":"Arauco","region":"Región del Bío-Bío","codregion":8},"geometry":{"type":"Polygon","coordinates":[[[-73.18546,-37.1523],[-73.1159,-37.15368],[-73.08017,-37.20203],[-73.11861,-37.22421],[-73.06656,-37.25659],[-73.08777,-37.25948],[-73.13326,-37.35693],[-73.2234,-37.35703],[-73.27901,-37.32965],[-73.30649,-37.35967],[-73.3338,-37.34526],[-73.39089,-37.3556],[-73.39872,-37.32878],[-73.42665,-37.3676],[-73.4866,-37.38412],[-73.5024,-37.42228],[-73.55868,-37.45097],[-73.59729,-37.43958],[-73.63484,-37.37506],[-73.66947,-37.35814],[-73.68419,-37.3668],[-73.66973,-37.3408],[-73.68385,-37.33534],[-73.65574,-37.29953],[-73.67254,-37.29344],[-73.65686,-37.27563],[-73.64959,-37.20279],[-73.58808,-37.14612],[-73.55928,-37.16876],[-73.56703,-37.19147],[-73.54265,-37.20481],[-73.45709,-37.20464],[-73.4297,-37.23921],[-73.3871,-37.24406],[-73.26858,-37.22388],[-73.18546,-37.1523]]]}},{"type":"Feature","properties":{"comuna":"Santa Bárbara","region":"Región del Bío-Bío","codregion":8},"geometry":{"type":"Polygon","coordinates":[[[-71.68084,-37.80745],[-71.71329,-37.77188],[-71.77721,-37.76194],[-71.82531,-37.7087],[-71.89403,-37.71578],[-71.94906,-37.68513],[-72.03663,-37.67974],[-72.08551,-37.64796],[-72.17532,-37.66309],[-72.15687,-37.58996],[-71.9728,-37.53176],[-71.89736,-37.54951],[-71.85694,-37.51276],[-71.79182,-37.50346],[-71.7357,-37.5102],[-71.704,-37.54057],[-71.54813,-37.54157],[-71.48739,-37.57088],[-71.46269,-37.55872],[-71.47136,-37.47307],[-71.41522,-37.4628],[-71.39327,-37.51534],[-71.35276,-37.54885],[-71.35423,-37.56415],[-71.39089,-37.57841],[-71.38471,-37.63364],[-71.49671,-37.63959],[-71.54639,-37.68728],[-71.58223,-37.68027],[-71.61291,-37.73125],[-71.59953,-37.75305],[-71.62331,-37.77021],[-71.65841,-37.76669],[-71.68084,-37.80745]]]}},{"type":"Feature","properties":{"comuna":"Cholchol","region":"Región de La Araucanía","codregion":9},"geometry":{"type":"Polygon","coordinates":[[[-72.76592,-38.58428],[-72.75669,-38.65389],[-72.81213,-38.71387],[-72.87363,-38.68717],[-72.88715,-38.64799],[-72.90717,-38.65975],[-72.96287,-38.62641],[-73.00675,-38.64867],[-73.03095,-38.64332],[-73.04769,-38.62484],[-73.00782,-38.50556],[-73.05057,-38.49622],[-73.05893,-38.47753],[-72.99673,-38.47913],[-72.9772,-38.45784],[-72.9212,-38.49258],[-72.88448,-38.49863],[-72.87461,-38.48599],[-72.87303,-38.50638],[-72.80323,-38.52388],[-72.79175,-38.5943],[-72.76592,-38.58428]]]}},{"type":"Feature","properties":{"comuna":"Cunco","region":"Región de La Araucanía","codregion":9},"geometry":{"type":"Polygon","coordinates":[[[-71.56026,-39.00274],[-71.56342,-39.02996],[-71.5383,-39.07005],[-71.63219,-39.08013],[-71.61566,-39.10687],[-71.66422,-39.12725],[-71.74076,-39.09945],[-71.81744,-39.12678],[-71.82082,-39.15023],[-71.85395,-39.14657],[-71.87108,-39.18048],[-71.89226,-39.18558],[-71.91709,-39.14802],[-71.96092,-39.12054],[-72.04462,-39.14161],[-72.13909,-39.10245],[-72.21482,-39.09645],[-72.2671,-39.11134],[-72.3097,-39.07112],[-72.301,-39.03201],[-72.35808,-39.00618],[-72.32527,-38.9494],[-72.34619,-38.94001],[-72.32279,-38.87987],[-72.34389,-38.8507],[-72.17914,-38.80381],[-72.07039,-38.82938],[-71.94963,-38.79645],[-71.88108,-38.82386],[-71.88736,-38.78473],[-71.82917,-38.78043],[-71.7927,-38.73583],[-71.75869,-38.72585],[-71.79777,-38.76569],[-71.80055,-38.81443],[-71.8542,-38.88442],[-71.81031,-38.87496],[-71.76797,-38.90521],[-71.75323,-38.94587],[-71.735,-38.94838],[-71.71503,-38.99162],[-71.68498,-39.01333],[-71.63115,-38.9939],[-71.56026,-39.00274]]]}},{"type":"Feature","properties":{"comuna":"Freire","region":"Región de La Araucanía","codregion":9},"geometry":{"type":"Polygon","coordinates":[[[-72.33381,-38.90813],[-72.34619,-38.94001],[-72.32527,-38.9494],[-72.35808,-39.00618],[-72.301,-39.03201],[-72.33213,-39.09411],[-72.35813,-39.08816],[-72.36942,-39.11956],[-72.49539,-39.07243],[-72.52902,-39.00877],[-72.63989,-38.97205],[-72.7039,-39.00477],[-72.76961,-38.99586],[-72.82145,-39.03497],[-72.91481,-39.02205],[-72.871,-38.9103],[-72.81838,-38.90532],[-72.79919,-38.85331],[-72.81316,-38.82648],[-72.71678,-38.84595],[-72.70423,-38.83182],[-72.65559,-38.83803],[-72.63674,-38.82581],[-72.62198,-38.85275],[-72.56624,-38.87307],[-72.51373,-38.86594],[-72.50995,-38.87749],[-72.43389,-38.87944],[-72.33381,-38.90813]]]}},{"type":"Feature","properties":{"comuna":"Galvarino","region":"Región de La Araucanía","codregion":9},"geometry":{"type":"Polygon","coordinates":[[[-72.77623,-38.33291],[-72.75,-38.34307],[-72.76295,-38.34594],[-72.7425,-38.36796],[-72.70086,-38.36574],[-72.67368,-38.38722],[-72.69022,-38.41727],[-72.62963,-38.43348],[-72.60937,-38.44999],[-72.60899,-38.47742],[-72.63471,-38.5132],[-72.63521,-38.55201],[-72.70878,-38.54942],[-72.71577,-38.56569],[-72.74305,-38.56518],[-72.79175,-38.5943],[-72.79063,-38.54645],[-72.81146,-38.51411],[-72.8455,-38.52071],[-72.87303,-38.50638],[-72.87461,-38.48599],[-72.88448,-38.49863],[-72.9212,-38.49258],[-72.98906,-38.4616],[-72.98164,-38.42061],[-73.00471,-38.41209],[-72.95723,-38.3891],[-72.9534,-38.35949],[-72.84952,-38.34903],[-72.79363,-38.32201],[-72.77623,-38.33291]]]}},{"type":"Feature","properties":{"comuna":"Nueva Imperial","region":"Región de La Araucanía","codregion":9},"geometry":{"type":"Polygon","coordinates":[[[-72.81561,-38.71454],[-72.8122,-38.74181],[-72.84028,-38.80883],[-72.81415,-38.82127],[-72.79919,-38.85331],[-72.82309,-38.91024],[-72.87272,-38.91324],[-72.88877,-38.88897],[-72.93446,-38.90242],[-73.01839,-38.89699],[-73.03017,-38.91294],[-73.06641,-38.89167],[-73.09492,-38.90171],[-73.10317,-38.86283],[-73.08669,-38.84774],[-73.101,-38.82224],[-73.07539,-38.80507],[-73.06429,-38.76673],[-73.09614,-38.71489],[-73.07081,-38.70409],[-73.10105,-38.66627],[-73.10028,-38.60807],[-73.12261,-38.59705],[-73.12674,-38.57631],[-73.09854,-38.55869],[-73.10073,-38.52031],[-73.05118,-38.51761],[-73.05057,-38.49622],[-73.00782,-38.50556],[-73.04701,-38.62689],[-73.00675,-38.64867],[-72.96287,-38.62641],[-72.90717,-38.65975],[-72.88715,-38.64799],[-72.87363,-38.68717],[-72.81561,-38.71454]]]}},{"type":"Feature","properties":{"comuna":"Perquenco","region":"Región de La Araucanía","codregion":9},"geometry":{"type":"Polygon","coordinates":[[[-72.26229,-38.4515],[-72.30449,-38.45446],[-72.34601,-38.48246],[-72.42331,-38.46588],[-72.47673,-38.47559],[-72.52901,-38.51413],[-72.54812,-38.51046],[-72.5507,-38.48744],[-72.57921,-38.49727],[-72.5835,-38.47282],[-72.64026,-38.42751],[-72.54871,-38.41848],[-72.52329,-38.35925],[-72.45684,-38.3699],[-72.39405,-38.35114],[-72.34994,-38.36073],[-72.35806,-38.38315],[-72.27186,-38.40343],[-72.23637,-38.38215],[-72.26229,-38.4515]]]}},{"type":"Feature","properties":{"comuna":"Pitrufquén","region":"Región de La Araucanía","codregion":9},"geometry":{"type":"Polygon","coordinates":[[[-72.36942,-39.11956],[-72.33876,-39.14606],[-72.31633,-39.2373],[-72.409,-39.21468],[-72.4027,-39.19709],[-72.45334,-39.18494],[-72.44907,-39.16754],[-72.47927,-39.16103],[-72.4711,-39.14182],[-72.51123,-39.13285],[-72.5049,-39.11626],[-72.59644,-39.09464],[-72.59023,-39.07882],[-72.70169,-39.04287],[-72.71225,-39.05221],[-72.73075,-39.03197],[-72.75344,-39.03489],[-72.78058,-39.10227],[-72.81585,-39.09924],[-72.82815,-39.14832],[-72.86601,-39.13527],[-72.94258,-39.14978],[-72.97083,-39.13831],[-72.98768,-39.10994],[-72.97607,-39.03237],[-72.99691,-39.0202],[-72.96909,-39.01199],[-72.82145,-39.03497],[-72.76961,-38.99586],[-72.7039,-39.00477],[-72.63989,-38.97205],[-72.52902,-39.00877],[-72.49539,-39.07243],[-72.36942,-39.11956]]]}},{"type":"Feature","properties":{"comuna":"Temuco","region":"Región de La Araucanía","codregion":9},"geometry":{"type":"Polygon","coordinates":[[[-72.63485,-38.76214],[-72.82477,-38.77818],[-72.81561,-38.71454],[-72.75669,-38.65389],[-72.76592,-38.58428],[-72.71577,-38.56569],[-72.70878,-38.54942],[-72.62898,-38.55571],[-72.58927,-38.58258],[-72.58943,-38.61203],[-72.56207,-38.64038],[-72.46945,-38.64506],[-72.51955,-38.67884],[-72.51169,-38.68996],[-72.5514,-38.73305],[-72.63485,-38.76214]]]}},{"type":"Feature","properties":{"comuna":"Teodoro Schmidt","region":"Región de La Araucanía","codregion":9},"geometry":{"type":"Polygon","coordinates":[[[-73.09492,-38.90171],[-73.06641,-38.89167],[-73.03017,-38.91294],[-73.01839,-38.89699],[-72.93446,-38.90242],[-72.88877,-38.88897],[-72.87272,-38.91324],[-72.91481,-39.02205],[-73.07413,-39.00892],[-73.12277,-39.04399],[-73.14215,-39.08295],[-73.18527,-39.11648],[-73.16144,-39.14923],[-73.18006,-39.18798],[-73.23316,-39.20777],[-73.21558,-39.23278],[-73.22523,-39.25599],[-73.32822,-38.95393],[-73.28672,-38.92821],[-73.21757,-38.96142],[-73.18287,-38.93482],[-73.17708,-38.89467],[-73.09492,-38.90171]]]}},{"type":"Feature","properties":{"comuna":"Vilcún","region":"Región de La Araucanía","codregion":9},"geometry":{"type":"Polygon","coordinates":[[[-72.05459,-38.59974],[-72.00622,-38.62057],[-71.89484,-38.60538],[-71.87451,-38.57817],[-71.84002,-38.56924],[-71.83886,-38.59436],[-71.79509,-38.62276],[-71.80003,-38.63695],[-71.68213,-38.66837],[-71.73065,-38.69688],[-71.73022,-38.72389],[-71.78539,-38.73091],[-71.82917,-38.78043],[-71.88736,-38.78473],[-71.88108,-38.82386],[-71.94963,-38.79645],[-72.07039,-38.82938],[-72.17914,-38.80381],[-72.22487,-38.8086],[-72.32653,-38.85513],[-72.38686,-38.84318],[-72.41211,-38.85561],[-72.43432,-38.84232],[-72.42998,-38.81957],[-72.45144,-38.82026],[-72.42229,-38.80217],[-72.41423,-38.76649],[-72.37946,-38.73801],[-72.43686,-38.72065],[-72.47172,-38.72695],[-72.44883,-38.70089],[-72.51955,-38.67884],[-72.46945,-38.64506],[-72.44056,-38.67019],[-72.32153,-38.61035],[-72.29721,-38.56631],[-72.2538,-38.55784],[-72.13521,-38.57219],[-72.15602,-38.58801],[-72.14225,-38.59983],[-72.10243,-38.58725],[-72.05459,-38.59974]]]}},{"type":"Feature","properties":{"comuna":"Angol","region":"Región de La Araucanía","codregion":9},"geometry":{"type":"Polygon","coordinates":[[[-72.77581,-37.59522],[-72.70755,-37.62576],[-72.69708,-37.64899],[-72.71,-37.69256],[-72.65369,-37.73611],[-72.62612,-37.73424],[-72.59654,-37.78971],[-72.56391,-37.80724],[-72.54637,-37.7997],[-72.52848,-37.83658],[-72.50451,-37.81956],[-72.4864,-37.82887],[-72.48293,-37.84168],[-72.51777,-37.85676],[-72.50754,-37.87028],[-72.52872,-37.88835],[-72.51443,-37.89491],[-72.52734,-37.91743],[-72.50578,-37.92547],[-72.55721,-37.94167],[-72.54129,-37.99009],[-72.56549,-38.00002],[-72.57072,-38.02336],[-72.60324,-38.02112],[-72.60368,-37.9962],[-72.6273,-37.97143],[-72.62039,-37.94505],[-72.65883,-37.89138],[-72.692,-37.91667],[-72.77737,-37.89359],[-72.7842,-37.87141],[-72.77165,-37.86638],[-72.80302,-37.83764],[-72.93616,-37.83968],[-73.0091,-37.85928],[-73.04541,-37.84231],[-73.02342,-37.8044],[-73.04137,-37.77972],[-73.0163,-37.75285],[-73.02347,-37.72146],[-73.0687,-37.70936],[-73.10268,-37.72642],[-73.12443,-37.68898],[-73.08023,-37.67628],[-73.05886,-37.64076],[-73.07083,-37.6209],[-73.01244,-37.63037],[-72.99616,-37.61803],[-72.92695,-37.61958],[-72.85307,-37.59034],[-72.80237,-37.59604],[-72.77608,-37.58173],[-72.77581,-37.59522]]]}},{"type":"Feature","properties":{"comuna":"Collipulli","region":"Región de La Araucanía","codregion":9},"geometry":{"type":"Polygon","coordinates":[[[-71.70667,-38.18855],[-71.71556,-38.21007],[-71.74137,-38.19875],[-71.83727,-38.20716],[-71.85289,-38.19561],[-71.92128,-38.20021],[-71.9548,-38.17227],[-72.03408,-38.17333],[-72.19258,-38.09052],[-72.33914,-38.05042],[-72.43216,-37.96688],[-72.44719,-37.98327],[-72.46486,-37.96765],[-72.48206,-37.99629],[-72.5026,-37.97794],[-72.48091,-37.9452],[-72.53787,-37.93534],[-72.50578,-37.92547],[-72.52734,-37.91743],[-72.51443,-37.89491],[-72.52872,-37.88835],[-72.50754,-37.87028],[-72.51777,-37.85676],[-72.48214,-37.84001],[-72.49646,-37.82656],[-72.49185,-37.80649],[-72.52561,-37.77782],[-72.46166,-37.78462],[-72.46088,-37.76583],[-72.40016,-37.84261],[-72.35545,-37.85188],[-72.31774,-37.88156],[-72.24547,-37.87836],[-72.1888,-37.92683],[-72.1302,-37.95236],[-72.10091,-37.99878],[-72.04855,-38.01414],[-71.96633,-37.99394],[-71.89521,-38.07353],[-71.87665,-38.07821],[-71.77657,-38.0303],[-71.73794,-38.04133],[-71.70071,-38.06946],[-71.72132,-38.1458],[-71.69421,-38.16871],[-71.70667,-38.18855]]]}},{"type":"Feature","properties":{"comuna":"Curacautín","region":"Región de La Araucanía","codregion":9},"geometry":{"type":"Polygon","coordinates":[[[-71.71556,-38.21007],[-71.68798,-38.24533],[-71.70688,-38.26936],[-71.61896,-38.32422],[-71.59285,-38.3772],[-71.54803,-38.38082],[-71.52192,-38.36362],[-71.47629,-38.38948],[-71.46417,-38.41532],[-71.48449,-38.43622],[-71.4493,-38.47377],[-71.46948,-38.53008],[-71.55896,-38.55731],[-71.5872,-38.57342],[-71.59319,-38.59617],[-71.68083,-38.6061],[-71.68213,-38.66837],[-71.80003,-38.63695],[-71.79509,-38.62276],[-71.83886,-38.59436],[-71.83453,-38.57627],[-71.86636,-38.5511],[-72.11138,-38.50798],[-72.08592,-38.41921],[-72.04049,-38.41321],[-71.97796,-38.35821],[-71.98501,-38.34228],[-71.93004,-38.19751],[-71.71556,-38.21007]]]}},{"type":"Feature","properties":{"comuna":"Ercilla","region":"Región de La Araucanía","codregion":9},"geometry":{"type":"Polygon","coordinates":[[[-71.98446,-38.17724],[-72.0141,-38.18825],[-72.17933,-38.17588],[-72.30774,-38.14732],[-72.36847,-38.15775],[-72.45015,-38.14763],[-72.44347,-38.12167],[-72.46324,-38.09814],[-72.57239,-38.06194],[-72.56549,-38.00002],[-72.54129,-37.99009],[-72.55721,-37.94167],[-72.48091,-37.9452],[-72.5026,-37.97794],[-72.48206,-37.99629],[-72.46486,-37.96765],[-72.44719,-37.98327],[-72.43216,-37.96688],[-72.33914,-38.05042],[-72.19258,-38.09052],[-72.03408,-38.17333],[-71.98446,-38.17724]]]}},{"type":"Feature","properties":{"comuna":"Los Sauces","region":"Región de La Araucanía","codregion":9},"geometry":{"type":"Polygon","coordinates":[[[-72.58916,-38.01852],[-72.57389,-38.02263],[-72.56087,-38.07836],[-72.60139,-38.10683],[-72.66513,-38.12388],[-72.74033,-38.09182],[-72.78851,-38.12407],[-72.85347,-38.13508],[-72.89065,-38.10824],[-72.87339,-38.08012],[-72.95442,-38.01321],[-72.95078,-37.98689],[-72.99416,-37.96003],[-72.99081,-37.93061],[-73.02707,-37.91888],[-73.03305,-37.90575],[-73.01149,-37.89304],[-73.03003,-37.87954],[-73.01672,-37.85906],[-72.93616,-37.83968],[-72.80302,-37.83764],[-72.77165,-37.86638],[-72.7842,-37.87141],[-72.77737,-37.89359],[-72.692,-37.91667],[-72.65206,-37.89593],[-72.62039,-37.94505],[-72.6273,-37.97143],[-72.60368,-37.9962],[-72.60324,-38.02112],[-72.58916,-38.01852]]]}},{"type":"Feature","properties":{"comuna":"Lumaco","region":"Región de La Araucanía","codregion":9},"geometry":{"type":"Polygon","coordinates":[[[-72.8754,-38.08293],[-72.89065,-38.10824],[-72.85858,-38.13303],[-72.78851,-38.12407],[-72.79047,-38.18329],[-72.82362,-38.18777],[-72.80543,-38.27486],[-72.89749,-38.28206],[-72.88676,-38.28673],[-72.90046,-38.31082],[-72.88406,-38.32707],[-72.89712,-38.33236],[-72.89115,-38.35106],[-72.95568,-38.3603],[-72.95723,-38.3891],[-73.00415,-38.41034],[-72.9796,-38.43372],[-72.99514,-38.47815],[-73.06102,-38.47832],[-73.1149,-38.4425],[-73.13482,-38.47232],[-73.14759,-38.40171],[-73.21085,-38.39464],[-73.22814,-38.40014],[-73.23822,-38.44861],[-73.28585,-38.45805],[-73.27208,-38.43597],[-73.30903,-38.41182],[-73.30194,-38.38241],[-73.34113,-38.36593],[-73.32357,-38.33627],[-73.26546,-38.28534],[-73.22199,-38.27168],[-73.20118,-38.23111],[-73.13807,-38.21544],[-73.13199,-38.18402],[-73.09129,-38.19049],[-73.07697,-38.17348],[-73.08856,-38.14249],[-73.04849,-38.15658],[-73.03736,-38.13082],[-72.99528,-38.11076],[-72.97396,-38.11526],[-72.98084,-38.12778],[-72.94322,-38.12471],[-72.91489,-38.07167],[-72.8754,-38.08293]]]}},{"type":"Feature","properties":{"comuna":"Purén","region":"Región de La Araucanía","codregion":9},"geometry":{"type":"Polygon","coordinates":[[[-73.0134,-37.8592],[-73.03197,-37.88605],[-73.01143,-37.89448],[-73.03135,-37.91176],[-72.99081,-37.93061],[-72.99416,-37.96003],[-72.95078,-37.98689],[-72.95544,-38.01197],[-72.90439,-38.04182],[-72.8905,-38.07358],[-72.91489,-38.07167],[-72.94322,-38.12471],[-72.98084,-38.12778],[-72.97396,-38.11526],[-72.99528,-38.11076],[-73.05457,-38.15623],[-73.08856,-38.14249],[-73.07318,-38.12823],[-73.08065,-38.09573],[-73.15507,-38.07575],[-73.16784,-38.05735],[-73.20627,-38.05311],[-73.2063,-38.04073],[-73.18489,-37.98675],[-73.11965,-37.95843],[-73.11055,-37.90793],[-73.13042,-37.89481],[-73.12543,-37.87787],[-73.03351,-37.83743],[-73.0134,-37.8592]]]}},{"type":"Feature","properties":{"comuna":"Renaico","region":"Región de La Araucanía","codregion":9},"geometry":{"type":"Polygon","coordinates":[[[-72.65338,-37.62068],[-72.64037,-37.64225],[-72.65081,-37.66476],[-72.631,-37.66885],[-72.53752,-37.66559],[-72.52594,-37.64772],[-72.49298,-37.64652],[-72.47237,-37.70884],[-72.47945,-37.74795],[-72.45969,-37.77528],[-72.52561,-37.77782],[-72.49185,-37.80649],[-72.49646,-37.82656],[-72.52848,-37.83658],[-72.54637,-37.7997],[-72.56391,-37.80724],[-72.59654,-37.78971],[-72.62612,-37.73424],[-72.65369,-37.73611],[-72.71,-37.69256],[-72.69708,-37.64899],[-72.70948,-37.62439],[-72.65338,-37.62068]]]}},{"type":"Feature","properties":{"comuna":"Traiguén","region":"Región de La Araucanía","codregion":9},"geometry":{"type":"Polygon","coordinates":[[[-72.45015,-38.14763],[-72.50758,-38.16404],[-72.50425,-38.18712],[-72.52193,-38.19592],[-72.5393,-38.27456],[-72.5088,-38.2621],[-72.50553,-38.32327],[-72.54871,-38.41848],[-72.69022,-38.41727],[-72.67368,-38.38722],[-72.70086,-38.36574],[-72.74982,-38.36371],[-72.76295,-38.34594],[-72.75,-38.34307],[-72.77954,-38.32051],[-72.8985,-38.35578],[-72.88406,-38.32707],[-72.89866,-38.3172],[-72.88679,-38.28793],[-72.89749,-38.28206],[-72.80631,-38.27699],[-72.82362,-38.18777],[-72.79047,-38.18329],[-72.79056,-38.12643],[-72.74519,-38.09389],[-72.63918,-38.12178],[-72.53885,-38.07],[-72.46324,-38.09814],[-72.44347,-38.12167],[-72.45015,-38.14763]]]}},{"type":"Feature","properties":{"comuna":"Victoria","region":"Región de La Araucanía","codregion":9},"geometry":{"type":"Polygon","coordinates":[[[-71.98446,-38.17724],[-71.94831,-38.17489],[-71.92603,-38.20931],[-71.98501,-38.34228],[-71.97796,-38.35821],[-72.04049,-38.41321],[-72.163,-38.42327],[-72.24087,-38.45526],[-72.26229,-38.4515],[-72.23637,-38.38215],[-72.27186,-38.40343],[-72.35806,-38.38315],[-72.34994,-38.36073],[-72.38734,-38.35202],[-72.45684,-38.3699],[-72.52329,-38.35925],[-72.50948,-38.35038],[-72.50523,-38.27497],[-72.5088,-38.2621],[-72.5393,-38.27456],[-72.53885,-38.25011],[-72.52193,-38.19592],[-72.50425,-38.18712],[-72.50827,-38.1647],[-72.48508,-38.15516],[-72.31755,-38.14682],[-72.17933,-38.17588],[-72.0141,-38.18825],[-71.98446,-38.17724]]]}},{"type":"Feature","properties":{"comuna":"Gorbea","region":"Región de La Araucanía","codregion":9},"geometry":{"type":"Polygon","coordinates":[[[-72.40772,-39.21486],[-72.45858,-39.25841],[-72.55791,-39.23494],[-72.53866,-39.27709],[-72.67546,-39.24461],[-72.73356,-39.26883],[-72.83636,-39.25113],[-72.85683,-39.28987],[-72.86423,-39.21664],[-72.88701,-39.20605],[-72.87664,-39.18949],[-72.92868,-39.14405],[-72.86601,-39.13527],[-72.82815,-39.14832],[-72.81585,-39.09924],[-72.78058,-39.10227],[-72.75344,-39.03489],[-72.73075,-39.03197],[-72.71225,-39.05221],[-72.70169,-39.04287],[-72.59023,-39.07882],[-72.59644,-39.09464],[-72.5049,-39.11626],[-72.51123,-39.13285],[-72.4711,-39.14182],[-72.47927,-39.16103],[-72.44907,-39.16754],[-72.45334,-39.18494],[-72.4027,-39.19709],[-72.40772,-39.21486]]]}},{"type":"Feature","properties":{"comuna":"Lautaro","region":"Región de La Araucanía","codregion":9},"geometry":{"type":"Polygon","coordinates":[[[-72.08649,-38.42501],[-72.11138,-38.50798],[-71.94438,-38.52903],[-71.86636,-38.5511],[-71.85235,-38.57],[-71.88738,-38.6031],[-72.00622,-38.62057],[-72.10243,-38.58725],[-72.15573,-38.5962],[-72.13521,-38.57219],[-72.2538,-38.55784],[-72.29721,-38.56631],[-72.32153,-38.61035],[-72.44056,-38.67019],[-72.46084,-38.66532],[-72.45409,-38.64851],[-72.57015,-38.63692],[-72.58927,-38.58258],[-72.63946,-38.55166],[-72.61056,-38.4528],[-72.5835,-38.47282],[-72.57921,-38.49727],[-72.5507,-38.48744],[-72.54812,-38.51046],[-72.52901,-38.51413],[-72.47673,-38.47559],[-72.42331,-38.46588],[-72.34601,-38.48246],[-72.27651,-38.4477],[-72.24087,-38.45526],[-72.163,-38.42327],[-72.08649,-38.42501]]]}},{"type":"Feature","properties":{"comuna":"Lonquimay","region":"Región de La Araucanía","codregion":9},"geometry":{"type":"Polygon","coordinates":[[[-71.23621,-38.09844],[-71.16316,-38.11138],[-71.08532,-38.08965],[-70.99557,-38.17074],[-70.99651,-38.20161],[-71.021,-38.21421],[-71.01769,-38.23884],[-71.03231,-38.24991],[-70.99702,-38.29146],[-70.98353,-38.43109],[-70.91028,-38.50387],[-70.86664,-38.51427],[-70.84175,-38.53951],[-70.82738,-38.59551],[-70.90332,-38.66785],[-70.88353,-38.70176],[-70.92505,-38.76355],[-71.05123,-38.75782],[-71.06943,-38.76889],[-71.09567,-38.75491],[-71.18585,-38.81451],[-71.23847,-38.80224],[-71.26578,-38.82571],[-71.26811,-38.85303],[-71.39432,-38.90957],[-71.41451,-38.88803],[-71.40481,-38.8771],[-71.41634,-38.84724],[-71.39555,-38.84171],[-71.39555,-38.81897],[-71.47902,-38.75723],[-71.51315,-38.75324],[-71.49526,-38.72945],[-71.51726,-38.73348],[-71.5367,-38.71481],[-71.49192,-38.66263],[-71.51197,-38.66727],[-71.59092,-38.5932],[-71.5872,-38.57342],[-71.55896,-38.55731],[-71.51027,-38.55048],[-71.46016,-38.51987],[-71.46359,-38.48728],[-71.44972,-38.47143],[-71.4846,-38.43501],[-71.46417,-38.41532],[-71.47629,-38.38948],[-71.52192,-38.36362],[-71.54803,-38.38082],[-71.58996,-38.37922],[-71.61896,-38.32422],[-71.64299,-38.31358],[-71.60864,-38.24089],[-71.57989,-38.2311],[-71.55396,-38.24619],[-71.53053,-38.22637],[-71.53183,-38.204],[-71.50983,-38.20933],[-71.43604,-38.17698],[-71.41102,-38.13439],[-71.41314,-38.1073],[-71.37881,-38.08599],[-71.30353,-38.09018],[-71.28289,-38.11041],[-71.23621,-38.09844]]]}},{"type":"Feature","properties":{"comuna":"Carahue","region":"Región de La Araucanía","codregion":9},"geometry":{"type":"Polygon","coordinates":[[[-73.51726,-38.48118],[-73.4738,-38.47308],[-73.46949,-38.4561],[-73.43736,-38.44903],[-73.38288,-38.39889],[-73.32036,-38.43759],[-73.32136,-38.48236],[-73.27462,-38.49005],[-73.28585,-38.45805],[-73.23822,-38.44861],[-73.22814,-38.40014],[-73.21085,-38.39464],[-73.14759,-38.40171],[-73.13482,-38.47232],[-73.1149,-38.4425],[-73.05893,-38.47753],[-73.05118,-38.51761],[-73.10073,-38.52031],[-73.09854,-38.55869],[-73.12674,-38.57631],[-73.12261,-38.59705],[-73.10028,-38.60807],[-73.10105,-38.66627],[-73.07081,-38.70409],[-73.09614,-38.71489],[-73.06429,-38.76673],[-73.07539,-38.80507],[-73.101,-38.82224],[-73.08669,-38.84774],[-73.10317,-38.86283],[-73.09492,-38.90171],[-73.18462,-38.90097],[-73.1948,-38.85899],[-73.1774,-38.85348],[-73.17227,-38.82252],[-73.22531,-38.81083],[-73.2216,-38.80042],[-73.26268,-38.78127],[-73.24278,-38.72562],[-73.27145,-38.70168],[-73.34947,-38.69761],[-73.3617,-38.75158],[-73.41487,-38.74904],[-73.42779,-38.7631],[-73.48859,-38.6569],[-73.51726,-38.48118]]]}},{"type":"Feature","properties":{"comuna":"Toltén","region":"Región de La Araucanía","codregion":9},"geometry":{"type":"Polygon","coordinates":[[[-73.22523,-39.25599],[-73.21558,-39.23278],[-73.23316,-39.20777],[-73.18006,-39.18798],[-73.16144,-39.14923],[-73.18064,-39.1077],[-73.07413,-39.00892],[-72.9799,-39.02445],[-72.98768,-39.10994],[-72.96886,-39.13975],[-72.92568,-39.14471],[-72.8899,-39.17439],[-72.87664,-39.18949],[-72.88701,-39.20605],[-72.86423,-39.21664],[-72.85232,-39.26059],[-72.86681,-39.28777],[-72.90927,-39.29003],[-72.94521,-39.31702],[-73.00729,-39.29147],[-73.02314,-39.29789],[-73.03398,-39.33739],[-73.08698,-39.38908],[-73.13292,-39.39334],[-73.17122,-39.41786],[-73.24257,-39.39034],[-73.22205,-39.39405],[-73.20388,-39.37011],[-73.23222,-39.30699],[-73.22523,-39.25599]]]}},{"type":"Feature","properties":{"comuna":"Loncoche","region":"Región de La Araucanía","codregion":9},"geometry":{"type":"Polygon","coordinates":[[[-72.83364,-39.41148],[-72.86745,-39.39832],[-72.89704,-39.43249],[-72.90179,-39.38834],[-72.8356,-39.32119],[-72.85291,-39.29025],[-72.83636,-39.25113],[-72.73356,-39.26883],[-72.67546,-39.24461],[-72.53866,-39.27709],[-72.55791,-39.23494],[-72.45858,-39.25841],[-72.40772,-39.21486],[-72.34687,-39.22924],[-72.36058,-39.26439],[-72.39351,-39.26906],[-72.38852,-39.28669],[-72.34901,-39.30367],[-72.34808,-39.33613],[-72.43678,-39.36271],[-72.3823,-39.37232],[-72.33963,-39.39909],[-72.35423,-39.46143],[-72.29961,-39.497],[-72.34324,-39.50929],[-72.43991,-39.47489],[-72.5171,-39.47705],[-72.53236,-39.43371],[-72.65796,-39.46026],[-72.71335,-39.42602],[-72.7428,-39.44145],[-72.78995,-39.43103],[-72.79322,-39.40498],[-72.83364,-39.41148]]]}},{"type":"Feature","properties":{"comuna":"Curarrehue","region":"Región de La Araucanía","codregion":9},"geometry":{"type":"Polygon","coordinates":[[[-71.67905,-39.56562],[-71.69667,-39.56219],[-71.70269,-39.50311],[-71.72561,-39.48451],[-71.71044,-39.45104],[-71.74577,-39.3737],[-71.71611,-39.36318],[-71.74459,-39.3346],[-71.63544,-39.35138],[-71.61605,-39.31894],[-71.64603,-39.27234],[-71.6394,-39.2603],[-71.51736,-39.22633],[-71.50388,-39.18431],[-71.52537,-39.18409],[-71.54721,-39.16074],[-71.52132,-39.07627],[-71.54408,-39.06296],[-71.56375,-39.00853],[-71.48848,-38.97398],[-71.44657,-38.97377],[-71.39717,-39.04601],[-71.41805,-39.07023],[-71.40733,-39.09707],[-71.4212,-39.15117],[-71.38219,-39.20993],[-71.39129,-39.25877],[-71.37366,-39.28245],[-71.39515,-39.30263],[-71.38537,-39.31852],[-71.39945,-39.34971],[-71.45752,-39.37162],[-71.44476,-39.40791],[-71.46397,-39.41675],[-71.44781,-39.45028],[-71.46314,-39.45628],[-71.47311,-39.49204],[-71.51697,-39.50316],[-71.5342,-39.52724],[-71.50382,-39.55881],[-71.47016,-39.55199],[-71.47468,-39.57322],[-71.46077,-39.58249],[-71.50261,-39.63714],[-71.54321,-39.62359],[-71.57709,-39.63575],[-71.60959,-39.62792],[-71.62325,-39.59277],[-71.67905,-39.56562]]]}},{"type":"Feature","properties":{"comuna":"Saavedra","region":"Región de La Araucanía","codregion":9},"geometry":{"type":"Polygon","coordinates":[[[-73.42779,-38.7631],[-73.41487,-38.74904],[-73.3617,-38.75158],[-73.34947,-38.69761],[-73.27005,-38.70254],[-73.24278,-38.72562],[-73.26268,-38.78127],[-73.2216,-38.80042],[-73.22531,-38.81083],[-73.17227,-38.82252],[-73.1774,-38.85348],[-73.1948,-38.85899],[-73.18287,-38.93482],[-73.21757,-38.96142],[-73.28948,-38.92843],[-73.3304,-38.96649],[-73.42779,-38.7631]]]}},{"type":"Feature","properties":{"comuna":"Villarrica","region":"Región de La Araucanía","codregion":9},"geometry":{"type":"Polygon","coordinates":[[[-72.29961,-39.497],[-72.35423,-39.46143],[-72.33963,-39.39909],[-72.3823,-39.37232],[-72.43678,-39.36271],[-72.34808,-39.33613],[-72.34901,-39.30367],[-72.38852,-39.28669],[-72.39351,-39.26906],[-72.36058,-39.26439],[-72.34687,-39.22924],[-72.31108,-39.22835],[-72.34081,-39.14217],[-72.36942,-39.11956],[-72.35813,-39.08816],[-72.33213,-39.09411],[-72.31877,-39.05971],[-72.2671,-39.11134],[-72.21482,-39.09645],[-72.13909,-39.10245],[-72.04462,-39.14161],[-71.9632,-39.12024],[-71.91042,-39.15446],[-71.969,-39.17966],[-71.97061,-39.19688],[-72.04589,-39.2079],[-72.0682,-39.30336],[-72.06529,-39.32453],[-72.02639,-39.34057],[-71.98542,-39.38766],[-71.98636,-39.41304],[-71.93927,-39.42019],[-71.95833,-39.43739],[-72.01023,-39.44662],[-72.14692,-39.52088],[-72.2152,-39.53107],[-72.26903,-39.51296],[-72.22039,-39.46712],[-72.26426,-39.4709],[-72.29961,-39.497]]]}},{"type":"Feature","properties":{"comuna":"Pucón","region":"Región de La Araucanía","codregion":9},"geometry":{"type":"Polygon","coordinates":[[[-71.53418,-39.06741],[-71.52055,-39.09914],[-71.54721,-39.16074],[-71.52537,-39.18409],[-71.50388,-39.18431],[-71.51736,-39.22633],[-71.6394,-39.2603],[-71.64603,-39.27234],[-71.61605,-39.31894],[-71.63544,-39.35138],[-71.74459,-39.3346],[-71.71611,-39.36318],[-71.74577,-39.3737],[-71.71044,-39.45104],[-71.7231,-39.4963],[-71.7608,-39.5085],[-71.84219,-39.46985],[-71.86138,-39.43518],[-71.98636,-39.41304],[-71.98542,-39.38766],[-72.01187,-39.35262],[-72.06878,-39.3183],[-72.0428,-39.20567],[-71.97061,-39.19688],[-71.969,-39.17966],[-71.9288,-39.15835],[-71.89226,-39.18558],[-71.87373,-39.18222],[-71.86176,-39.15139],[-71.82082,-39.15023],[-71.81744,-39.12678],[-71.74076,-39.09945],[-71.66422,-39.12725],[-71.61566,-39.10687],[-71.63219,-39.08013],[-71.53418,-39.06741]]]}},{"type":"Feature","properties":{"comuna":"Padre Las Casas","region":"Región de La Araucanía","codregion":9},"geometry":{"type":"Polygon","coordinates":[[[-72.34389,-38.8507],[-72.32509,-38.86652],[-72.33381,-38.90813],[-72.43389,-38.87944],[-72.50995,-38.87749],[-72.51373,-38.86594],[-72.56624,-38.87307],[-72.62198,-38.85275],[-72.63674,-38.82581],[-72.65559,-38.83803],[-72.70423,-38.83182],[-72.71227,-38.84587],[-72.775,-38.84226],[-72.84028,-38.80883],[-72.82134,-38.77677],[-72.60589,-38.7585],[-72.5514,-38.73305],[-72.51086,-38.68491],[-72.48911,-38.68562],[-72.44883,-38.70089],[-72.47172,-38.72695],[-72.43686,-38.72065],[-72.37946,-38.73801],[-72.41423,-38.76649],[-72.42229,-38.80217],[-72.45144,-38.82026],[-72.42998,-38.81957],[-72.43432,-38.84232],[-72.41211,-38.85561],[-72.38686,-38.84318],[-72.34389,-38.8507]]]}},{"type":"Feature","properties":{"comuna":"Melipeuco","region":"Región de La Araucanía","codregion":9},"geometry":{"type":"Polygon","coordinates":[[[-71.44048,-38.97786],[-71.48848,-38.97398],[-71.54334,-39.00332],[-71.63115,-38.9939],[-71.68498,-39.01333],[-71.71503,-38.99162],[-71.735,-38.94838],[-71.75323,-38.94587],[-71.76797,-38.90521],[-71.81031,-38.87496],[-71.8542,-38.88442],[-71.80722,-38.82794],[-71.78946,-38.754],[-71.75869,-38.72585],[-71.73022,-38.72389],[-71.73065,-38.69688],[-71.68098,-38.66671],[-71.68083,-38.6061],[-71.59092,-38.5932],[-71.51197,-38.66727],[-71.49192,-38.66263],[-71.53593,-38.71659],[-71.51726,-38.73348],[-71.49526,-38.72945],[-71.51315,-38.75324],[-71.43712,-38.78122],[-71.3891,-38.83117],[-71.41634,-38.84724],[-71.40481,-38.8771],[-71.41451,-38.88803],[-71.39315,-38.91102],[-71.43351,-38.92914],[-71.44048,-38.97786]]]}},{"type":"Feature","properties":{"comuna":"San Pablo","region":"Región de Los Lagos","codregion":10},"geometry":{"type":"Polygon","coordinates":[[[-73.13605,-40.34993],[-73.07782,-40.3453],[-73.03181,-40.38364],[-72.97963,-40.38589],[-72.90305,-40.44506],[-72.89246,-40.50654],[-72.85675,-40.52668],[-72.85761,-40.54028],[-72.90364,-40.53426],[-72.89676,-40.54404],[-72.97129,-40.50769],[-73.06348,-40.50906],[-73.06893,-40.46067],[-73.13624,-40.47943],[-73.14105,-40.49441],[-73.16957,-40.48864],[-73.18144,-40.52876],[-73.26615,-40.53103],[-73.2842,-40.50582],[-73.26376,-40.45429],[-73.27576,-40.42916],[-73.40612,-40.42892],[-73.4527,-40.35647],[-73.43813,-40.34933],[-73.4438,-40.30623],[-73.43289,-40.30506],[-73.40586,-40.33794],[-73.308,-40.33452],[-73.2721,-40.35237],[-73.17955,-40.3477],[-73.14879,-40.36104],[-73.13605,-40.34993]]]}},{"type":"Feature","properties":{"comuna":"Puqueldón","region":"Región de Los Lagos","codregion":10},"geometry":{"type":"Polygon","coordinates":[[[-73.59363,-42.57018],[-73.56564,-42.6181],[-73.58032,-42.63299],[-73.58066,-42.672],[-73.553,-42.68514],[-73.52101,-42.67274],[-73.53442,-42.70016],[-73.57775,-42.70845],[-73.57388,-42.68713],[-73.59651,-42.65202],[-73.66314,-42.63924],[-73.70198,-42.65531],[-73.74356,-42.6306],[-73.73893,-42.61484],[-73.72009,-42.6188],[-73.73755,-42.61057],[-73.72123,-42.59644],[-73.67844,-42.60279],[-73.59363,-42.57018]]]}},{"type":"Feature","properties":{"comuna":"Fresia","region":"Región de Los Lagos","codregion":10},"geometry":{"type":"Polygon","coordinates":[[[-73.93342,-41.0603],[-73.89573,-41.02719],[-73.85837,-41.03128],[-73.81551,-41.00988],[-73.71093,-41.05082],[-73.67266,-41.03602],[-73.64166,-41.06287],[-73.6102,-41.04701],[-73.51438,-41.05625],[-73.44845,-40.99703],[-73.37713,-41.00094],[-73.36121,-41.01192],[-73.38683,-41.02451],[-73.39569,-41.07367],[-73.34261,-41.09101],[-73.3378,-41.12375],[-73.28703,-41.17746],[-73.28743,-41.21565],[-73.30527,-41.21885],[-73.29629,-41.26722],[-73.38569,-41.27451],[-73.46033,-41.25517],[-73.45471,-41.28143],[-73.48954,-41.30444],[-73.55718,-41.31337],[-73.59906,-41.29887],[-73.64055,-41.31225],[-73.67436,-41.27101],[-73.64826,-41.24607],[-73.71119,-41.21037],[-73.76778,-41.23249],[-73.79748,-41.27173],[-73.83932,-41.27472],[-73.84362,-41.28985],[-73.88269,-41.18615],[-73.91939,-41.1442],[-73.90561,-41.12466],[-73.92426,-41.11912],[-73.91836,-41.08439],[-73.93342,-41.0603]]]}},{"type":"Feature","properties":{"comuna":"Llanquihue","region":"Región de Los Lagos","codregion":10},"geometry":{"type":"Polygon","coordinates":[[[-72.89141,-41.18209],[-72.96411,-41.29199],[-73.29971,-41.31286],[-73.30527,-41.21885],[-73.28743,-41.21565],[-73.29637,-41.19284],[-73.28482,-41.18379],[-73.32772,-41.13013],[-73.26271,-41.14243],[-73.23421,-41.16786],[-73.21084,-41.16074],[-73.2036,-41.17863],[-73.15289,-41.16607],[-73.12577,-41.18979],[-73.01401,-41.18192],[-73.00989,-41.19462],[-72.96043,-41.20405],[-72.89141,-41.18209]]]}},{"type":"Feature","properties":{"comuna":"Osorno","region":"Región de Los Lagos","codregion":10},"geometry":{"type":"Polygon","coordinates":[[[-72.87152,-40.53803],[-72.8773,-40.55504],[-72.85945,-40.57128],[-72.89478,-40.60001],[-72.87488,-40.6282],[-72.89327,-40.67573],[-72.86441,-40.68159],[-72.87854,-40.70137],[-72.7687,-40.73921],[-72.78425,-40.77657],[-72.86991,-40.7882],[-72.92473,-40.7616],[-72.97926,-40.76364],[-72.97109,-40.75512],[-73.02311,-40.72117],[-73.03164,-40.69066],[-73.04894,-40.68803],[-73.0465,-40.70992],[-73.06025,-40.71372],[-73.18649,-40.63113],[-73.23457,-40.66828],[-73.418,-40.66188],[-73.40818,-40.62756],[-73.3308,-40.62291],[-73.35127,-40.61836],[-73.35924,-40.58429],[-73.34369,-40.56387],[-73.35339,-40.52029],[-73.30632,-40.46624],[-73.34039,-40.45012],[-73.33329,-40.42132],[-73.27576,-40.42916],[-73.26376,-40.45429],[-73.2842,-40.50582],[-73.26615,-40.53103],[-73.18144,-40.52876],[-73.16957,-40.48864],[-73.14105,-40.49441],[-73.13624,-40.47943],[-73.06893,-40.46067],[-73.06348,-40.50906],[-72.97129,-40.50769],[-72.89676,-40.54404],[-72.90364,-40.53426],[-72.87152,-40.53803]]]}},{"type":"Feature","properties":{"comuna":"Purranque","region":"Región de Los Lagos","codregion":10},"geometry":{"type":"MultiPolygon","coordinates":[[[[-73.86259,-40.80641],[-73.81337,-40.80698],[-73.80478,-40.83667],[-73.65983,-40.90386],[-73.64885,-40.88682],[-73.63054,-40.89114],[-73.60385,-40.85271],[-73.5279,-40.85215],[-73.49779,-40.81661],[-73.44483,-40.85303],[-73.36145,-40.85065],[-73.26664,-40.87875],[-73.20863,-40.84295],[-73.10705,-40.85919],[-73.10508,-40.83242],[-73.03494,-40.83968],[-73.01692,-40.85466],[-72.9818,-40.81535],[-72.93206,-40.86707],[-72.92974,-40.88971],[-72.98269,-40.92668],[-72.96951,-40.97254],[-72.99534,-40.97639],[-72.99323,-41.02821],[-73.10675,-40.9772],[-73.1729,-40.98517],[-73.19993,-41.00516],[-73.25256,-40.97889],[-73.28003,-41.00671],[-73.32899,-41.02176],[-73.33838,-41.00627],[-73.35542,-41.02],[-73.37713,-41.00094],[-73.44845,-40.99703],[-73.51438,-41.05625],[-73.6102,-41.04701],[-73.64166,-41.06287],[-73.67266,-41.03602],[-73.71093,-41.05082],[-73.81551,-41.00988],[-73.85837,-41.03128],[-73.89573,-41.02719],[-73.93586,-41.06117],[-73.9382,-40.96623],[-73.85841,-40.93707],[-73.84686,-40.91829],[-73.85205,-40.89034],[-73.88577,-40.86807],[-73.86259,-40.80641]]]]}},{"type":"Feature","properties":{"comuna":"Puyehue","region":"Región de Los Lagos","codregion":10},"geometry":{"type":"Polygon","coordinates":[[[-72.39925,-40.65636],[-72.35419,-40.66033],[-72.34066,-40.67604],[-72.28734,-40.64653],[-72.19898,-40.67167],[-72.16278,-40.65781],[-72.09883,-40.66325],[-72.06701,-40.65615],[-72.05214,-40.63005],[-71.97139,-40.63436],[-71.92919,-40.59097],[-71.88504,-40.58396],[-71.88085,-40.56715],[-71.85521,-40.59228],[-71.82546,-40.57761],[-71.86814,-40.66287],[-71.96274,-40.71907],[-71.96504,-40.74568],[-71.92012,-40.78544],[-71.92756,-40.79422],[-72.10072,-40.80003],[-72.17275,-40.87257],[-72.28175,-40.88601],[-72.49118,-40.81409],[-72.61464,-40.79358],[-72.7059,-40.78487],[-72.73613,-40.81713],[-72.80173,-40.81988],[-72.85559,-40.78055],[-72.78425,-40.77657],[-72.7687,-40.73921],[-72.87854,-40.70137],[-72.86441,-40.68159],[-72.89327,-40.67573],[-72.87488,-40.6282],[-72.89695,-40.61335],[-72.88977,-40.58727],[-72.85945,-40.57128],[-72.8773,-40.55504],[-72.87152,-40.53803],[-72.85301,-40.53491],[-72.81453,-40.54558],[-72.81967,-40.55621],[-72.77083,-40.60168],[-72.65578,-40.62537],[-72.64478,-40.65639],[-72.60735,-40.68098],[-72.39925,-40.65636]]]}},{"type":"Feature","properties":{"comuna":"Cochamó","region":"Región de Los Lagos","codregion":10},"geometry":{"type":"MultiPolygon","coordinates":[[[[-72.47448,-41.70668],[-72.45467,-41.68373],[-72.43479,-41.6859],[-72.47448,-41.70668]]],[[[-72.64826,-41.69527],[-72.57984,-41.67061],[-72.561,-41.63719],[-72.51777,-41.64461],[-72.47487,-41.62507],[-72.41314,-41.57409],[-72.4138,-41.55465],[-72.39017,-41.54819],[-72.37727,-41.48255],[-72.41264,-41.43651],[-72.43315,-41.43149],[-72.42777,-41.41643],[-72.32355,-41.45376],[-72.3557,-41.60519],[-72.38725,-41.66154],[-72.5127,-41.68779],[-72.57009,-41.71539],[-72.64826,-41.69527]]],[[[-72.18553,-42.16479],[-72.27417,-42.12127],[-72.27713,-42.08595],[-72.26045,-42.06059],[-72.32335,-42.05637],[-72.30186,-42.01818],[-72.25764,-41.99254],[-72.22604,-42.01736],[-72.17307,-42.00827],[-72.18354,-41.98727],[-72.16062,-41.94354],[-72.21546,-41.92087],[-72.1822,-41.89421],[-72.22917,-41.87588],[-72.26732,-41.88282],[-72.27738,-41.86376],[-72.29913,-41.86127],[-72.29539,-41.82434],[-72.39663,-41.7812],[-72.4958,-41.84839],[-72.52136,-41.8486],[-72.54715,-41.81785],[-72.5785,-41.81825],[-72.57408,-41.79374],[-72.61099,-41.76664],[-72.61124,-41.7383],[-72.64699,-41.73072],[-72.58758,-41.74784],[-72.57716,-41.73423],[-72.56831,-41.74567],[-72.50939,-41.723],[-72.4648,-41.72559],[-72.39485,-41.7012],[-72.32752,-41.64817],[-72.3162,-41.65607],[-72.32913,-41.64151],[-72.32483,-41.60172],[-72.2818,-41.50397],[-72.3149,-41.49341],[-72.30432,-41.45445],[-72.2441,-41.44975],[-72.22256,-41.41426],[-72.16782,-41.39565],[-72.13655,-41.33431],[-72.10476,-41.33239],[-72.09449,-41.3153],[-72.056,-41.35627],[-71.96974,-41.38703],[-71.90947,-41.36111],[-71.89025,-41.3675],[-71.86573,-41.42031],[-71.83638,-41.43271],[-71.84428,-41.45429],[-71.8291,-41.48199],[-71.85225,-41.51493],[-71.81763,-41.5756],[-71.84624,-41.56566],[-71.8854,-41.60636],[-71.85589,-41.64532],[-71.83585,-41.64713],[-71.81795,-41.6891],[-71.79434,-41.69436],[-71.8097,-41.72137],[-71.78418,-41.73495],[-71.75305,-41.78642],[-71.77311,-41.79504],[-71.75084,-41.82472],[-71.79746,-41.84291],[-71.77227,-41.92957],[-71.79445,-41.96164],[-71.75664,-42.03639],[-71.72769,-42.04488],[-71.73999,-42.08246],[-71.72509,-42.10906],[-71.7333,-42.12431],[-71.77677,-42.13005],[-71.78108,-42.14788],[-71.83125,-42.16226],[-71.87429,-42.15492],[-71.91339,-42.18905],[-71.95277,-42.1652],[-71.95841,-42.14051],[-72.00542,-42.1404],[-72.05506,-42.1139],[-72.08088,-42.13225],[-72.06727,-42.14743],[-72.12519,-42.15463],[-72.17237,-42.13893],[-72.18553,-42.16479]]]]}},{"type":"Feature","properties":{"comuna":"Ancud","region":"Región de Los Lagos","codregion":10},"geometry":{"type":"MultiPolygon","coordinates":[[[[-73.51605,-41.97339],[-73.5249,-42.00175],[-73.50116,-42.01346],[-73.58729,-42.00958],[-73.56415,-42.05474],[-73.56393,-42.13715],[-73.53604,-42.17393],[-73.54725,-42.21019],[-73.61908,-42.17198],[-73.7099,-42.16186],[-73.72468,-42.16602],[-73.70848,-42.25111],[-73.7222,-42.25513],[-73.8006,-42.20793],[-73.80235,-42.17306],[-73.83144,-42.15237],[-73.86679,-42.17032],[-73.84224,-42.18575],[-73.87074,-42.22315],[-73.96039,-42.24168],[-74.0075,-42.215],[-74.04636,-42.22919],[-74.13744,-42.21787],[-74.13584,-42.19938],[-74.05473,-42.14687],[-74.04512,-42.11955],[-74.05804,-42.09596],[-74.02847,-42.07004],[-74.03222,-42.02251],[-74.05647,-41.9876],[-74.04559,-41.98739],[-74.05505,-41.96853],[-74.02471,-41.94888],[-74.05706,-41.93757],[-74.00926,-41.92657],[-73.99395,-41.89038],[-74.05936,-41.83076],[-74.05315,-41.80324],[-74.02756,-41.80557],[-74.00915,-41.77446],[-73.94621,-41.79714],[-73.91146,-41.78733],[-73.90096,-41.76688],[-73.87738,-41.78463],[-73.91114,-41.79582],[-73.85318,-41.83019],[-73.87923,-41.8558],[-73.8941,-41.85848],[-73.89849,-41.8266],[-73.90242,-41.8483],[-73.91994,-41.85387],[-73.94025,-41.84025],[-73.92594,-41.83476],[-73.93239,-41.82307],[-73.97308,-41.83529],[-73.97928,-41.82033],[-73.99687,-41.85326],[-73.85592,-41.88283],[-73.81749,-41.85826],[-73.79044,-41.87927],[-73.79994,-41.86835],[-73.76244,-41.86365],[-73.66294,-41.79715],[-73.64098,-41.80024],[-73.64183,-41.81968],[-73.62637,-41.82581],[-73.58773,-41.79346],[-73.5387,-41.79688],[-73.52364,-41.82829],[-73.47605,-41.83392],[-73.53246,-41.87699],[-73.48288,-41.88798],[-73.47025,-41.90456],[-73.52781,-41.89325],[-73.53527,-41.9008],[-73.50799,-41.90397],[-73.50912,-41.92432],[-73.54376,-41.92635],[-73.56349,-41.94813],[-73.55288,-41.96795],[-73.52126,-41.96797],[-73.52986,-41.95388],[-73.51775,-41.95111],[-73.51605,-41.97339]]]]}},{"type":"Feature","properties":{"comuna":"Quellón","region":"Región de Los Lagos","codregion":10},"geometry":{"type":"MultiPolygon","coordinates":[[[[-74.74233,-43.51762],[-74.59606,-43.58217],[-74.60024,-43.59252],[-74.58034,-43.5942],[-74.57612,-43.61593],[-74.55278,-43.62755],[-74.69768,-43.64492],[-74.77082,-43.68308],[-74.81423,-43.63145],[-74.8367,-43.56247],[-74.78573,-43.57758],[-74.74466,-43.56669],[-74.74233,-43.51762]]],[[[-74.08957,-43.39717],[-74.08565,-43.418],[-74.10032,-43.41029],[-74.08957,-43.39717]]],[[[-74.25234,-43.3492],[-74.24918,-43.39384],[-74.23263,-43.40804],[-74.28047,-43.42813],[-74.27799,-43.36314],[-74.25234,-43.3492]]],[[[-73.75986,-43.31706],[-73.66717,-43.34835],[-73.67599,-43.3881],[-73.72522,-43.39993],[-73.77292,-43.3842],[-73.77611,-43.35844],[-73.80841,-43.32323],[-73.75986,-43.31706]]],[[[-73.7117,-43.18082],[-73.66183,-43.19545],[-73.66726,-43.24717],[-73.74363,-43.20489],[-73.7117,-43.18082]]],[[[-73.60788,-43.18369],[-73.59809,-43.23006],[-73.57017,-43.24896],[-73.57475,-43.27287],[-73.62594,-43.23887],[-73.61947,-43.22113],[-73.64151,-43.18722],[-73.6179,-43.16467],[-73.60788,-43.18369]]],[[[-73.5535,-43.1381],[-73.54913,-43.16869],[-73.51639,-43.1776],[-73.51018,-43.15298],[-73.53237,-43.15594],[-73.51775,-43.14176],[-73.49718,-43.17372],[-73.5883,-43.20282],[-73.56063,-43.1874],[-73.58502,-43.14094],[-73.5535,-43.1381]]],[[[-73.44822,-43.0456],[-73.43711,-43.06402],[-73.47148,-43.0439],[-73.44822,-43.0456]]],[[[-74.15158,-42.84804],[-74.05755,-42.84504],[-74.01144,-42.8612],[-74.01015,-42.82248],[-73.97299,-42.83688],[-73.89284,-42.83495],[-73.80074,-42.88171],[-73.77243,-42.88136],[-73.74005,-42.85356],[-73.66421,-42.88009],[-73.61454,-42.92075],[-73.61622,-42.94205],[-73.64088,-42.94434],[-73.593,-42.95272],[-73.60609,-42.97105],[-73.54467,-42.9743],[-73.53755,-43.0301],[-73.50807,-43.06449],[-73.54512,-43.06145],[-73.57115,-43.03342],[-73.62341,-43.04123],[-73.62226,-43.05369],[-73.57637,-43.05178],[-73.49393,-43.08592],[-73.48076,-43.14439],[-73.53411,-43.12391],[-73.54251,-43.1001],[-73.54349,-43.12193],[-73.6318,-43.11775],[-73.64083,-43.12456],[-73.61658,-43.13882],[-73.62523,-43.14399],[-73.70651,-43.15003],[-73.7067,-43.1172],[-73.72717,-43.09287],[-73.72596,-43.11524],[-73.74455,-43.11871],[-73.75641,-43.14513],[-73.7385,-43.17306],[-73.75191,-43.20548],[-73.72094,-43.24262],[-73.67726,-43.26367],[-73.6607,-43.31838],[-73.79484,-43.31345],[-73.87684,-43.28209],[-73.81061,-43.31212],[-73.79444,-43.35361],[-73.79231,-43.4108],[-73.82508,-43.40158],[-73.8339,-43.42707],[-73.87883,-43.42416],[-73.92081,-43.37302],[-73.97721,-43.36076],[-74.00423,-43.39089],[-74.02187,-43.35077],[-74.08316,-43.37192],[-74.09086,-43.39446],[-74.12445,-43.38042],[-74.14864,-43.34716],[-74.19887,-43.34721],[-74.22366,-43.32632],[-74.29903,-43.32696],[-74.32711,-43.29252],[-74.36582,-43.29233],[-74.40382,-43.26668],[-74.40532,-43.23302],[-74.37464,-43.22239],[-74.33856,-43.14165],[-74.30654,-43.13576],[-74.31277,-43.11761],[-74.33332,-43.11799],[-74.31637,-43.10511],[-74.33622,-43.09815],[-74.32261,-43.07474],[-74.28937,-43.08059],[-74.25752,-43.03883],[-74.2299,-43.03213],[-74.22788,-43.01063],[-74.26545,-42.99158],[-74.20956,-42.97259],[-74.20781,-42.93587],[-74.22782,-42.91786],[-74.17169,-42.90404],[-74.15158,-42.84804]]]]}},{"type":"Feature","properties":{"comuna":"Queilén","region":"Región de Los Lagos","codregion":10},"geometry":{"type":"MultiPolygon","coordinates":[[[[-73.74326,-42.83931],[-73.74917,-42.83084],[-73.71437,-42.80591],[-73.71406,-42.76674],[-73.6145,-42.74439],[-73.54952,-42.75431],[-73.478,-42.80488],[-73.46302,-42.8832],[-73.47741,-42.89847],[-73.49286,-42.86399],[-73.48861,-42.88569],[-73.50866,-42.87485],[-73.57027,-42.88798],[-73.60523,-42.84739],[-73.61541,-42.80784],[-73.62254,-42.84713],[-73.64515,-42.84652],[-73.60435,-42.85291],[-73.58625,-42.88983],[-73.63172,-42.88562],[-73.65776,-42.85471],[-73.70726,-42.85991],[-73.74326,-42.83931]]],[[[-73.56395,-42.9166],[-73.5181,-42.91759],[-73.35255,-42.98899],[-73.32315,-43.01545],[-73.46625,-42.99392],[-73.46867,-42.98091],[-73.51532,-42.97455],[-73.52527,-42.94503],[-73.56955,-42.95927],[-73.57427,-42.93642],[-73.60417,-42.9328],[-73.56395,-42.9166]]]]}},{"type":"Feature","properties":{"comuna":"Chonchi","region":"Región de Los Lagos","codregion":10},"geometry":{"type":"MultiPolygon","coordinates":[[[[-73.6145,-42.74439],[-73.71406,-42.76674],[-73.7148,-42.8069],[-73.74917,-42.83084],[-73.74089,-42.84583],[-73.75212,-42.84951],[-73.73637,-42.85316],[-73.77243,-42.88136],[-73.93107,-42.82901],[-73.97299,-42.83688],[-74.01015,-42.82248],[-74.01144,-42.8612],[-74.05755,-42.84504],[-74.15158,-42.84804],[-74.16574,-42.82668],[-74.15269,-42.79206],[-74.16811,-42.76682],[-74.14344,-42.75781],[-74.1565,-42.713],[-74.12533,-42.70011],[-74.12153,-42.6481],[-74.15783,-42.54134],[-74.19941,-42.51445],[-74.17633,-42.50042],[-74.12794,-42.508],[-74.10143,-42.48671],[-74.01994,-42.50049],[-74.01845,-42.48965],[-73.86941,-42.48881],[-73.79773,-42.52425],[-73.79951,-42.54567],[-73.75493,-42.54671],[-73.75656,-42.5786],[-73.78386,-42.59091],[-73.78714,-42.6124],[-73.70569,-42.66452],[-73.6594,-42.66571],[-73.68279,-42.6917],[-73.63049,-42.70285],[-73.6145,-42.74439]]]]}},{"type":"Feature","properties":{"comuna":"Puerto Montt","region":"Región de Los Lagos","codregion":10},"geometry":{"type":"MultiPolygon","coordinates":[[[[-72.97949,-41.55389],[-72.9606,-41.5814],[-73.00801,-41.59326],[-73.01942,-41.56155],[-72.97949,-41.55389]]],[[[-72.95018,-41.48737],[-72.99428,-41.51481],[-72.97927,-41.49259],[-72.95018,-41.48737]]],[[[-73.05646,-41.6846],[-73.1399,-41.68221],[-73.14418,-41.65726],[-73.1066,-41.62957],[-73.13091,-41.58453],[-73.21726,-41.5585],[-73.25739,-41.57237],[-73.28614,-41.55883],[-73.32435,-41.53456],[-73.33987,-41.48142],[-73.26303,-41.47415],[-73.24706,-41.46041],[-73.26001,-41.44806],[-73.19224,-41.3872],[-73.11593,-41.40834],[-73.02339,-41.39031],[-73.01313,-41.40696],[-72.94243,-41.41433],[-72.92085,-41.39584],[-72.92412,-41.3791],[-72.84118,-41.34045],[-72.76433,-41.33688],[-72.76902,-41.35099],[-72.71791,-41.35885],[-72.72429,-41.376],[-72.68595,-41.38011],[-72.65812,-41.3741],[-72.64398,-41.34461],[-72.61506,-41.33019],[-72.52207,-41.37761],[-72.4917,-41.37901],[-72.44127,-41.35111],[-72.42313,-41.38218],[-72.37782,-41.39077],[-72.37864,-41.41167],[-72.41478,-41.41024],[-72.43414,-41.42715],[-72.37727,-41.48255],[-72.39017,-41.54819],[-72.4138,-41.55465],[-72.41314,-41.57409],[-72.45049,-41.61093],[-72.51777,-41.64461],[-72.561,-41.63719],[-72.57984,-41.67061],[-72.61904,-41.69097],[-72.64826,-41.69527],[-72.66662,-41.62299],[-72.70416,-41.60101],[-72.73974,-41.53274],[-72.75079,-41.55501],[-72.76577,-41.52716],[-72.82346,-41.48818],[-72.88608,-41.49929],[-72.93951,-41.47296],[-72.98058,-41.48743],[-72.99868,-41.51155],[-73.04155,-41.51936],[-73.03166,-41.56189],[-73.06964,-41.56742],[-73.09729,-41.59083],[-73.06432,-41.61357],[-73.08629,-41.61874],[-73.054,-41.64527],[-73.06604,-41.65945],[-73.05646,-41.6846]]]]}},{"type":"Feature","properties":{"comuna":"Río Negro","region":"Región de Los Lagos","codregion":10},"geometry":{"type":"Polygon","coordinates":[[[-73.80383,-40.63602],[-73.76402,-40.65508],[-73.73129,-40.64109],[-73.69987,-40.64853],[-73.66448,-40.67276],[-73.68795,-40.71572],[-73.59672,-40.74911],[-73.49808,-40.7399],[-73.47561,-40.71891],[-73.35691,-40.69528],[-73.33016,-40.6623],[-73.23457,-40.66828],[-73.18649,-40.63113],[-73.06025,-40.71372],[-73.0465,-40.70992],[-73.04894,-40.68803],[-73.03164,-40.69066],[-72.99477,-40.74614],[-73.01095,-40.761],[-72.9818,-40.81535],[-73.01692,-40.85466],[-73.03494,-40.83968],[-73.10508,-40.83242],[-73.10705,-40.85919],[-73.20863,-40.84295],[-73.26664,-40.87875],[-73.36145,-40.85065],[-73.44483,-40.85303],[-73.48218,-40.8336],[-73.48132,-40.8203],[-73.50673,-40.81775],[-73.5279,-40.85215],[-73.60385,-40.85271],[-73.63054,-40.89114],[-73.64885,-40.88682],[-73.65983,-40.90386],[-73.80478,-40.83667],[-73.81337,-40.80698],[-73.86747,-40.80897],[-73.85844,-40.77135],[-73.84143,-40.77506],[-73.82985,-40.72096],[-73.8029,-40.71802],[-73.83368,-40.66676],[-73.80941,-40.66178],[-73.80383,-40.63602]]]}},{"type":"Feature","properties":{"comuna":"Castro","region":"Región de Los Lagos","codregion":10},"geometry":{"type":"MultiPolygon","coordinates":[[[[-73.45749,-42.61429],[-73.42228,-42.62135],[-73.47471,-42.64884],[-73.52936,-42.64736],[-73.5431,-42.62819],[-73.50463,-42.62031],[-73.48449,-42.64191],[-73.50631,-42.60684],[-73.45749,-42.61429]]],[[[-73.49656,-42.54896],[-73.5151,-42.60375],[-73.53968,-42.59805],[-73.52112,-42.55648],[-73.49656,-42.54896]]],[[[-73.79773,-42.52425],[-73.86941,-42.48881],[-74.01845,-42.48965],[-74.01994,-42.50049],[-74.10143,-42.48671],[-74.13208,-42.50836],[-74.19245,-42.49974],[-74.17348,-42.46531],[-74.14604,-42.45283],[-74.10397,-42.46578],[-74.00886,-42.45135],[-73.99801,-42.43329],[-73.88753,-42.43458],[-73.84895,-42.35667],[-73.79387,-42.35464],[-73.73944,-42.38681],[-73.67126,-42.39583],[-73.64146,-42.43581],[-73.68372,-42.48014],[-73.57678,-42.53299],[-73.61678,-42.53644],[-73.62929,-42.52402],[-73.63951,-42.54709],[-73.71991,-42.56933],[-73.739,-42.53811],[-73.78339,-42.53378],[-73.73432,-42.49667],[-73.72413,-42.42588],[-73.73573,-42.42396],[-73.75455,-42.4269],[-73.74812,-42.47493],[-73.76497,-42.4661],[-73.75903,-42.48305],[-73.77181,-42.48147],[-73.76963,-42.49848],[-73.79773,-42.52425]]]]}},{"type":"Feature","properties":{"comuna":"Dalcahue","region":"Región de Los Lagos","codregion":10},"geometry":{"type":"Polygon","coordinates":[[[-73.67126,-42.39583],[-73.73944,-42.38681],[-73.79387,-42.35464],[-73.84518,-42.35397],[-73.8537,-42.38811],[-73.87369,-42.38646],[-73.88753,-42.43458],[-73.99801,-42.43329],[-74.00886,-42.45135],[-74.10397,-42.46578],[-74.14604,-42.45283],[-74.17636,-42.47202],[-74.19082,-42.44474],[-74.14627,-42.35924],[-74.13969,-42.31794],[-74.17201,-42.26728],[-74.14439,-42.21797],[-74.04636,-42.22919],[-74.0075,-42.215],[-73.96039,-42.24168],[-73.9404,-42.2379],[-73.8639,-42.21901],[-73.84224,-42.18575],[-73.86679,-42.17032],[-73.83144,-42.15237],[-73.80235,-42.17306],[-73.8006,-42.20793],[-73.7222,-42.25513],[-73.70848,-42.25111],[-73.72468,-42.16602],[-73.61908,-42.17198],[-73.60275,-42.19128],[-73.54517,-42.2077],[-73.54732,-42.22214],[-73.50716,-42.24969],[-73.42199,-42.28856],[-73.41306,-42.27893],[-73.36012,-42.29595],[-73.3526,-42.32244],[-73.35801,-42.33886],[-73.43531,-42.32969],[-73.43759,-42.31197],[-73.47201,-42.34417],[-73.50757,-42.3268],[-73.51287,-42.34226],[-73.54509,-42.33397],[-73.67126,-42.39583]]]}},{"type":"Feature","properties":{"comuna":"Quemchi","region":"Región de Los Lagos","codregion":10},"geometry":{"type":"MultiPolygon","coordinates":[[[[-73.1111,-42.37551],[-73.10059,-42.38195],[-73.12052,-42.39608],[-73.14992,-42.39813],[-73.13834,-42.37881],[-73.1111,-42.37551]]],[[[-73.23899,-42.32209],[-73.22634,-42.32815],[-73.2405,-42.33705],[-73.21463,-42.33851],[-73.27244,-42.33146],[-73.23899,-42.32209]]],[[[-73.26124,-42.29096],[-73.23196,-42.30993],[-73.2877,-42.31793],[-73.31314,-42.30476],[-73.26124,-42.29096]]],[[[-73.23546,-42.27288],[-73.18664,-42.30272],[-73.21728,-42.30302],[-73.19488,-42.32019],[-73.20993,-42.3281],[-73.22337,-42.31577],[-73.22205,-42.29777],[-73.20196,-42.28995],[-73.26318,-42.27614],[-73.23546,-42.27288]]],[[[-73.06834,-42.26826],[-73.05356,-42.28238],[-73.05976,-42.29843],[-73.13095,-42.34293],[-73.13453,-42.31947],[-73.1761,-42.276],[-73.15833,-42.26803],[-73.13502,-42.29003],[-73.1448,-42.30266],[-73.11364,-42.28853],[-73.12679,-42.27703],[-73.10148,-42.27979],[-73.13713,-42.27716],[-73.10859,-42.25779],[-73.06834,-42.26826]]],[[[-73.17849,-42.2453],[-73.14933,-42.25363],[-73.14326,-42.27369],[-73.17849,-42.2453]]],[[[-73.387,-42.10806],[-73.35314,-42.18099],[-73.38602,-42.18414],[-73.41058,-42.15356],[-73.46086,-42.14196],[-73.387,-42.10806]]],[[[-73.36012,-42.29595],[-73.41306,-42.27893],[-73.42199,-42.28856],[-73.54732,-42.22214],[-73.53604,-42.17393],[-73.56393,-42.13715],[-73.56415,-42.05474],[-73.58729,-42.00958],[-73.50116,-42.01346],[-73.5249,-42.00175],[-73.51605,-41.97339],[-73.41607,-42.07058],[-73.42697,-42.10925],[-73.46352,-42.12608],[-73.48273,-42.11141],[-73.47108,-42.1425],[-73.48821,-42.1604],[-73.42319,-42.178],[-73.3982,-42.21106],[-73.3653,-42.20476],[-73.36009,-42.2411],[-73.40719,-42.25952],[-73.37727,-42.24409],[-73.34785,-42.25238],[-73.33725,-42.26908],[-73.36012,-42.29595]]]]}},{"type":"Feature","properties":{"comuna":"San Juan de la Costa","region":"Región de Los Lagos","codregion":10},"geometry":{"type":"MultiPolygon","coordinates":[[[[-73.71472,-40.24526],[-73.68291,-40.23922],[-73.67183,-40.27689],[-73.60016,-40.30131],[-73.57754,-40.28324],[-73.51131,-40.28851],[-73.45437,-40.27012],[-73.43525,-40.32391],[-73.4527,-40.35647],[-73.42364,-40.41697],[-73.38977,-40.43156],[-73.33329,-40.42132],[-73.34039,-40.45012],[-73.30632,-40.46624],[-73.35339,-40.52029],[-73.34369,-40.56387],[-73.35583,-40.60832],[-73.3308,-40.62291],[-73.40308,-40.62552],[-73.41659,-40.64027],[-73.418,-40.66188],[-73.39327,-40.66899],[-73.33016,-40.6623],[-73.35416,-40.69341],[-73.47561,-40.71891],[-73.49808,-40.7399],[-73.59913,-40.74913],[-73.68795,-40.71572],[-73.66448,-40.67276],[-73.69987,-40.64853],[-73.73129,-40.64109],[-73.76402,-40.65508],[-73.80383,-40.63602],[-73.7563,-40.6202],[-73.76148,-40.60326],[-73.74199,-40.60418],[-73.74109,-40.57074],[-73.71866,-40.5571],[-73.71868,-40.53012],[-73.77851,-40.45552],[-73.74815,-40.4421],[-73.76098,-40.42142],[-73.74661,-40.40741],[-73.76572,-40.3957],[-73.75353,-40.38792],[-73.75762,-40.35197],[-73.74046,-40.3421],[-73.75223,-40.30074],[-73.71472,-40.24526]]]]}},{"type":"Feature","properties":{"comuna":"Calbuco","region":"Región de Los Lagos","codregion":10},"geometry":{"type":"MultiPolygon","coordinates":[[[[-73.133,-41.88337],[-73.10426,-41.90454],[-73.06552,-41.899],[-73.16056,-41.90889],[-73.11757,-41.90353],[-73.133,-41.88337]]],[[[-73.17278,-41.87364],[-73.13551,-41.89278],[-73.18238,-41.87044],[-73.17278,-41.87364]]],[[[-72.89581,-41.87178],[-72.893,-41.89819],[-72.93536,-41.8762],[-72.89581,-41.87178]]],[[[-73.15218,-41.82375],[-73.1352,-41.83312],[-73.14951,-41.83887],[-73.16533,-41.82124],[-73.15218,-41.82375]]],[[[-73.12284,-41.81566],[-73.08756,-41.82984],[-73.09008,-41.84899],[-73.12284,-41.81566]]],[[[-73.34857,-41.80048],[-73.32298,-41.81076],[-73.32842,-41.8275],[-73.34758,-41.83317],[-73.32767,-41.81685],[-73.34857,-41.80048]]],[[[-73.14337,-41.78878],[-73.15649,-41.80794],[-73.19012,-41.7954],[-73.15766,-41.79755],[-73.12599,-41.76853],[-73.14337,-41.78878]]],[[[-73.05124,-41.74199],[-73.02582,-41.79402],[-72.99087,-41.82457],[-72.98467,-41.85819],[-73.03109,-41.86316],[-73.11537,-41.80626],[-73.07309,-41.81964],[-73.10095,-41.7924],[-73.08901,-41.79125],[-73.04491,-41.82153],[-73.09751,-41.77236],[-73.06592,-41.77487],[-73.08747,-41.76511],[-73.07257,-41.74537],[-73.08819,-41.74983],[-73.05782,-41.732],[-73.05124,-41.74199]]],[[[-72.9697,-41.66345],[-72.9015,-41.67876],[-72.88641,-41.6989],[-72.92324,-41.69269],[-72.9084,-41.71061],[-72.92922,-41.71232],[-72.96333,-41.69498],[-72.95393,-41.72401],[-72.98506,-41.72193],[-73.00101,-41.69847],[-72.99159,-41.66786],[-72.9697,-41.66345]]],[[[-73.05646,-41.6846],[-73.03833,-41.70514],[-73.06094,-41.72151],[-73.09815,-41.69962],[-73.09377,-41.7297],[-73.11753,-41.75293],[-73.15759,-41.74258],[-73.15403,-41.70867],[-73.17179,-41.74101],[-73.12723,-41.76223],[-73.18994,-41.78302],[-73.15822,-41.77672],[-73.16031,-41.79101],[-73.19227,-41.78492],[-73.23393,-41.80168],[-73.24617,-41.79541],[-73.23316,-41.77231],[-73.2577,-41.78765],[-73.40751,-41.76782],[-73.34818,-41.81216],[-73.39047,-41.80637],[-73.42026,-41.78266],[-73.47976,-41.79944],[-73.54004,-41.77349],[-73.4614,-41.74341],[-73.39454,-41.74629],[-73.26347,-41.60635],[-73.20383,-41.57446],[-73.16009,-41.57261],[-73.11481,-41.60603],[-73.1066,-41.62957],[-73.14418,-41.65726],[-73.1399,-41.68221],[-73.05646,-41.6846]]]]}},{"type":"Feature","properties":{"comuna":"Chaitén","region":"Región de Los Lagos","codregion":10},"geometry":{"type":"MultiPolygon","coordinates":[[[[-73.0225,-43.63075],[-73.01661,-43.656],[-73.03113,-43.64468],[-73.0225,-43.63075]]],[[[-73.07304,-42.74478],[-73.07461,-42.75558],[-73.09722,-42.73532],[-73.0872,-42.72564],[-73.07304,-42.74478]]],[[[-73.07244,-42.7167],[-73.05189,-42.72183],[-73.06144,-42.75251],[-73.07244,-42.7167]]],[[[-72.99691,-42.70244],[-72.9754,-42.73914],[-72.94254,-42.717],[-72.92406,-42.72423],[-72.91733,-42.78232],[-72.94113,-42.78176],[-72.95125,-42.75433],[-72.97011,-42.75249],[-72.94645,-42.78267],[-72.9524,-42.79581],[-72.93697,-42.78662],[-72.94944,-42.80939],[-73.00494,-42.73341],[-73.03077,-42.72037],[-73.02948,-42.69527],[-72.99691,-42.70244]]],[[[-72.84522,-42.69298],[-72.85912,-42.67608],[-72.82043,-42.67515],[-72.83709,-42.69111],[-72.83165,-42.70558],[-72.84522,-42.69298]]],[[[-73.08185,-42.65366],[-73.06733,-42.66718],[-73.0754,-42.68194],[-73.09226,-42.66244],[-73.08185,-42.65366]]],[[[-73.03983,-42.59735],[-73.00221,-42.60666],[-73.00758,-42.65374],[-73.0196,-42.6286],[-73.06607,-42.61662],[-73.03983,-42.59735]]],[[[-72.42258,-42.48025],[-72.39882,-42.57833],[-72.35101,-42.59178],[-72.31108,-42.63745],[-72.28406,-42.62661],[-72.22585,-42.66706],[-72.17283,-42.63708],[-72.15654,-42.65881],[-72.17871,-42.69555],[-72.13766,-42.71171],[-72.12871,-42.73144],[-72.14605,-42.74144],[-72.13089,-42.77615],[-72.16508,-42.79869],[-72.1195,-42.88148],[-72.16538,-42.89712],[-72.20111,-42.89046],[-72.18566,-42.91374],[-72.23368,-42.96583],[-72.21354,-42.98908],[-72.24127,-42.99534],[-72.2267,-43.0303],[-72.16889,-43.05692],[-72.1847,-43.09766],[-72.15147,-43.115],[-72.16372,-43.17907],[-72.23134,-43.22723],[-72.19759,-43.23747],[-72.17528,-43.2987],[-72.19114,-43.34596],[-72.24695,-43.40734],[-72.28934,-43.38417],[-72.30811,-43.38923],[-72.30014,-43.43199],[-72.25468,-43.47406],[-72.2607,-43.50243],[-72.19624,-43.55156],[-72.20874,-43.58331],[-72.25626,-43.60776],[-72.22855,-43.64389],[-72.32012,-43.68987],[-72.33887,-43.67344],[-72.40143,-43.68931],[-72.42392,-43.73022],[-72.47582,-43.73535],[-72.48054,-43.77406],[-72.50144,-43.79676],[-72.61133,-43.7553],[-72.65382,-43.75963],[-72.66188,-43.77738],[-72.69611,-43.76404],[-72.7636,-43.77009],[-72.76734,-43.75022],[-72.79999,-43.74044],[-72.76663,-43.6855],[-72.79034,-43.67429],[-72.79092,-43.64437],[-72.80731,-43.63812],[-72.82372,-43.64472],[-72.85476,-43.74031],[-72.89386,-43.73818],[-72.93379,-43.69712],[-73.04859,-43.73828],[-73.0385,-43.71618],[-72.9659,-43.68275],[-72.94911,-43.63659],[-72.89803,-43.60748],[-72.90357,-43.62867],[-72.8751,-43.6121],[-72.88343,-43.5775],[-72.91282,-43.60611],[-72.99971,-43.59407],[-73.02832,-43.53726],[-73.05009,-43.53172],[-73.04058,-43.51682],[-73.09132,-43.46301],[-73.09027,-43.43356],[-73.05101,-43.39492],[-73.06274,-43.32279],[-72.98098,-43.2691],[-72.87035,-43.23273],[-72.91375,-43.13101],[-72.85787,-43.02854],[-72.7802,-43.02928],[-72.77234,-43.05885],[-72.69625,-43.10474],[-72.7258,-43.07885],[-72.7525,-43.00843],[-72.775,-43.00638],[-72.7902,-42.96697],[-72.81672,-42.95178],[-72.80773,-42.93328],[-72.72357,-42.97189],[-72.733,-42.96485],[-72.71254,-42.9132],[-72.79575,-42.87309],[-72.80109,-42.8526],[-72.83291,-42.8363],[-72.85618,-42.76654],[-72.83375,-42.74552],[-72.83986,-42.70743],[-72.80996,-42.71465],[-72.79935,-42.69869],[-72.79868,-42.67949],[-72.83167,-42.66762],[-72.85386,-42.62014],[-72.81915,-42.52745],[-72.7942,-42.50076],[-72.675,-42.52083],[-72.60394,-42.56085],[-72.57361,-42.55767],[-72.55373,-42.58147],[-72.49015,-42.57802],[-72.48885,-42.55211],[-72.50703,-42.57147],[-72.53392,-42.55741],[-72.52015,-42.54525],[-72.63068,-42.5131],[-72.69721,-42.44381],[-72.69962,-42.40776],[-72.7651,-42.37725],[-72.78451,-42.31004],[-72.82414,-42.32186],[-72.83396,-42.29411],[-72.76858,-42.24343],[-72.74045,-42.25358],[-72.75167,-42.23677],[-72.7358,-42.22535],[-72.67032,-42.22502],[-72.58175,-42.1884],[-72.51508,-42.24304],[-72.52657,-42.2733],[-72.50847,-42.34621],[-72.45299,-42.39868],[-72.45605,-42.44884],[-72.43499,-42.47539],[-72.44865,-42.49761],[-72.42258,-42.48025]]]]}},{"type":"Feature","properties":{"comuna":"Los Muermos","region":"Región de Los Lagos","codregion":10},"geometry":{"type":"MultiPolygon","coordinates":[[[[-73.50717,-41.55022],[-73.53404,-41.53094],[-73.54699,-41.55495],[-73.56816,-41.54134],[-73.64105,-41.56179],[-73.67978,-41.50274],[-73.7017,-41.49387],[-73.78738,-41.52798],[-73.8538,-41.46398],[-73.83311,-41.44413],[-73.85622,-41.4284],[-73.83573,-41.41168],[-73.84594,-41.3952],[-73.83148,-41.37365],[-73.84435,-41.27905],[-73.79748,-41.27173],[-73.76778,-41.23249],[-73.71119,-41.21037],[-73.64826,-41.24607],[-73.67436,-41.27101],[-73.64055,-41.31225],[-73.59906,-41.29887],[-73.55718,-41.31337],[-73.48954,-41.30444],[-73.45471,-41.28143],[-73.46033,-41.25517],[-73.38569,-41.27451],[-73.29629,-41.26722],[-73.29443,-41.29232],[-73.32087,-41.28794],[-73.35475,-41.32429],[-73.35432,-41.37033],[-73.27642,-41.40443],[-73.24706,-41.46041],[-73.26938,-41.47624],[-73.33404,-41.47452],[-73.33127,-41.50474],[-73.34647,-41.52186],[-73.42225,-41.49531],[-73.48496,-41.51731],[-73.50717,-41.55022]]]]}},{"type":"Feature","properties":{"comuna":"Maullín","region":"Región de Los Lagos","codregion":10},"geometry":{"type":"MultiPolygon","coordinates":[[[[-73.81031,-41.73105],[-73.79979,-41.74373],[-73.82242,-41.73964],[-73.81031,-41.73105]]],[[[-73.64105,-41.56179],[-73.56816,-41.54134],[-73.54699,-41.55495],[-73.53404,-41.53094],[-73.50717,-41.55022],[-73.53078,-41.58971],[-73.56571,-41.58635],[-73.58179,-41.60604],[-73.65477,-41.58557],[-73.6634,-41.57274],[-73.64105,-41.56179]]],[[[-73.79035,-41.52532],[-73.73732,-41.51808],[-73.70691,-41.49476],[-73.67313,-41.54709],[-73.67244,-41.58035],[-73.69588,-41.57565],[-73.65891,-41.5888],[-73.67633,-41.60114],[-73.75382,-41.55722],[-73.79131,-41.58393],[-73.79035,-41.52532]]],[[[-73.43485,-41.51347],[-73.46055,-41.52271],[-73.42169,-41.50758],[-73.43485,-41.51347]]],[[[-73.33163,-41.50869],[-73.32435,-41.53456],[-73.26012,-41.57115],[-73.21726,-41.5585],[-73.19424,-41.57283],[-73.26347,-41.60635],[-73.39454,-41.74629],[-73.4614,-41.74341],[-73.54004,-41.77349],[-73.75993,-41.74519],[-73.7181,-41.72525],[-73.68638,-41.66516],[-73.69688,-41.63383],[-73.66986,-41.64068],[-73.65065,-41.60297],[-73.59369,-41.61559],[-73.55698,-41.66168],[-73.54337,-41.66653],[-73.55185,-41.64898],[-73.51573,-41.65928],[-73.58606,-41.62643],[-73.55356,-41.63536],[-73.57358,-41.61795],[-73.53566,-41.60623],[-73.50701,-41.62231],[-73.51595,-41.60286],[-73.5055,-41.58212],[-73.48991,-41.58697],[-73.49042,-41.56874],[-73.50743,-41.57738],[-73.48874,-41.53054],[-73.41788,-41.50739],[-73.377,-41.5243],[-73.41223,-41.50412],[-73.347,-41.52393],[-73.33163,-41.50869]]]]}},{"type":"Feature","properties":{"comuna":"Quinchao","region":"Región de Los Lagos","codregion":10},"geometry":{"type":"MultiPolygon","coordinates":[[[[-73.32941,-42.62342],[-73.23453,-42.63363],[-73.23266,-42.6457],[-73.24763,-42.66512],[-73.35775,-42.63203],[-73.32941,-42.62342]]],[[[-73.29953,-42.58667],[-73.26205,-42.5972],[-73.26187,-42.61023],[-73.3282,-42.60285],[-73.29953,-42.58667]]],[[[-73.20695,-42.58907],[-73.20171,-42.62778],[-73.22264,-42.62674],[-73.21389,-42.59036],[-73.22068,-42.61686],[-73.24174,-42.61551],[-73.22767,-42.56264],[-73.20695,-42.58907]]],[[[-73.51393,-42.45567],[-73.45852,-42.47854],[-73.42641,-42.52448],[-73.3961,-42.54012],[-73.38937,-42.58363],[-73.44284,-42.57152],[-73.43553,-42.54045],[-73.40749,-42.55047],[-73.44816,-42.51907],[-73.51199,-42.50383],[-73.53909,-42.4679],[-73.51393,-42.45567]]],[[[-73.27499,-42.47733],[-73.24797,-42.48432],[-73.26188,-42.51427],[-73.29313,-42.46266],[-73.27499,-42.47733]]],[[[-73.33758,-42.4582],[-73.31815,-42.45289],[-73.29817,-42.47053],[-73.31465,-42.48544],[-73.37711,-42.48987],[-73.37329,-42.4531],[-73.33758,-42.4582]]],[[[-73.42862,-42.42813],[-73.42801,-42.44091],[-73.46319,-42.42702],[-73.42862,-42.42813]]],[[[-73.28366,-42.39894],[-73.30176,-42.43869],[-73.34485,-42.42257],[-73.30726,-42.42278],[-73.31071,-42.39925],[-73.28366,-42.39894]]],[[[-73.43034,-42.37536],[-73.41348,-42.39422],[-73.43747,-42.40863],[-73.45843,-42.37607],[-73.44592,-42.36525],[-73.43034,-42.37536]]]]}},{"type":"Feature","properties":{"comuna":"Curaco de Vélez","region":"Región de Los Lagos","codregion":10},"geometry":{"type":"Polygon","coordinates":[[[-73.51393,-42.45567],[-73.54593,-42.47286],[-73.60342,-42.46157],[-73.6343,-42.47155],[-73.64395,-42.46231],[-73.60372,-42.43746],[-73.65836,-42.38975],[-73.59787,-42.38178],[-73.52263,-42.39464],[-73.51393,-42.45567]]]}},{"type":"Feature","properties":{"comuna":"Puerto Octay","region":"Región de Los Lagos","codregion":10},"geometry":{"type":"Polygon","coordinates":[[[-72.99323,-41.02821],[-72.99534,-40.97639],[-72.96951,-40.97254],[-72.98269,-40.92668],[-72.92974,-40.88971],[-72.93206,-40.86707],[-72.98752,-40.81201],[-72.98475,-40.79149],[-73.01095,-40.761],[-72.99478,-40.74856],[-73.00564,-40.72429],[-72.97109,-40.75512],[-72.97926,-40.76364],[-72.85559,-40.78055],[-72.80173,-40.81988],[-72.73613,-40.81713],[-72.7059,-40.78487],[-72.61464,-40.79358],[-72.48056,-40.81713],[-72.31131,-40.88375],[-72.17275,-40.87257],[-72.10072,-40.80003],[-72.10443,-40.81202],[-72.08941,-40.81096],[-72.10503,-40.8383],[-72.09725,-40.85768],[-72.06648,-40.87687],[-72.07193,-40.88823],[-72.04217,-40.8941],[-72.03722,-40.91596],[-72.04598,-40.94527],[-72.10733,-40.95666],[-72.18469,-40.92312],[-72.28888,-40.98498],[-72.36603,-41.00059],[-72.38862,-41.04235],[-72.47451,-41.07123],[-72.49513,-41.10401],[-72.5769,-41.11795],[-72.62064,-41.11925],[-72.9249,-41.00929],[-72.99323,-41.02821]]]}},{"type":"Feature","properties":{"comuna":"Frutillar","region":"Región de Los Lagos","codregion":10},"geometry":{"type":"Polygon","coordinates":[[[-72.99323,-41.02821],[-72.9249,-41.00929],[-72.79809,-41.05025],[-72.88589,-41.17756],[-72.96043,-41.20405],[-73.00989,-41.19462],[-73.01401,-41.18192],[-73.12577,-41.18979],[-73.15289,-41.16607],[-73.2036,-41.17863],[-73.21084,-41.16074],[-73.23421,-41.16786],[-73.26271,-41.14243],[-73.32772,-41.13013],[-73.34261,-41.09101],[-73.37463,-41.09072],[-73.39595,-41.07256],[-73.38055,-41.01665],[-73.33838,-41.00627],[-73.32135,-41.02007],[-73.25256,-40.97889],[-73.19993,-41.00516],[-73.1729,-40.98517],[-73.10675,-40.9772],[-72.99323,-41.02821]]]}},{"type":"Feature","properties":{"comuna":"Puerto Varas","region":"Región de Los Lagos","codregion":10},"geometry":{"type":"Polygon","coordinates":[[[-71.90901,-41.36116],[-71.96974,-41.38703],[-72.056,-41.35627],[-72.10037,-41.31502],[-72.10476,-41.33239],[-72.14613,-41.34562],[-72.16945,-41.39694],[-72.22256,-41.41426],[-72.2441,-41.44975],[-72.28778,-41.45976],[-72.30432,-41.45445],[-72.27544,-41.39192],[-72.30297,-41.39036],[-72.31389,-41.3719],[-72.32974,-41.40785],[-72.30105,-41.42304],[-72.32551,-41.45188],[-72.41255,-41.42348],[-72.41478,-41.41024],[-72.37555,-41.40944],[-72.37782,-41.39077],[-72.42313,-41.38218],[-72.44127,-41.35111],[-72.4917,-41.37901],[-72.52207,-41.37761],[-72.61828,-41.33002],[-72.65812,-41.3741],[-72.6973,-41.38017],[-72.72429,-41.376],[-72.71791,-41.35885],[-72.76902,-41.35099],[-72.76433,-41.33688],[-72.84118,-41.34045],[-72.92412,-41.3791],[-72.93556,-41.41283],[-73.01313,-41.40696],[-73.02339,-41.39031],[-73.11593,-41.40834],[-73.19224,-41.3872],[-73.26001,-41.44806],[-73.27642,-41.40443],[-73.35276,-41.37319],[-73.35674,-41.34145],[-73.3181,-41.28748],[-73.30025,-41.29188],[-73.29971,-41.31286],[-72.96411,-41.29199],[-72.79844,-41.0513],[-72.62064,-41.11925],[-72.5769,-41.11795],[-72.49513,-41.10401],[-72.47451,-41.07123],[-72.38862,-41.04235],[-72.36603,-41.00059],[-72.28888,-40.98498],[-72.18469,-40.92312],[-72.12567,-40.95497],[-72.04906,-40.94648],[-72.04058,-40.8957],[-72.07193,-40.88823],[-72.06648,-40.87687],[-72.09725,-40.85768],[-72.10503,-40.8383],[-72.08941,-40.81096],[-72.10671,-40.80562],[-71.92683,-40.79419],[-71.93429,-40.82178],[-71.90871,-40.85681],[-71.85881,-40.88118],[-71.86978,-40.89244],[-71.85653,-40.95884],[-71.90291,-40.96109],[-71.90529,-40.98521],[-71.81818,-41.0626],[-71.85125,-41.09925],[-71.83582,-41.11765],[-71.83983,-41.15045],[-71.88675,-41.16106],[-71.83396,-41.27175],[-71.89896,-41.25553],[-71.87622,-41.30882],[-71.90901,-41.36116]]]}},{"type":"Feature","properties":{"comuna":"Hualaihué","region":"Región de Los Lagos","codregion":10},"geometry":{"type":"MultiPolygon","coordinates":[[[[-72.53074,-42.07321],[-72.47928,-42.09092],[-72.49509,-42.10014],[-72.47965,-42.14345],[-72.49021,-42.17012],[-72.55126,-42.1373],[-72.60859,-42.13439],[-72.57537,-42.08152],[-72.55674,-42.07681],[-72.55742,-42.10287],[-72.53074,-42.07321]]],[[[-72.63817,-42.0638],[-72.61836,-42.06772],[-72.6427,-42.08012],[-72.63817,-42.0638]]],[[[-72.46098,-41.98575],[-72.46143,-42.02945],[-72.48408,-42.07087],[-72.51294,-42.05547],[-72.46098,-41.98575]]],[[[-72.16631,-42.67349],[-72.15654,-42.65881],[-72.17283,-42.63708],[-72.21583,-42.65047],[-72.22346,-42.66753],[-72.28406,-42.62661],[-72.31108,-42.63745],[-72.35101,-42.59178],[-72.39882,-42.57833],[-72.41162,-42.55343],[-72.40375,-42.5364],[-72.42258,-42.48025],[-72.38475,-42.4857],[-72.40063,-42.48255],[-72.41905,-42.44391],[-72.41463,-42.37956],[-72.45674,-42.34388],[-72.47035,-42.30052],[-72.44621,-42.2697],[-72.37502,-42.25416],[-72.44679,-42.25681],[-72.45974,-42.19868],[-72.44389,-42.16552],[-72.34783,-42.17157],[-72.44782,-42.16398],[-72.46473,-42.14316],[-72.46739,-42.07949],[-72.42715,-41.9766],[-72.49262,-41.96943],[-72.53504,-42.04352],[-72.58631,-42.04234],[-72.59503,-42.02022],[-72.58359,-42.0078],[-72.59945,-42.00663],[-72.60052,-42.03483],[-72.61488,-42.04294],[-72.64284,-42.03691],[-72.63401,-42.01293],[-72.6857,-42.00364],[-72.68944,-42.03052],[-72.75111,-41.98821],[-72.81098,-41.97243],[-72.80505,-41.93938],[-72.87733,-41.91457],[-72.7903,-41.86901],[-72.78995,-41.83739],[-72.70013,-41.78802],[-72.64867,-41.73134],[-72.61124,-41.7383],[-72.61099,-41.76664],[-72.57408,-41.79374],[-72.5785,-41.81825],[-72.54715,-41.81785],[-72.52136,-41.8486],[-72.4958,-41.84839],[-72.39663,-41.7812],[-72.29539,-41.82434],[-72.29913,-41.86127],[-72.27738,-41.86376],[-72.26732,-41.88282],[-72.22917,-41.87588],[-72.1822,-41.89421],[-72.21546,-41.92087],[-72.16062,-41.94354],[-72.18354,-41.98727],[-72.17307,-42.00827],[-72.22604,-42.01736],[-72.25764,-41.99254],[-72.30186,-42.01818],[-72.32335,-42.05637],[-72.26045,-42.06059],[-72.27713,-42.08595],[-72.27417,-42.12127],[-72.20497,-42.14575],[-72.15691,-42.19387],[-72.16607,-42.21464],[-72.15348,-42.24267],[-72.16885,-42.25607],[-72.12135,-42.32329],[-72.13704,-42.32873],[-72.13104,-42.38411],[-72.11261,-42.39871],[-72.07413,-42.38355],[-72.02902,-42.40673],[-72.04713,-42.45241],[-72.01055,-42.48835],[-72.05689,-42.5712],[-72.07782,-42.56762],[-72.11696,-42.60337],[-72.11842,-42.62885],[-72.09711,-42.64142],[-72.1222,-42.67176],[-72.16631,-42.67349]]]]}},{"type":"Feature","properties":{"comuna":"Palena","region":"Región de Los Lagos","codregion":10},"geometry":{"type":"Polygon","coordinates":[[[-71.737,-44.06704],[-71.79026,-44.05513],[-71.82651,-43.99996],[-71.80759,-43.95492],[-71.85669,-43.92924],[-71.90926,-43.9407],[-71.97023,-43.92563],[-71.95549,-43.94497],[-71.97977,-43.96703],[-72.01469,-43.96542],[-72.04253,-43.93655],[-72.07758,-43.95572],[-72.10795,-43.93389],[-72.07635,-43.9049],[-72.08338,-43.89596],[-72.11986,-43.87755],[-72.17983,-43.89503],[-72.20343,-43.85387],[-72.19333,-43.84243],[-72.28217,-43.83119],[-72.24067,-43.80685],[-72.3035,-43.78058],[-72.27105,-43.76148],[-72.30913,-43.7322],[-72.29831,-43.71347],[-72.31742,-43.70965],[-72.32241,-43.69106],[-72.22855,-43.64389],[-72.25626,-43.60776],[-72.20874,-43.58331],[-72.19581,-43.55594],[-72.2607,-43.50243],[-72.25468,-43.47406],[-72.30014,-43.43199],[-72.30811,-43.38923],[-72.28934,-43.38417],[-72.24695,-43.40734],[-72.19114,-43.34596],[-72.17518,-43.29492],[-72.19759,-43.23747],[-72.13833,-43.2861],[-72.13878,-43.30099],[-72.11082,-43.29852],[-72.13855,-43.32121],[-72.06817,-43.36775],[-72.0385,-43.37111],[-72.04091,-43.38367],[-71.98408,-43.41816],[-71.93127,-43.43495],[-71.93024,-43.45705],[-71.88071,-43.45134],[-71.85339,-43.47654],[-71.85471,-43.50003],[-71.89149,-43.51126],[-71.86842,-43.52233],[-71.87166,-43.55375],[-71.77661,-43.53867],[-71.75982,-43.58394],[-71.70762,-43.58441],[-71.70319,-43.6227],[-71.62681,-43.62377],[-71.58118,-43.65182],[-71.58828,-43.67537],[-71.61198,-43.67598],[-71.60022,-43.69665],[-71.6616,-43.70338],[-71.66239,-43.72142],[-71.6979,-43.72728],[-71.7538,-43.78795],[-71.76372,-43.84077],[-71.73241,-43.85976],[-71.70824,-43.85491],[-71.70693,-43.89459],[-71.66549,-43.90223],[-71.64874,-43.94558],[-71.67986,-43.97121],[-71.737,-44.06704]]]}},{"type":"Feature","properties":{"comuna":"Futaleufú","region":"Región de Los Lagos","codregion":10},"geometry":{"type":"Polygon","coordinates":[[[-71.92856,-43.43807],[-72.13855,-43.32121],[-72.11082,-43.29852],[-72.13878,-43.30099],[-72.186,-43.24408],[-72.23134,-43.22723],[-72.16372,-43.17907],[-72.15005,-43.12199],[-72.15888,-43.10201],[-72.1847,-43.09766],[-72.16889,-43.05692],[-72.2267,-43.0303],[-72.24127,-42.99534],[-72.21354,-42.98908],[-72.23368,-42.96583],[-72.18566,-42.91374],[-72.20111,-42.89046],[-72.1383,-42.8934],[-72.11719,-42.93625],[-72.07276,-42.95018],[-72.01321,-43.03021],[-71.93498,-43.05445],[-71.93296,-43.10199],[-71.89258,-43.10695],[-71.88728,-43.12639],[-71.85477,-43.12749],[-71.8577,-43.14253],[-71.8168,-43.14505],[-71.78492,-43.16903],[-71.76037,-43.1648],[-71.72966,-43.1986],[-71.75711,-43.22825],[-71.73135,-43.28116],[-71.73429,-43.31259],[-71.75431,-43.31805],[-71.78713,-43.29656],[-71.8393,-43.33418],[-71.9055,-43.32209],[-71.89221,-43.37943],[-71.93306,-43.38629],[-71.91327,-43.41669],[-71.92856,-43.43807]]]}},{"type":"Feature","properties":{"comuna":"Río Ibáñez","region":"Región de Aysén del Gral.Ibañez del Campo","codregion":11},"geometry":{"type":"Polygon","coordinates":[[[-72.67015,-46.62738],[-72.83575,-46.67847],[-73.09984,-46.51839],[-72.96481,-46.3985],[-73.13712,-46.12846],[-72.93871,-46.07108],[-72.9286,-45.92143],[-72.56508,-45.9254],[-72.45602,-46.06076],[-72.07263,-46.04829],[-71.72747,-46.27241],[-71.70348,-46.45719],[-71.88047,-46.43609],[-72.49051,-46.65575],[-72.67015,-46.62738]]]}},{"type":"Feature","properties":{"comuna":"Chile Chico","region":"Región de Aysén del Gral.Ibañez del Campo","codregion":11},"geometry":{"type":"Polygon","coordinates":[[[-71.95785,-46.97391],[-72.16461,-46.85977],[-72.38999,-46.95097],[-72.51984,-46.90216],[-72.6048,-47.03381],[-72.84929,-47.08287],[-72.87461,-47.02854],[-73.09999,-47.09409],[-73.38566,-47.05121],[-73.38965,-46.68443],[-73.34536,-46.59581],[-73.11163,-46.48495],[-73.07535,-46.56065],[-72.74287,-46.68483],[-71.88036,-46.43606],[-71.70348,-46.45719],[-71.64594,-46.68593],[-71.95582,-46.81521],[-71.95785,-46.97391]]]}},{"type":"Feature","properties":{"comuna":"Lago Verde","region":"Región de Aysén del Gral.Ibañez del Campo","codregion":11},"geometry":{"type":"Polygon","coordinates":[[[-72.05669,-44.8388],[-72.24237,-44.88067],[-72.26589,-44.77294],[-72.37506,-44.76422],[-72.36313,-44.66043],[-72.28951,-44.66605],[-72.37906,-44.51558],[-72.32893,-44.43837],[-72.39238,-44.39986],[-72.13031,-44.26404],[-72.05721,-43.93809],[-71.85669,-43.92924],[-71.737,-44.06704],[-71.84951,-44.11487],[-71.78018,-44.21711],[-71.8134,-44.41798],[-71.38611,-44.38555],[-71.17233,-44.43938],[-71.09184,-44.53231],[-71.23504,-44.63995],[-71.20124,-44.73663],[-71.26632,-44.8074],[-71.47097,-44.73771],[-71.85703,-44.80182],[-72.06405,-44.75741],[-72.05669,-44.8388]]]}},{"type":"Feature","properties":{"comuna":"Coyhaique","region":"Región de Aysén del Gral.Ibañez del Campo","codregion":11},"geometry":{"type":"Polygon","coordinates":[[[-72.05669,-44.8388],[-71.87936,-44.95952],[-71.55985,-44.97787],[-71.52654,-45.10313],[-71.33318,-45.24132],[-71.33601,-45.32173],[-71.52946,-45.3941],[-71.46995,-45.4952],[-71.76354,-45.5611],[-71.76776,-45.84707],[-71.65843,-45.88329],[-71.61802,-45.98069],[-71.71529,-46.08932],[-71.91407,-46.13843],[-72.15137,-46.02832],[-72.46976,-46.05827],[-72.57858,-45.92157],[-72.9286,-45.92143],[-72.87665,-45.77398],[-72.55143,-45.78034],[-72.44382,-45.67678],[-72.33183,-45.67345],[-72.38233,-45.61873],[-72.30373,-45.5201],[-72.1301,-45.53253],[-72.12546,-45.44213],[-72.19059,-45.44612],[-71.96707,-45.19674],[-71.96152,-45.08744],[-72.27015,-45.0138],[-72.2094,-44.99319],[-72.24237,-44.88067],[-72.05669,-44.8388]]]}},{"type":"Feature","properties":{"comuna":"Cisnes","region":"Región de Aysén del Gral.Ibañez del Campo","codregion":11},"geometry":{"type":"MultiPolygon","coordinates":[[[[-74.27127,-44.87112],[-74.36275,-44.95836],[-74.45599,-44.9241],[-74.27127,-44.87112]]],[[[-74.13904,-44.86291],[-73.89278,-44.96502],[-74.38601,-45.00272],[-74.13904,-44.86291]]],[[[-75.13915,-44.76462],[-75.0321,-44.90106],[-75.16232,-44.92015],[-75.2023,-44.81224],[-75.13915,-44.76462]]],[[[-73.99286,-44.77084],[-73.92857,-44.83159],[-74.18833,-44.82115],[-73.99286,-44.77084]]],[[[-73.86178,-44.77393],[-73.72502,-44.90888],[-73.76179,-44.95468],[-73.91759,-44.86432],[-73.79519,-44.89462],[-73.91074,-44.82018],[-73.86178,-44.77393]]],[[[-74.45493,-44.71152],[-74.29995,-44.84108],[-74.44997,-44.84165],[-74.53474,-44.74166],[-74.45493,-44.71152]]],[[[-73.61215,-44.73479],[-73.59642,-44.83073],[-73.73073,-44.8055],[-73.73379,-44.75168],[-73.61215,-44.73479]]],[[[-74.45223,-44.69368],[-74.67837,-44.66864],[-74.61063,-44.60686],[-74.45791,-44.63114],[-74.45223,-44.69368]]],[[[-74.10505,-44.59319],[-73.92781,-44.61106],[-73.84046,-44.69922],[-73.98155,-44.66289],[-73.98395,-44.72158],[-74.2443,-44.80703],[-74.36691,-44.72197],[-74.10827,-44.72821],[-74.41135,-44.65743],[-74.10505,-44.59319]]],[[[-74.78155,-44.54008],[-74.71199,-44.58532],[-74.78004,-44.67533],[-74.82727,-44.57346],[-74.78155,-44.54008]]],[[[-73.90753,-44.5629],[-73.88431,-44.62544],[-73.98807,-44.59566],[-73.90753,-44.5629]]],[[[-73.68182,-44.53111],[-73.58926,-44.62282],[-73.7167,-44.73018],[-73.56344,-44.70687],[-73.74323,-44.75196],[-73.8801,-44.59312],[-73.7911,-44.65845],[-73.80244,-44.56152],[-73.68182,-44.53111]]],[[[-74.18382,-44.47076],[-74.10131,-44.55481],[-74.35954,-44.54118],[-74.18382,-44.47076]]],[[[-73.67232,-44.47582],[-73.57325,-44.51267],[-73.66901,-44.52771],[-73.67232,-44.47582]]],[[[-74.16536,-44.41555],[-73.97199,-44.44696],[-73.92165,-44.53936],[-74.09205,-44.54428],[-74.11864,-44.49013],[-73.95526,-44.49023],[-74.16536,-44.41555]]],[[[-74.3007,-44.38854],[-74.20704,-44.47806],[-74.44787,-44.48286],[-74.38459,-44.54941],[-74.55739,-44.48118],[-74.3007,-44.38854]]],[[[-73.82337,-44.37289],[-73.87768,-44.43844],[-73.79399,-44.39988],[-73.75265,-44.45219],[-73.9005,-44.45355],[-73.82337,-44.37289]]],[[[-74.31718,-44.32668],[-74.24361,-44.37262],[-74.42008,-44.3945],[-74.31718,-44.32668]]],[[[-73.65346,-44.34019],[-73.62772,-44.37847],[-73.71624,-44.38835],[-73.66467,-44.44233],[-73.7934,-44.3744],[-73.65346,-44.34019]]],[[[-72.97293,-44.36388],[-72.89894,-44.44679],[-72.98315,-44.5755],[-72.86641,-44.42703],[-72.68878,-44.53868],[-72.80436,-44.64668],[-72.96703,-44.58244],[-72.79332,-44.66907],[-72.82101,-44.7344],[-73.11786,-44.91187],[-73.28998,-44.91851],[-73.39051,-44.8152],[-73.16431,-44.80878],[-73.26118,-44.74603],[-73.36277,-44.79944],[-73.452,-44.63905],[-73.38726,-44.56815],[-73.35324,-44.63375],[-73.20981,-44.63495],[-73.27832,-44.54185],[-73.11786,-44.55106],[-73.23549,-44.51252],[-73.2456,-44.43465],[-73.0721,-44.41478],[-73.00388,-44.49643],[-73.09768,-44.3916],[-72.97293,-44.36388]]],[[[-74.13942,-44.30289],[-74.07379,-44.41758],[-74.18626,-44.38131],[-74.13942,-44.30289]]],[[[-74.07855,-44.2976],[-73.88789,-44.35433],[-73.90424,-44.44284],[-74.04656,-44.39707],[-74.07855,-44.2976]]],[[[-73.23588,-44.31162],[-73.15195,-44.38394],[-73.27971,-44.3891],[-73.23588,-44.31162]]],[[[-73.05102,-44.30991],[-72.98001,-44.35423],[-73.11069,-44.381],[-73.05102,-44.30991]]],[[[-73.80548,-44.2617],[-73.80151,-44.35749],[-73.97424,-44.2698],[-73.84165,-44.31836],[-73.80548,-44.2617]]],[[[-74.3167,-44.22529],[-74.23206,-44.30424],[-74.41699,-44.25412],[-74.3167,-44.22529]]],[[[-74.13739,-44.22801],[-74.11473,-44.30696],[-74.19925,-44.25102],[-74.13739,-44.22801]]],[[[-73.66977,-44.23717],[-73.63139,-44.2619],[-73.71562,-44.30757],[-73.74417,-44.25247],[-73.66977,-44.23717]]],[[[-74.27888,-44.12946],[-74.23148,-44.16339],[-74.35476,-44.18593],[-74.27888,-44.12946]]],[[[-74.01723,-44.13669],[-73.85468,-44.2217],[-73.9861,-44.26128],[-73.95557,-44.33437],[-74.10445,-44.20481],[-73.98276,-44.22784],[-74.06627,-44.16603],[-74.01723,-44.13669]]],[[[-73.92436,-44.09558],[-73.83968,-44.12121],[-73.8952,-44.1736],[-73.80272,-44.1866],[-73.95673,-44.19058],[-73.99529,-44.14409],[-73.92436,-44.09558]]],[[[-74.22299,-44.07074],[-74.16747,-44.08588],[-74.34044,-44.07512],[-74.22299,-44.07074]]],[[[-74.24141,-44.01248],[-74.1715,-44.02679],[-74.28523,-44.02527],[-74.24141,-44.01248]]],[[[-73.14177,-43.87967],[-73.14388,-44.03005],[-73.20987,-44.03466],[-73.2602,-43.95491],[-73.14177,-43.87967]]],[[[-72.69158,-44.77252],[-72.656,-44.54172],[-72.53128,-44.52904],[-72.60669,-44.4723],[-72.55539,-44.32695],[-72.71621,-44.49912],[-72.70344,-44.4447],[-72.80784,-44.40051],[-72.76044,-44.38128],[-72.91322,-44.37056],[-72.85282,-44.29116],[-73.18265,-44.24789],[-73.03409,-44.17825],[-73.11001,-44.18499],[-73.09216,-44.12452],[-73.19389,-44.20361],[-73.27466,-44.12035],[-73.17781,-44.15245],[-73.18314,-44.05411],[-73.091,-44.09082],[-73.1381,-44.01808],[-73.10153,-43.97139],[-73.07221,-44.02732],[-73.11049,-43.95607],[-72.9999,-43.88194],[-73.04287,-43.84695],[-72.97945,-43.7675],[-72.9295,-43.861],[-72.95086,-43.8139],[-72.87088,-43.78816],[-72.72748,-43.8382],[-72.81735,-43.80542],[-72.81623,-43.65359],[-72.8384,-43.76992],[-73.02557,-43.71973],[-72.85476,-43.74031],[-72.80731,-43.63812],[-72.7636,-43.77009],[-72.50144,-43.79676],[-72.33442,-43.67404],[-72.24067,-43.80685],[-72.28151,-43.83192],[-72.07706,-43.90105],[-72.10777,-44.04507],[-72.05,-44.08338],[-72.10994,-44.09174],[-72.13031,-44.26404],[-72.39238,-44.39986],[-72.32893,-44.43837],[-72.37906,-44.51558],[-72.29133,-44.66763],[-72.36313,-44.66043],[-72.38291,-44.75093],[-72.26589,-44.77294],[-72.21534,-45.00304],[-72.41306,-45.00842],[-72.50682,-45.10474],[-72.74013,-45.01682],[-73.0994,-45.04191],[-73.16463,-45.10899],[-73.36311,-45.06669],[-73.35561,-44.95443],[-73.09734,-44.95077],[-72.74641,-44.74722],[-72.64585,-44.77847],[-72.41918,-44.65802],[-72.69158,-44.77252]]]]}},{"type":"Feature","properties":{"comuna":"Tortel","region":"Región de Aysén del Gral.Ibañez del Campo","codregion":11},"geometry":{"type":"MultiPolygon","coordinates":[[[[-74.5557,-47.54215],[-74.46392,-47.52024],[-74.45397,-47.60566],[-74.38975,-47.52732],[-74.34771,-47.60444],[-74.47018,-47.67699],[-74.56674,-47.63714],[-74.54247,-47.67731],[-74.28112,-47.63395],[-74.26223,-47.70986],[-74.0781,-47.73237],[-74.21447,-47.72268],[-74.25845,-47.65171],[-74.02915,-47.62858],[-74.25393,-47.62217],[-73.9694,-47.60455],[-74.09647,-47.57646],[-73.92165,-47.46841],[-74.25616,-47.58916],[-74.28071,-47.51325],[-74.05846,-47.4276],[-74.37414,-47.50143],[-74.32865,-47.53108],[-74.41812,-47.45292],[-74.20834,-47.38878],[-74.31758,-47.44322],[-74.41913,-47.39205],[-74.45795,-47.46266],[-74.48806,-47.41312],[-74.26058,-47.19183],[-74.18059,-47.21493],[-74.19367,-47.3519],[-74.14467,-47.36247],[-74.18201,-47.27677],[-74.10891,-47.27421],[-74.19347,-47.19026],[-74.10401,-47.197],[-74.12131,-47.30451],[-74.03896,-47.37706],[-74.09194,-47.19086],[-74.02267,-47.15898],[-74.00879,-47.22191],[-73.97076,-47.1448],[-73.89752,-47.23412],[-74.0083,-47.14539],[-73.90919,-47.03164],[-74.1419,-47.16492],[-74.19537,-47.11453],[-74.14743,-47.00673],[-73.40149,-47.06429],[-73.50741,-47.15549],[-73.40851,-47.33234],[-73.46162,-47.42724],[-73.39396,-47.597],[-73.42702,-47.71534],[-73.23183,-47.73103],[-73.25848,-47.80214],[-73.06936,-47.83471],[-73.0427,-47.89845],[-73.09441,-48.01108],[-73.47962,-47.91878],[-73.44431,-47.8418],[-73.68103,-47.75985],[-73.68977,-47.66729],[-73.59271,-47.6132],[-73.67806,-47.62331],[-73.62819,-47.5454],[-73.7047,-47.52556],[-73.63367,-47.54929],[-73.73289,-47.68784],[-73.71163,-47.76863],[-73.87918,-47.82964],[-74.00606,-47.74918],[-74.50553,-47.76928],[-74.43394,-47.6886],[-74.51254,-47.76507],[-74.61293,-47.75242],[-74.55776,-47.68395],[-74.68585,-47.69207],[-74.52653,-47.62703],[-74.60501,-47.58628],[-74.5557,-47.54215]]],[[[-73.95915,-48.72205],[-74.24346,-48.71786],[-74.17535,-48.63971],[-74.30119,-48.67585],[-74.36007,-48.58764],[-74.17263,-48.53514],[-74.22612,-48.50526],[-74.14584,-48.46614],[-73.89771,-48.61227],[-74.00187,-48.51342],[-73.98032,-48.42896],[-73.77476,-48.39634],[-74.20534,-48.35223],[-73.90951,-48.31237],[-74.22622,-48.33276],[-74.1868,-48.28103],[-74.25764,-48.19219],[-74.3682,-48.18738],[-74.47,-48.08567],[-74.35827,-48.00047],[-74.53609,-48.09073],[-74.59991,-47.9848],[-74.48344,-47.92848],[-74.2867,-48.00045],[-74.21559,-48.25523],[-74.19337,-48.17843],[-74.13616,-48.23471],[-74.05586,-48.19178],[-74.14652,-48.22294],[-74.25925,-48.00012],[-74.1489,-47.98176],[-74.11367,-48.0755],[-74.14268,-47.98235],[-74.07064,-47.96631],[-73.82232,-48.02018],[-73.83554,-48.10814],[-73.7112,-48.02418],[-73.74584,-48.14634],[-73.6847,-48.08456],[-73.54484,-48.13511],[-73.5904,-48.25113],[-73.53747,-48.18823],[-73.4467,-48.24803],[-73.49025,-48.21211],[-73.43675,-48.16529],[-73.17153,-48.23185],[-73.11658,-48.1595],[-73.59016,-48.94235],[-73.95915,-48.72205]]],[[[-75.31403,-47.99677],[-75.32254,-48.14936],[-75.23795,-48.08696],[-75.30456,-48.16771],[-75.20846,-48.12794],[-75.24164,-48.23833],[-75.20312,-48.20402],[-75.20065,-48.30256],[-75.0896,-48.37401],[-75.15509,-48.43238],[-75.07454,-48.38328],[-75.02004,-48.47197],[-75.09914,-48.51553],[-75.049,-48.47121],[-75.00667,-48.52924],[-75.00704,-48.59262],[-75.17595,-48.68866],[-75.21292,-48.63552],[-75.10475,-48.59578],[-75.21739,-48.62257],[-75.16186,-48.5646],[-75.22834,-48.58244],[-75.18626,-48.49442],[-75.25711,-48.46845],[-75.16764,-48.39562],[-75.27697,-48.38861],[-75.21343,-48.30989],[-75.42082,-48.41493],[-75.50025,-48.37632],[-75.31548,-48.32639],[-75.29888,-48.2608],[-75.362,-48.31817],[-75.31661,-48.21063],[-75.43506,-48.32611],[-75.34192,-48.18141],[-75.45231,-48.24145],[-75.52862,-48.08406],[-75.37654,-48.04431],[-75.41522,-48.1169],[-75.31403,-47.99677]]],[[[-74.69015,-48.1155],[-74.63451,-48.17427],[-74.66839,-48.26232],[-74.62851,-48.21729],[-74.53511,-48.3825],[-74.64468,-48.41392],[-74.55381,-48.45949],[-74.55803,-48.58505],[-74.47252,-48.62684],[-74.48767,-48.56608],[-74.43998,-48.5776],[-74.45774,-48.67461],[-74.95892,-48.57228],[-74.97089,-48.47726],[-74.84408,-48.39136],[-74.76441,-48.37763],[-74.7108,-48.54554],[-74.65857,-48.46383],[-74.76658,-48.29766],[-74.69015,-48.1155]]],[[[-73.57037,-47.86291],[-73.41019,-47.96793],[-73.16285,-47.96332],[-73.04128,-48.14082],[-73.13081,-48.08495],[-73.17176,-48.22725],[-73.33146,-48.2238],[-73.22814,-48.14585],[-73.22379,-48.01291],[-73.30055,-48.17119],[-73.44689,-48.12501],[-73.55859,-48.02021],[-73.47521,-47.97719],[-73.61815,-47.95624],[-73.57037,-47.86291]]],[[[-75.16866,-48.06726],[-74.83892,-48.1597],[-74.92238,-48.19753],[-74.82789,-48.19612],[-74.90195,-48.25951],[-74.73606,-48.16929],[-74.84573,-48.29309],[-74.76858,-48.23915],[-74.77681,-48.36641],[-74.97819,-48.44592],[-75.00731,-48.31918],[-75.11183,-48.26155],[-75.04174,-48.20474],[-75.13968,-48.22773],[-75.07043,-48.15037],[-75.15027,-48.18096],[-75.10943,-48.13921],[-75.16116,-48.15449],[-75.21325,-48.07472],[-75.16866,-48.06726]]],[[[-74.03554,-47.8733],[-73.96861,-47.83014],[-74.01198,-47.80805],[-73.74659,-47.85922],[-73.82097,-47.94235],[-73.89333,-47.93727],[-73.86444,-47.89159],[-74.25922,-47.96368],[-74.46946,-47.88789],[-74.34798,-47.88978],[-74.41945,-47.85424],[-74.33118,-47.80879],[-74.15412,-47.88532],[-74.31238,-47.80319],[-74.23791,-47.77849],[-73.98892,-47.8326],[-74.14152,-47.88199],[-74.0668,-47.8632],[-74.04923,-47.92826],[-74.03554,-47.8733]]],[[[-75.30766,-48.48583],[-75.25357,-48.42075],[-75.31577,-48.51881],[-75.24811,-48.51613],[-75.23301,-48.58853],[-75.45436,-48.67964],[-75.56294,-48.64113],[-75.40919,-48.63021],[-75.32774,-48.56078],[-75.49019,-48.61098],[-75.32177,-48.52365],[-75.50095,-48.60906],[-75.60023,-48.56144],[-75.54239,-48.4168],[-75.47258,-48.46629],[-75.29192,-48.40518],[-75.30766,-48.48583]]],[[[-74.98344,-47.86823],[-74.93112,-47.98365],[-74.75304,-48.03986],[-74.82865,-48.08365],[-75.03131,-48.03187],[-74.79387,-48.10039],[-74.82297,-48.1561],[-75.09249,-48.06561],[-75.05584,-47.99835],[-74.9763,-48.01287],[-75.01769,-47.97582],[-74.92758,-48.01097],[-74.96878,-47.98211],[-75.21872,-48.02881],[-74.98344,-47.86823]]],[[[-74.55317,-48.10523],[-74.30686,-48.26405],[-74.47635,-48.33755],[-74.51596,-48.27752],[-74.42048,-48.18552],[-74.53234,-48.2735],[-74.55303,-48.17283],[-74.48677,-48.16941],[-74.55014,-48.13503],[-74.4699,-48.14408],[-74.55317,-48.10523]]],[[[-74.84492,-47.78863],[-74.76243,-47.81045],[-74.84243,-47.93887],[-74.76624,-47.99405],[-74.94872,-47.94599],[-74.85409,-47.93108],[-74.93134,-47.87816],[-74.82059,-47.84911],[-74.84492,-47.78863]]],[[[-74.2798,-48.27196],[-74.15568,-48.44566],[-74.44585,-48.35474],[-74.21702,-48.4159],[-74.36864,-48.33132],[-74.2798,-48.27196]]],[[[-75.07935,-47.66371],[-75.0409,-47.74674],[-75.13564,-47.7797],[-74.99154,-47.7756],[-75.04474,-47.8139],[-75.34838,-47.78339],[-75.34675,-47.73245],[-75.16585,-47.73917],[-75.07935,-47.66371]]],[[[-75.25123,-48.58487],[-75.35884,-48.71411],[-75.5971,-48.73164],[-75.59515,-48.65018],[-75.4533,-48.70075],[-75.25123,-48.58487]]],[[[-74.4637,-48.37187],[-74.23491,-48.47225],[-74.36053,-48.53678],[-74.4637,-48.37187]]],[[[-74.11875,-48.35163],[-73.98549,-48.41175],[-73.9932,-48.49589],[-74.20062,-48.39104],[-74.11875,-48.35163]]],[[[-74.29355,-47.02833],[-74.26631,-47.08009],[-74.42512,-47.16952],[-74.44852,-47.07428],[-74.29355,-47.02833]]],[[[-75.03257,-47.66773],[-74.84733,-47.75231],[-74.9978,-47.75385],[-75.03257,-47.66773]]],[[[-73.70523,-47.86427],[-73.61835,-47.92179],[-73.66566,-47.99517],[-73.73674,-47.94318],[-73.66945,-47.9269],[-73.74788,-47.92697],[-73.70523,-47.86427]]],[[[-74.38726,-47.76216],[-74.33827,-47.78903],[-74.47686,-47.88444],[-74.38726,-47.76216]]],[[[-75.23492,-48.61658],[-75.21083,-48.69363],[-75.34067,-48.71416],[-75.23492,-48.61658]]],[[[-74.53872,-47.79971],[-74.52537,-47.87731],[-74.60934,-47.84728],[-74.53872,-47.79971]]],[[[-74.6818,-47.85592],[-74.64544,-47.7914],[-74.60099,-47.86788],[-74.6818,-47.85592]]],[[[-74.53123,-47.89545],[-74.60126,-47.96313],[-74.60815,-47.907],[-74.53123,-47.89545]]],[[[-74.3482,-47.59956],[-74.2786,-47.60904],[-74.36977,-47.64709],[-74.3482,-47.59956]]],[[[-74.05947,-47.77565],[-74.03048,-47.81526],[-74.14031,-47.78257],[-74.05947,-47.77565]]],[[[-74.75891,-48.04784],[-74.73295,-48.11641],[-74.80324,-48.07998],[-74.75891,-48.04784]]]]}},{"type":"Feature","properties":{"comuna":"O'Higgins","region":"Región de Aysén del Gral.Ibañez del Campo","codregion":11},"geometry":{"type":"Polygon","coordinates":[[[-72.51311,-47.76008],[-72.46912,-47.81675],[-72.5278,-47.93688],[-72.42502,-47.96637],[-72.4435,-48.06349],[-72.3608,-48.07211],[-72.22804,-48.31848],[-72.38043,-48.34959],[-72.34721,-48.38905],[-72.44313,-48.5132],[-72.58843,-48.49163],[-72.53004,-48.79624],[-72.79542,-48.96802],[-72.94694,-48.94619],[-73.14277,-49.21167],[-73.59006,-48.94209],[-73.11661,-48.15947],[-73.04131,-48.14078],[-73.06156,-47.86352],[-72.9361,-47.86045],[-72.90892,-47.73465],[-72.7106,-47.93466],[-72.63692,-47.79787],[-72.51311,-47.76008]]]}},{"type":"Feature","properties":{"comuna":"Cochrane","region":"Región de Aysén del Gral.Ibañez del Campo","codregion":11},"geometry":{"type":"Polygon","coordinates":[[[-72.54671,-46.97713],[-72.51542,-46.90077],[-72.38999,-46.95097],[-72.15928,-46.8607],[-71.88068,-47.00908],[-71.9552,-47.07686],[-71.85989,-47.13208],[-71.86484,-47.23104],[-72.01846,-47.1998],[-72.04645,-47.33913],[-72.34208,-47.45582],[-72.31266,-47.59571],[-72.44323,-47.74602],[-72.63692,-47.79787],[-72.70282,-47.93254],[-72.87132,-47.7443],[-72.94914,-47.75006],[-72.9361,-47.86045],[-73.05535,-47.86535],[-73.25851,-47.8021],[-73.23187,-47.731],[-73.42706,-47.71531],[-73.394,-47.59697],[-73.46165,-47.42721],[-73.40854,-47.33231],[-73.47548,-47.11918],[-73.3116,-47.03233],[-73.09999,-47.09409],[-72.87461,-47.02854],[-72.84929,-47.08287],[-72.54671,-46.97713]]]}},{"type":"Feature","properties":{"comuna":"Guaitecas","region":"Región de Aysén del Gral.Ibañez del Campo","codregion":11},"geometry":{"type":"MultiPolygon","coordinates":[[[[-73.845,-43.77201],[-73.78474,-43.83629],[-73.94158,-43.85214],[-73.86292,-43.91512],[-73.93868,-43.9536],[-74.1582,-43.86205],[-74.0726,-43.805],[-73.90121,-43.84129],[-73.845,-43.77201]]],[[[-73.69275,-43.93402],[-73.59815,-44.00306],[-73.65103,-44.02446],[-73.57683,-44.06574],[-73.6147,-44.1308],[-73.73456,-43.99906],[-73.69275,-43.93402]]],[[[-73.77265,-43.82626],[-73.73816,-43.89991],[-73.89394,-43.86813],[-73.77265,-43.82626]]],[[[-73.51103,-44.10016],[-73.44421,-44.12695],[-73.49386,-44.18002],[-73.51103,-44.10016]]],[[[-73.57114,-44.05661],[-73.61232,-44.03086],[-73.52584,-44.07502],[-73.57114,-44.05661]]]]}},{"type":"Feature","properties":{"comuna":"Aysén","region":"Región de Aysén del Gral.Ibañez del Campo","codregion":11},"geometry":{"type":"MultiPolygon","coordinates":[[[[-74.67305,-46.81433],[-74.38186,-46.85234],[-74.4021,-46.90038],[-74.63388,-46.87525],[-74.67305,-46.81433]]],[[[-73.86659,-45.99617],[-73.76083,-46.08416],[-73.74236,-46.03248],[-73.64494,-46.07632],[-73.7262,-46.20849],[-73.81804,-46.15792],[-73.74646,-46.14099],[-73.92181,-46.0907],[-73.86659,-45.99617]]],[[[-73.52863,-45.86199],[-73.32211,-45.89725],[-73.67476,-46.32854],[-73.61236,-46.22103],[-73.63591,-45.97445],[-73.52863,-45.86199]]],[[[-73.69784,-45.80693],[-73.67165,-46.03579],[-73.79995,-46.00212],[-73.70648,-45.87925],[-73.91071,-45.98231],[-73.86419,-45.8551],[-73.69784,-45.80693]]],[[[-74.48724,-45.74128],[-74.46607,-45.81031],[-74.57546,-45.79566],[-74.48724,-45.74128]]],[[[-73.83231,-45.7648],[-73.76258,-45.80712],[-73.88311,-45.85156],[-73.83231,-45.7648]]],[[[-74.02504,-45.73777],[-73.8737,-45.74781],[-73.95594,-45.78846],[-73.99663,-45.934],[-73.98157,-45.83896],[-74.09486,-45.79469],[-74.02504,-45.73777]]],[[[-74.1931,-45.73975],[-74.28752,-45.75555],[-74.11379,-45.80199],[-74.26429,-45.82244],[-74.32326,-45.76286],[-74.27388,-45.70829],[-74.1931,-45.73975]]],[[[-73.73822,-45.70887],[-73.7069,-45.7647],[-73.79744,-45.6715],[-73.73822,-45.70887]]],[[[-74.82572,-45.59873],[-74.7238,-45.71786],[-74.85947,-45.65649],[-74.82572,-45.59873]]],[[[-74.52097,-45.57689],[-74.57067,-45.75172],[-74.66269,-45.75263],[-74.64642,-45.64022],[-74.52097,-45.57689]]],[[[-73.98365,-45.53445],[-73.86076,-45.60555],[-73.87945,-45.71007],[-74.05025,-45.69866],[-74.09821,-45.59896],[-73.98365,-45.53445]]],[[[-74.38988,-45.44655],[-74.20881,-45.55881],[-74.35617,-45.56712],[-74.17716,-45.62137],[-74.19332,-45.68917],[-74.42357,-45.69285],[-74.28912,-45.71421],[-74.44845,-45.78379],[-74.48486,-45.60986],[-74.42924,-45.61432],[-74.38988,-45.44655]]],[[[-74.43167,-45.43668],[-74.48413,-45.602],[-74.54523,-45.51417],[-74.43167,-45.43668]]],[[[-74.03075,-45.42513],[-73.77506,-45.46283],[-73.83949,-45.57513],[-73.87937,-45.51006],[-73.98342,-45.52558],[-73.93774,-45.50783],[-74.10545,-45.59064],[-74.06299,-45.45548],[-73.95954,-45.45752],[-74.03075,-45.42513]]],[[[-73.67135,-45.43501],[-73.54254,-45.48363],[-73.55791,-45.64542],[-73.67179,-45.60618],[-73.57996,-45.68625],[-73.62421,-45.76888],[-73.81415,-45.64549],[-73.67135,-45.43501]]],[[[-73.79348,-45.36925],[-73.87753,-45.4518],[-74.03821,-45.41497],[-73.79348,-45.36925]]],[[[-74.05721,-45.34304],[-73.97244,-45.38011],[-74.04616,-45.40935],[-74.05721,-45.34304]]],[[[-74.17268,-45.32169],[-74.12464,-45.36304],[-74.20315,-45.38416],[-74.17268,-45.32169]]],[[[-74.39633,-45.28255],[-74.26133,-45.40856],[-74.52036,-45.32908],[-74.39633,-45.28255]]],[[[-73.49959,-45.31834],[-73.45686,-45.34032],[-73.5854,-45.35613],[-73.49959,-45.31834]]],[[[-73.54178,-45.24068],[-73.48744,-45.2863],[-73.58989,-45.30197],[-73.54178,-45.24068]]],[[[-73.76519,-45.35768],[-73.97905,-45.37409],[-74.1,-45.30981],[-74.08722,-45.36754],[-74.15523,-45.23644],[-73.80431,-45.24983],[-73.76519,-45.35768]]],[[[-74.49592,-45.15499],[-74.48723,-45.21525],[-74.57209,-45.20929],[-74.49592,-45.15499]]],[[[-74.35808,-45.16111],[-74.19312,-45.22397],[-74.21043,-45.35638],[-74.2544,-45.21558],[-74.27249,-45.28809],[-74.31753,-45.25309],[-74.28769,-45.32843],[-74.3967,-45.25112],[-74.35808,-45.16111]]],[[[-74.37186,-45.04072],[-74.24617,-45.16585],[-74.41242,-45.12166],[-74.37186,-45.04072]]],[[[-73.3849,-45.06809],[-73.33197,-45.1566],[-73.44274,-45.11338],[-73.3849,-45.06809]]],[[[-73.80696,-44.98502],[-73.68403,-45.1145],[-73.68819,-45.2862],[-73.97541,-45.2561],[-73.98,-45.19492],[-73.82339,-45.20658],[-74.12667,-45.16503],[-74.14964,-45.05111],[-74.15505,-45.1728],[-74.22581,-45.14525],[-74.17147,-45.02973],[-73.80696,-44.98502]]],[[[-74.76921,-46.77558],[-74.72693,-46.74739],[-74.79101,-46.80986],[-75.03372,-46.6615],[-74.89549,-46.43518],[-75.15395,-46.63736],[-75.18316,-46.56528],[-75.19092,-46.63623],[-75.58128,-46.69797],[-75.5127,-46.73528],[-75.57271,-46.81031],[-75.47989,-46.71425],[-75.3205,-46.72574],[-75.41819,-46.80276],[-75.2955,-46.81386],[-75.38863,-46.87797],[-75.25806,-46.84614],[-75.31403,-46.93412],[-75.47004,-46.96411],[-75.64437,-46.80672],[-75.59669,-46.58709],[-75.45448,-46.62007],[-75.48712,-46.57248],[-75.42305,-46.58281],[-75.50391,-46.5245],[-75.31957,-46.49846],[-75.34917,-46.43583],[-75.28283,-46.48251],[-75.3347,-46.43466],[-75.21983,-46.37193],[-75.14084,-46.4498],[-75.16899,-46.30154],[-74.87301,-46.37255],[-75.10387,-46.2908],[-75.00039,-46.29023],[-75.07728,-46.25853],[-75.00303,-46.21498],[-74.85406,-46.29975],[-74.91867,-46.23101],[-74.87364,-46.15988],[-74.73639,-46.22255],[-74.63158,-46.17108],[-74.75208,-46.16896],[-74.74938,-46.05345],[-74.54369,-46.0482],[-74.70613,-46.03233],[-74.67278,-45.90511],[-74.86311,-46.10758],[-75.01495,-46.11226],[-75.05565,-46.03988],[-74.80868,-45.99653],[-75.00245,-46.00682],[-74.91095,-45.96962],[-75.06003,-45.9725],[-75.07596,-45.87612],[-74.78537,-45.95313],[-74.94066,-45.86809],[-74.84256,-45.90226],[-74.68461,-45.81603],[-74.70145,-45.90229],[-74.52411,-45.83921],[-74.48143,-45.95833],[-74.41854,-45.93993],[-74.47544,-46.02207],[-74.4251,-46.0503],[-74.39067,-45.95448],[-74.32425,-45.97585],[-74.45299,-45.86251],[-74.37371,-45.86855],[-74.43583,-45.80365],[-74.28733,-45.81026],[-74.26728,-45.87504],[-74.07386,-45.81227],[-74.05993,-45.86036],[-74.25592,-45.90366],[-74.03416,-45.90987],[-74.00869,-45.97221],[-74.30311,-46.00861],[-74.05712,-46.01644],[-74.05702,-46.10591],[-74.331,-46.12601],[-74.05266,-46.12305],[-74.0069,-45.98576],[-73.94426,-46.03375],[-73.98233,-46.14661],[-74.2872,-46.25098],[-74.44504,-46.19596],[-74.29381,-46.26106],[-73.99878,-46.18289],[-74.0409,-46.23548],[-73.94214,-46.22573],[-73.92415,-46.28233],[-73.9774,-46.28139],[-73.8276,-46.3486],[-73.99054,-46.22563],[-73.95007,-46.14259],[-73.85907,-46.13579],[-73.72272,-46.26668],[-73.86151,-46.4536],[-73.84521,-46.52803],[-73.87884,-46.48782],[-73.96842,-46.59495],[-73.91232,-46.5395],[-73.83193,-46.58917],[-73.76788,-46.4942],[-73.5951,-46.49777],[-73.66719,-46.53697],[-73.76235,-46.47117],[-73.57114,-46.30283],[-73.24045,-46.42083],[-73.55667,-46.27285],[-73.38963,-46.04556],[-73.22571,-45.99999],[-73.38711,-46.01276],[-73.31624,-45.8995],[-73.15765,-45.82887],[-73.00974,-45.87919],[-73.1546,-45.81773],[-73.34066,-45.89266],[-73.51993,-45.84822],[-73.37546,-45.69656],[-73.13129,-45.65127],[-73.27762,-45.64616],[-73.27614,-45.59159],[-73.5645,-45.77954],[-73.4861,-45.45706],[-73.39405,-45.40698],[-73.38432,-45.48569],[-73.38155,-45.38771],[-73.19865,-45.2919],[-72.99138,-45.45285],[-72.83399,-45.4841],[-72.77695,-45.40619],[-72.98653,-45.40472],[-73.2091,-45.23874],[-73.32879,-45.29328],[-73.50645,-45.19376],[-73.43851,-45.26142],[-73.42622,-45.18868],[-73.30041,-45.19503],[-73.32064,-45.10089],[-72.91045,-45.01747],[-72.50675,-45.10473],[-72.44711,-45.02108],[-72.27665,-45.00177],[-71.96152,-45.08744],[-71.96707,-45.19674],[-72.19059,-45.44612],[-72.12546,-45.44213],[-72.1301,-45.53253],[-72.30373,-45.5201],[-72.38233,-45.61873],[-72.33183,-45.67345],[-72.44382,-45.67678],[-72.55143,-45.78034],[-72.91353,-45.79628],[-72.93726,-46.06917],[-73.13712,-46.12846],[-72.97406,-46.36118],[-72.97942,-46.4696],[-73.34536,-46.59581],[-73.38694,-47.05968],[-73.87994,-47.05181],[-73.91909,-47.00586],[-73.85404,-46.94393],[-73.92064,-47.00502],[-73.99794,-46.94628],[-74.06194,-46.98461],[-74.18025,-46.8648],[-74.06457,-46.82128],[-74.18223,-46.86246],[-74.36575,-46.77812],[-74.22353,-46.7935],[-74.05575,-46.68679],[-74.29513,-46.76991],[-74.56365,-46.71805],[-74.4252,-46.76666],[-74.63753,-46.8386],[-74.76921,-46.77558]]]]}},{"type":"Feature","properties":{"comuna":"Laguna Blanca","region":"Región de Magallanes y Antártica Chilena","codregion":12},"geometry":{"type":"Polygon","coordinates":[[[-70.87641,-52.0002],[-70.9193,-52.71012],[-71.09641,-52.7545],[-71.18293,-52.69705],[-71.19465,-52.81123],[-71.33409,-52.80551],[-71.33934,-52.53474],[-71.43965,-52.53133],[-71.44122,-52.44023],[-71.63566,-52.43764],[-71.63561,-52.05648],[-71.69401,-52.00013],[-70.87641,-52.0002]]]}},{"type":"Feature","properties":{"comuna":"Torres del Paine","region":"Región de Magallanes y Antártica Chilena","codregion":12},"geometry":{"type":"Polygon","coordinates":[[[-72.37671,-51.3692],[-72.79432,-51.36999],[-72.7836,-51.56409],[-73.0767,-51.47218],[-73.1074,-51.33344],[-73.45493,-51.33918],[-73.4268,-50.89155],[-73.26278,-50.76329],[-73.15003,-50.76492],[-73.20101,-50.82036],[-73.06959,-50.78924],[-72.73052,-50.61439],[-72.5952,-50.68176],[-72.49322,-50.60127],[-72.35334,-50.61784],[-72.28561,-50.6599],[-72.34939,-50.75308],[-72.24594,-50.90152],[-72.26583,-51.0351],[-72.37312,-51.02238],[-72.40707,-51.0985],[-72.25865,-51.24418],[-72.37151,-51.33674],[-72.30946,-51.36566],[-72.37671,-51.3692]]]}},{"type":"Feature","properties":{"comuna":"Primavera","region":"Región de Magallanes y Antártica Chilena","codregion":12},"geometry":{"type":"Polygon","coordinates":[[[-68.60651,-53.00118],[-69.5,-53.07688],[-69.56801,-53.00503],[-69.93675,-53.02455],[-69.94205,-52.97341],[-70.11256,-52.98066],[-70.11661,-52.88809],[-70.29827,-52.91234],[-70.27986,-52.80433],[-70.43666,-52.77903],[-70.1423,-52.73068],[-69.92019,-52.84503],[-69.69976,-52.75228],[-69.59194,-52.6489],[-69.58452,-52.52542],[-69.41012,-52.45382],[-69.12866,-52.69893],[-68.75062,-52.548],[-68.60672,-52.659],[-68.60651,-53.00118]]]}},{"type":"Feature","properties":{"comuna":"San Gregorio","region":"Región de Magallanes y Antártica Chilena","codregion":12},"geometry":{"type":"Polygon","coordinates":[[[-70.89955,-52.72931],[-70.87641,-52.0002],[-69.99549,-52.00071],[-68.4186,-52.33248],[-68.43432,-52.39761],[-69.22154,-52.19749],[-69.45069,-52.261],[-69.48394,-52.38784],[-69.67063,-52.53836],[-69.85314,-52.48726],[-70.52632,-52.72574],[-70.50899,-52.65862],[-70.7128,-52.75891],[-70.89955,-52.72931]]]}},{"type":"Feature","properties":{"comuna":"Porvenir","region":"Región de Magallanes y Antártica Chilena","codregion":12},"geometry":{"type":"Polygon","coordinates":[[[-68.70549,-53.00283],[-68.60651,-53.00118],[-68.60658,-53.80774],[-68.89561,-53.79417],[-69.24884,-53.62533],[-69.38025,-53.72058],[-69.60467,-53.61425],[-69.31613,-53.49281],[-69.37502,-53.35648],[-69.88124,-53.37853],[-70.21356,-53.47723],[-70.44974,-53.37234],[-70.36934,-53.29843],[-70.46436,-53.30392],[-70.42869,-53.03175],[-70.33399,-52.96826],[-70.33543,-53.06885],[-69.94205,-52.97341],[-69.93675,-53.02455],[-69.56801,-53.00503],[-69.5,-53.07688],[-68.70549,-53.00283]]]}},{"type":"Feature","properties":{"comuna":"Río Verde","region":"Región de Magallanes y Antártica Chilena","codregion":12},"geometry":{"type":"MultiPolygon","coordinates":[[[[-73.56394,-52.92568],[-73.47982,-52.97063],[-73.57658,-53.00147],[-73.56394,-52.92568]]],[[[-73.59103,-52.8369],[-73.33686,-52.93771],[-73.47701,-52.95812],[-73.41136,-52.93598],[-73.54705,-52.88585],[-73.79868,-52.92533],[-73.73646,-52.86684],[-73.56452,-52.88846],[-73.59103,-52.8369]]],[[[-72.40409,-52.72249],[-72.38112,-52.76337],[-72.50616,-52.7667],[-72.40409,-52.72249]]],[[[-71.46847,-52.65774],[-71.39529,-52.72224],[-71.40913,-52.83313],[-71.90871,-53.00301],[-72.02252,-53.13143],[-72.35516,-53.03735],[-72.23448,-53.12577],[-72.40245,-53.0412],[-72.604,-53.074],[-72.38345,-53.08594],[-72.20403,-53.19461],[-72.62065,-53.19992],[-72.42131,-53.25942],[-72.55778,-53.27223],[-72.5426,-53.378],[-72.67582,-53.34756],[-72.39206,-53.53454],[-72.55646,-53.53922],[-72.53281,-53.49986],[-72.65367,-53.48476],[-72.60379,-53.46402],[-72.79503,-53.43526],[-72.80354,-53.37538],[-72.90681,-53.38501],[-73.31303,-53.16481],[-72.94236,-53.17308],[-72.75314,-53.24305],[-72.75025,-53.31354],[-72.68431,-53.25913],[-72.85126,-53.18766],[-72.66163,-53.15347],[-72.97229,-53.10999],[-72.84706,-53.03774],[-72.91677,-53.05385],[-72.96295,-52.94032],[-72.90353,-52.92161],[-73.01084,-52.85608],[-72.78398,-52.78508],[-72.8029,-52.82634],[-72.6821,-52.72334],[-72.60245,-52.77002],[-72.71647,-52.90454],[-72.5693,-52.80346],[-72.52186,-52.80798],[-72.63892,-52.8779],[-72.48899,-52.82534],[-72.44018,-52.88584],[-72.16591,-52.64855],[-71.77684,-52.70325],[-71.46847,-52.65774]]],[[[-73.24177,-52.69819],[-73.12893,-52.53895],[-72.73347,-52.43359],[-72.5572,-52.4872],[-72.5177,-52.45231],[-72.69022,-52.41491],[-72.55308,-52.36178],[-71.85573,-52.3287],[-71.63491,-52.36343],[-71.63566,-52.43764],[-71.44122,-52.44023],[-71.43961,-52.53129],[-71.33755,-52.53303],[-71.34068,-52.81023],[-71.55958,-52.56268],[-72.32273,-52.53262],[-72.43013,-52.67516],[-72.56277,-52.60271],[-72.381,-52.55683],[-72.40254,-52.50804],[-72.57177,-52.58942],[-72.65827,-52.5584],[-72.60731,-52.52346],[-72.86533,-52.54296],[-72.82446,-52.59264],[-72.92498,-52.59003],[-72.86993,-52.61295],[-72.99078,-52.75884],[-72.85499,-52.6181],[-72.67226,-52.68036],[-72.87081,-52.81716],[-73.0679,-52.85483],[-72.94404,-52.90483],[-72.94042,-53.00382],[-73.13325,-53.11509],[-73.14508,-53.02298],[-73.20794,-53.01936],[-73.21239,-53.11287],[-73.44815,-53.02116],[-73.28657,-53.01175],[-73.38596,-52.97963],[-73.23491,-52.98063],[-73.27494,-52.95389],[-73.16545,-52.90538],[-73.26982,-52.93933],[-73.57254,-52.81473],[-73.2312,-52.80847],[-73.30138,-52.77609],[-73.24177,-52.69819]]]]}},{"type":"Feature","properties":{"comuna":"Punta Arenas","region":"Región de Magallanes y Antártica Chilena","codregion":12},"geometry":{"type":"MultiPolygon","coordinates":[[[[-72.3106,-54.3925],[-72.21886,-54.45662],[-72.3292,-54.46459],[-72.36523,-54.41733],[-72.3106,-54.3925]]],[[[-72.08803,-54.41078],[-72.05708,-54.45282],[-72.23385,-54.38178],[-72.08803,-54.41078]]],[[[-72.29525,-54.28465],[-72.26843,-54.34172],[-72.35094,-54.30935],[-72.29525,-54.28465]]],[[[-71.69362,-54.2745],[-71.60111,-54.32554],[-71.75883,-54.30653],[-71.69362,-54.2745]]],[[[-72.0286,-54.2417],[-71.99697,-54.288],[-72.09136,-54.26499],[-72.0286,-54.2417]]],[[[-72.20416,-54.21425],[-72.16314,-54.30602],[-72.24586,-54.27148],[-72.20416,-54.21425]]],[[[-73.3921,-54.01007],[-73.19321,-54.07121],[-73.21172,-54.13622],[-73.49184,-54.07943],[-73.3921,-54.01007]]],[[[-70.31407,-54.04337],[-70.33953,-54.15744],[-70.50832,-54.0865],[-70.31407,-54.04337]]],[[[-71.23648,-54.01455],[-71.17403,-54.08111],[-71.23232,-54.09357],[-71.23648,-54.01455]]],[[[-73.22445,-53.91843],[-73.17671,-53.94795],[-73.2815,-53.94372],[-73.22445,-53.91843]]],[[[-71.58941,-53.93543],[-71.50137,-54.00915],[-71.50885,-53.95003],[-71.43924,-53.94991],[-71.48124,-54.00071],[-71.4128,-53.99724],[-71.40307,-54.09259],[-71.39185,-53.9719],[-71.27516,-53.99867],[-71.24108,-54.09068],[-71.29836,-54.11021],[-71.21323,-54.11651],[-71.20637,-54.21201],[-71.18882,-54.10456],[-71.11873,-54.16281],[-71.07926,-54.05933],[-71.00094,-54.0914],[-71.07639,-54.2045],[-70.97288,-54.16409],[-70.97363,-54.24222],[-71.03735,-54.24298],[-70.97005,-54.27809],[-71.03636,-54.34507],[-71.14323,-54.30091],[-71.05855,-54.35424],[-71.14482,-54.39923],[-71.16796,-54.33303],[-71.17613,-54.37901],[-71.35804,-54.31739],[-71.17079,-54.24394],[-71.37982,-54.2581],[-71.4536,-54.20841],[-71.3964,-54.11477],[-71.53413,-54.12702],[-71.4558,-54.1552],[-71.51794,-54.18371],[-71.38634,-54.32765],[-71.51439,-54.32322],[-71.49223,-54.2264],[-71.53069,-54.28392],[-71.59924,-54.22119],[-71.52232,-54.18574],[-71.62249,-54.24862],[-71.70558,-54.16631],[-71.56693,-54.08611],[-71.65418,-54.01494],[-71.58941,-53.93543]]],[[[-72.83853,-53.89081],[-72.81769,-53.93711],[-72.9256,-53.94321],[-72.83853,-53.89081]]],[[[-71.91974,-53.84515],[-71.82782,-53.90095],[-71.84544,-53.98235],[-71.79103,-53.88677],[-71.64956,-53.92539],[-71.76142,-53.98296],[-71.69302,-54.05595],[-71.76704,-54.04837],[-71.61333,-54.09192],[-71.74772,-54.17138],[-71.9117,-54.01219],[-71.95101,-54.04357],[-71.72854,-54.23976],[-71.89699,-54.28661],[-71.78807,-54.33564],[-71.97093,-54.33476],[-71.89183,-54.22312],[-72.143,-54.20416],[-72.00136,-54.13688],[-72.16611,-54.12253],[-72.04992,-54.10324],[-72.13222,-54.03523],[-72.18791,-54.1081],[-72.25831,-54.08832],[-72.21758,-54.13908],[-72.33523,-54.20507],[-72.3188,-54.26697],[-72.41906,-54.24896],[-72.303,-54.35917],[-72.50467,-54.42376],[-72.54697,-54.34819],[-72.40765,-54.34781],[-72.38316,-54.27171],[-72.47903,-54.27648],[-72.47191,-54.33496],[-72.60202,-54.26361],[-72.29632,-54.09832],[-72.42301,-54.09155],[-72.22063,-54.06591],[-72.17664,-53.97932],[-72.25568,-54.00475],[-72.28684,-53.91856],[-71.99872,-54.02261],[-72.11349,-53.94058],[-71.97066,-53.98237],[-72.06878,-53.94811],[-71.91974,-53.84515]]],[[[-73.24078,-53.80389],[-73.07229,-53.82781],[-73.06998,-53.89385],[-73.30957,-53.85958],[-73.18166,-53.82926],[-73.30656,-53.82065],[-73.24078,-53.80389]]],[[[-72.09094,-53.82067],[-72.04669,-53.83477],[-72.10193,-53.92117],[-72.2162,-53.87962],[-72.09094,-53.82067]]],[[[-73.06542,-53.71118],[-72.87363,-53.74732],[-73.10511,-53.78443],[-73.01257,-53.76102],[-73.06542,-53.71118]]],[[[-73.40565,-53.59224],[-73.25134,-53.66219],[-73.48485,-53.63684],[-73.40565,-53.59224]]],[[[-72.4127,-53.56148],[-72.25018,-53.65512],[-72.36723,-53.65268],[-72.4127,-53.56148]]],[[[-70.47811,-53.56588],[-70.41064,-53.80553],[-70.45521,-53.88031],[-70.33213,-54.01917],[-70.44268,-54.05946],[-70.68139,-53.92776],[-70.55908,-54.04188],[-70.5304,-54.20544],[-70.48045,-54.22623],[-70.51358,-54.13893],[-70.28224,-54.19313],[-70.29724,-54.24258],[-70.21466,-54.24314],[-70.25251,-54.2837],[-70.6708,-54.20254],[-70.88132,-54.05972],[-70.90138,-53.93498],[-70.84614,-53.93486],[-70.90774,-53.88572],[-70.78342,-53.82387],[-70.61309,-53.87002],[-70.71482,-53.69838],[-70.47811,-53.56588]]],[[[-73.83939,-53.46959],[-73.65591,-53.5668],[-73.85371,-53.60672],[-73.81027,-53.56743],[-73.89515,-53.55239],[-73.79456,-53.5326],[-73.83939,-53.46959]]],[[[-73.57292,-53.38507],[-73.36992,-53.41819],[-73.51373,-53.49647],[-73.43986,-53.4729],[-73.32704,-53.58017],[-73.49589,-53.60877],[-73.81741,-53.43727],[-73.45681,-53.5611],[-73.6627,-53.46103],[-73.48233,-53.45442],[-73.61502,-53.42546],[-73.57292,-53.38507]]],[[[-73.041,-53.37562],[-73.00308,-53.4943],[-72.98422,-53.39746],[-72.89779,-53.4575],[-72.93274,-53.53659],[-72.85063,-53.5141],[-72.9234,-53.55234],[-72.84963,-53.53225],[-72.92226,-53.64784],[-72.8111,-53.60945],[-72.85131,-53.4515],[-72.72446,-53.509],[-72.67608,-53.65051],[-72.66555,-53.52373],[-72.38384,-53.6406],[-72.62017,-53.67082],[-72.62098,-53.72317],[-72.46183,-53.67513],[-72.46024,-53.75477],[-72.38788,-53.67761],[-72.23649,-53.72674],[-72.34509,-53.75774],[-72.14928,-53.79542],[-72.29293,-53.80468],[-72.22522,-53.85873],[-72.47496,-53.83184],[-72.35069,-53.85169],[-72.33064,-53.92406],[-72.47311,-53.88987],[-72.35998,-53.95336],[-72.47793,-53.96092],[-72.35515,-53.98447],[-72.36637,-54.05659],[-72.55,-53.99411],[-72.54996,-54.11033],[-72.62879,-54.09714],[-72.60076,-54.03468],[-72.66968,-54.09089],[-72.6266,-54.01879],[-72.72598,-54.1183],[-73.05418,-54.10267],[-72.84302,-54.07398],[-72.96844,-54.02465],[-72.75705,-54.0631],[-72.87837,-53.97587],[-72.69459,-53.9825],[-72.80474,-53.9426],[-72.65327,-53.87407],[-72.85384,-53.88351],[-72.73152,-53.76004],[-72.83323,-53.76056],[-72.90849,-53.89909],[-73.04417,-53.90853],[-72.91282,-53.84075],[-73.06165,-53.82321],[-72.81339,-53.7052],[-73.21365,-53.72661],[-72.92901,-53.62279],[-73.09537,-53.65208],[-73.01477,-53.56732],[-73.11339,-53.64485],[-73.24622,-53.63288],[-73.21138,-53.5626],[-73.43279,-53.46516],[-73.03338,-53.53829],[-73.17087,-53.4002],[-73.041,-53.37562]]],[[[-74.0954,-53.25301],[-74.11191,-53.33281],[-74.28004,-53.32438],[-74.0954,-53.25301]]],[[[-73.98103,-53.13702],[-73.96199,-53.1951],[-74.06882,-53.17504],[-73.98103,-53.13702]]],[[[-73.88835,-53.10875],[-73.76841,-53.24545],[-73.97053,-53.12516],[-73.88835,-53.10875]]],[[[-74.68712,-52.71497],[-74.4293,-52.82952],[-74.51085,-52.85506],[-74.36777,-52.87597],[-74.41151,-52.93259],[-74.32391,-52.98148],[-74.32963,-52.92754],[-74.09294,-53.00556],[-74.12544,-52.94099],[-73.93811,-52.99871],[-73.98558,-53.02922],[-73.9107,-53.06965],[-73.89494,-53.01764],[-73.81516,-53.09298],[-73.82428,-53.04263],[-73.73334,-53.06984],[-73.62735,-53.18155],[-73.60723,-53.07878],[-73.53052,-53.28267],[-73.43072,-53.24805],[-73.5042,-53.22209],[-73.47738,-53.14267],[-73.31437,-53.23655],[-73.37684,-53.28318],[-73.08822,-53.35543],[-73.60935,-53.33717],[-73.46181,-53.31295],[-73.89174,-53.07209],[-74.10506,-53.05713],[-73.98313,-53.10757],[-74.0778,-53.13966],[-74.24561,-53.0353],[-74.22872,-53.14246],[-74.32001,-53.12628],[-74.32671,-53.02287],[-74.36394,-53.08247],[-74.52028,-52.96771],[-74.47592,-52.91298],[-74.5414,-52.96297],[-74.61956,-52.91177],[-74.57226,-52.89905],[-74.63875,-52.84288],[-74.54515,-52.86611],[-74.71335,-52.79923],[-74.68712,-52.71497]]],[[[-72.14918,-53.25939],[-72.11363,-53.38753],[-72.285,-53.43112],[-72.01789,-53.3783],[-72.02106,-53.23365],[-71.85458,-53.23372],[-71.76617,-53.43761],[-72.12058,-53.55748],[-71.8659,-53.53782],[-71.74811,-53.44721],[-71.74087,-53.20911],[-71.35834,-53.12339],[-71.11475,-52.90808],[-71.18792,-52.69874],[-70.73537,-52.78334],[-70.89267,-52.91691],[-70.78146,-52.93711],[-70.98837,-53.39],[-70.9125,-53.63377],[-70.97184,-53.78529],[-71.12053,-53.84986],[-71.30564,-53.89523],[-71.85108,-53.74826],[-71.92481,-53.70027],[-71.87464,-53.68257],[-72.11005,-53.68369],[-72.46865,-53.42389],[-72.39348,-53.29193],[-72.14918,-53.25939]]]]}},{"type":"Feature","properties":{"comuna":"Natales","region":"Región de Magallanes y Antártica Chilena","codregion":12},"geometry":{"type":"MultiPolygon","coordinates":[[[[-74.1696,-52.64387],[-74.07562,-52.69791],[-74.15474,-52.70897],[-74.1696,-52.64387]]],[[[-74.11447,-52.56961],[-74.04618,-52.58427],[-74.18422,-52.59577],[-74.11447,-52.56961]]],[[[-74.49971,-52.40168],[-74.46949,-52.45961],[-74.55229,-52.41389],[-74.49971,-52.40168]]],[[[-73.72553,-52.41989],[-73.6482,-52.49286],[-73.72482,-52.50627],[-73.69317,-52.58462],[-73.80311,-52.5458],[-73.70155,-52.59188],[-73.77301,-52.70729],[-73.93914,-52.72983],[-73.81416,-52.5991],[-73.96611,-52.66644],[-73.84189,-52.56969],[-74.07163,-52.64619],[-73.95157,-52.54787],[-73.99947,-52.53334],[-73.84077,-52.53307],[-73.84062,-52.45227],[-73.72553,-52.41989]]],[[[-73.88309,-52.40496],[-73.85028,-52.45536],[-73.98294,-52.47026],[-73.88309,-52.40496]]],[[[-74.63427,-52.33975],[-74.58387,-52.38021],[-74.7022,-52.37538],[-74.63427,-52.33975]]],[[[-74.89068,-52.25179],[-74.84222,-52.3215],[-74.92754,-52.2778],[-74.89068,-52.25179]]],[[[-74.57022,-52.23422],[-74.55678,-52.3148],[-74.61314,-52.29642],[-74.57022,-52.23422]]],[[[-74.16693,-52.22769],[-73.95484,-52.37766],[-74.17599,-52.41159],[-74.1373,-52.32801],[-74.24453,-52.37472],[-74.12953,-52.30582],[-74.20745,-52.28635],[-74.16693,-52.22769]]],[[[-74.59137,-52.20859],[-74.61459,-52.30881],[-74.69837,-52.3374],[-74.91091,-52.2266],[-74.83526,-52.19741],[-74.68218,-52.27886],[-74.59137,-52.20859]]],[[[-74.40151,-52.15101],[-74.30434,-52.19282],[-74.46524,-52.20888],[-74.40151,-52.15101]]],[[[-74.57577,-52.08572],[-74.67529,-52.21836],[-74.79316,-52.17972],[-74.57577,-52.08572]]],[[[-74.27579,-52.09348],[-73.90533,-52.36436],[-74.22414,-52.15218],[-74.29954,-52.14831],[-74.19575,-52.1913],[-74.24832,-52.19987],[-74.42787,-52.14624],[-74.27579,-52.09348]]],[[[-74.20911,-52.0819],[-73.75198,-52.27397],[-73.78181,-52.34339],[-73.71717,-52.41381],[-73.87668,-52.39071],[-73.75415,-52.35612],[-74.20911,-52.0819]]],[[[-74.34955,-52.05726],[-74.29815,-52.08807],[-74.35526,-52.11113],[-74.34955,-52.05726]]],[[[-74.49476,-51.94243],[-74.49265,-52.03018],[-74.70627,-52.11594],[-74.67427,-52.02728],[-74.49476,-51.94243]]],[[[-74.04288,-51.90195],[-73.99466,-51.99835],[-73.95708,-51.94087],[-73.79975,-52.03228],[-73.64181,-52.22479],[-73.87863,-52.11487],[-73.83245,-52.03241],[-73.90004,-52.02453],[-73.82522,-52.06888],[-73.88062,-52.10817],[-74.09037,-52.03079],[-73.90203,-52.072],[-74.08008,-51.98901],[-74.04288,-51.90195]]],[[[-72.62659,-52.35163],[-73.12909,-52.53833],[-73.24177,-52.69819],[-73.30304,-52.70751],[-73.39264,-52.56241],[-73.33648,-52.6776],[-73.38761,-52.70517],[-73.32706,-52.6939],[-73.3732,-52.72802],[-73.43109,-52.71845],[-73.35943,-52.66168],[-73.43722,-52.64601],[-73.64316,-52.72962],[-73.59656,-52.78234],[-73.72185,-52.75485],[-73.54852,-52.65659],[-73.66282,-52.64394],[-73.56144,-52.5921],[-73.62075,-52.55065],[-73.52178,-52.58797],[-73.57872,-52.5251],[-73.45323,-52.51343],[-73.53966,-52.47861],[-73.49335,-52.42562],[-73.5653,-52.47588],[-73.65018,-52.43021],[-73.55022,-52.39168],[-73.59928,-52.29914],[-73.55047,-52.21324],[-73.70618,-52.02418],[-73.5363,-52.19074],[-73.45172,-52.13281],[-73.36244,-52.22159],[-73.25234,-52.20001],[-73.2299,-52.11174],[-73.15515,-52.14222],[-72.99913,-52.06169],[-73.01396,-52.14958],[-73.1402,-52.1475],[-73.05854,-52.16136],[-73.13358,-52.23376],[-72.94824,-52.20432],[-72.99407,-52.30574],[-72.88618,-52.29105],[-72.81403,-52.08601],[-72.73878,-52.08478],[-72.83698,-52.08579],[-72.91197,-52.2212],[-72.97818,-52.14712],[-72.95514,-52.04349],[-72.91303,-52.08306],[-72.8985,-51.97975],[-72.76942,-51.94878],[-72.7126,-52.09204],[-72.52618,-52.21918],[-72.62659,-52.35163]]],[[[-73.78775,-51.89352],[-73.69037,-51.97639],[-73.74358,-52.02393],[-73.86242,-51.94222],[-73.78775,-51.89352]]],[[[-74.72419,-51.83368],[-74.66511,-51.88798],[-74.57567,-51.84075],[-74.71852,-52.00623],[-74.63437,-51.99078],[-74.74126,-52.12088],[-74.89062,-52.15264],[-74.74835,-52.04131],[-74.83048,-52.06047],[-74.72419,-51.83368]]],[[[-74.54399,-51.82494],[-74.54873,-51.92122],[-74.64766,-51.93809],[-74.54399,-51.82494]]],[[[-74.93176,-51.80757],[-74.88348,-51.86591],[-74.93342,-51.92711],[-74.77993,-51.87821],[-74.81926,-51.98581],[-74.88007,-51.98304],[-74.83649,-52.02271],[-74.91323,-52.00859],[-74.87057,-52.09141],[-74.94989,-52.13258],[-74.91397,-52.03732],[-75.00337,-52.14406],[-74.93925,-52.05334],[-75.00763,-52.09397],[-74.94845,-52.03955],[-75.02145,-52.07477],[-75.06371,-52.01907],[-74.94343,-51.95462],[-75.00938,-51.95365],[-74.93176,-51.80757]]],[[[-72.89515,-51.87278],[-72.99813,-52.05502],[-73.1104,-52.08699],[-73.08645,-51.95166],[-72.89515,-51.87278]]],[[[-73.75905,-51.82549],[-73.70937,-51.94902],[-73.80156,-51.85154],[-73.75905,-51.82549]]],[[[-74.65856,-51.76559],[-74.62157,-51.84253],[-74.72747,-51.82175],[-74.65856,-51.76559]]],[[[-74.98301,-51.71917],[-74.99564,-51.90107],[-75.10007,-51.92717],[-75.06142,-51.85514],[-75.12665,-51.82471],[-74.98301,-51.71917]]],[[[-74.49338,-51.71006],[-74.14342,-51.849],[-74.18615,-51.89736],[-74.05523,-51.88408],[-74.09929,-51.97988],[-74.35673,-51.90003],[-74.49338,-51.71006]]],[[[-74.85558,-51.62568],[-74.75714,-51.67795],[-74.77944,-51.8625],[-74.8518,-51.85009],[-74.87615,-51.76688],[-74.8064,-51.77766],[-74.93183,-51.66023],[-74.85558,-51.62568]]],[[[-73.92812,-51.6504],[-73.75289,-51.78568],[-73.842,-51.80123],[-73.92812,-51.6504]]],[[[-74.05299,-51.53002],[-73.97286,-51.70378],[-74.05556,-51.72648],[-73.94002,-51.72635],[-73.95035,-51.8031],[-73.81692,-51.84254],[-73.81737,-51.92258],[-73.95501,-51.89361],[-73.94572,-51.80931],[-74.24833,-51.72062],[-74.17168,-51.64826],[-74.08226,-51.68023],[-74.14978,-51.59272],[-74.06935,-51.61504],[-74.11842,-51.54695],[-74.05299,-51.53002]]],[[[-74.90986,-51.46667],[-74.89801,-51.55369],[-74.99312,-51.54266],[-74.90986,-51.46667]]],[[[-74.67773,-51.33174],[-74.68408,-51.43589],[-74.75573,-51.44738],[-74.67773,-51.33174]]],[[[-75.1207,-51.24822],[-75.14209,-51.39011],[-75.08112,-51.2947],[-74.9767,-51.36214],[-75.00975,-51.40879],[-75.07277,-51.3611],[-75.09017,-51.48045],[-75.15047,-51.40846],[-75.16366,-51.59265],[-75.22591,-51.56062],[-75.19708,-51.62309],[-75.31229,-51.64197],[-75.3355,-51.53335],[-75.19552,-51.48554],[-75.22165,-51.40257],[-75.14837,-51.38804],[-75.22217,-51.33322],[-75.1207,-51.24822]]],[[[-74.21408,-51.28802],[-74.08009,-51.44616],[-74.2366,-51.41152],[-74.17115,-51.38332],[-74.26262,-51.35093],[-74.21408,-51.28802]]],[[[-72.37671,-51.3692],[-72.30927,-51.36564],[-72.32441,-51.47582],[-72.44139,-51.58526],[-72.327,-51.58736],[-72.29618,-51.69986],[-71.94805,-51.87401],[-72.02864,-51.96787],[-71.63561,-52.05648],[-71.63491,-52.36343],[-72.55304,-52.36165],[-72.47394,-52.21635],[-72.66506,-52.05219],[-72.66185,-51.95405],[-72.46285,-51.92084],[-72.51357,-51.83733],[-72.45333,-51.77482],[-72.64785,-51.66355],[-72.68491,-51.56533],[-72.66693,-51.65411],[-72.77008,-51.56416],[-72.79432,-51.36999],[-72.37671,-51.3692]]],[[[-74.93274,-51.22726],[-74.86921,-51.25063],[-74.99425,-51.32071],[-75.06541,-51.28677],[-74.93274,-51.22726]]],[[[-73.80019,-51.24733],[-73.73185,-51.37862],[-73.87434,-51.34359],[-73.79722,-51.30608],[-73.89851,-51.29275],[-73.80019,-51.24733]]],[[[-74.04156,-51.22347],[-73.95456,-51.23081],[-73.92403,-51.33356],[-74.02992,-51.38669],[-74.10661,-51.28993],[-74.04156,-51.22347]]],[[[-74.60699,-51.18901],[-74.51071,-51.30199],[-74.67199,-51.24635],[-74.54426,-51.38647],[-74.61427,-51.40811],[-74.65716,-51.30029],[-74.72979,-51.29368],[-74.68782,-51.3218],[-74.75134,-51.42348],[-75.03569,-51.47498],[-74.78451,-51.32696],[-74.96648,-51.38435],[-74.91107,-51.37039],[-74.98118,-51.34442],[-74.92984,-51.29161],[-74.60699,-51.18901]]],[[[-74.48596,-51.18986],[-74.40163,-51.25498],[-74.53326,-51.20838],[-74.48596,-51.18986]]],[[[-74.84136,-51.16558],[-74.84701,-51.24482],[-74.86174,-51.19652],[-75.02844,-51.22545],[-74.84136,-51.16558]]],[[[-74.90344,-51.09171],[-74.83138,-51.15576],[-75.01686,-51.18342],[-74.90344,-51.09171]]],[[[-74.61009,-51.08835],[-74.56152,-51.18138],[-74.75869,-51.16448],[-74.61009,-51.08835]]],[[[-74.4538,-51.01613],[-74.42549,-51.05678],[-74.51152,-51.0835],[-74.37566,-51.10797],[-74.36653,-51.18612],[-74.43221,-51.18104],[-74.39283,-51.22568],[-74.585,-51.1027],[-74.4538,-51.01613]]],[[[-74.85984,-50.9845],[-74.8148,-50.992],[-74.95104,-51.02188],[-74.85984,-50.9845]]],[[[-74.30862,-50.90895],[-74.16431,-51.20816],[-74.24192,-51.2566],[-74.30862,-50.90895]]],[[[-74.63609,-50.70968],[-74.42665,-50.77351],[-74.51257,-50.85883],[-74.39939,-50.81603],[-74.37317,-50.88658],[-74.44299,-50.93975],[-74.37777,-50.91319],[-74.3751,-51.08645],[-74.45872,-50.99045],[-74.74894,-51.09907],[-74.69025,-51.06649],[-74.7459,-51.03265],[-74.64234,-51.03084],[-74.60129,-50.95774],[-74.76014,-50.98893],[-74.79697,-51.08452],[-74.89142,-51.05506],[-74.7692,-50.98055],[-74.95198,-50.98817],[-74.94113,-50.91758],[-74.85479,-50.91529],[-74.93095,-50.87952],[-74.636,-50.95562],[-74.53261,-50.91903],[-74.61851,-50.89962],[-74.59851,-50.85472],[-74.63815,-50.89567],[-74.51928,-50.81139],[-74.68462,-50.74223],[-74.63609,-50.70968]]],[[[-74.82444,-50.65425],[-74.71687,-50.69246],[-74.76843,-50.70925],[-74.73247,-50.75488],[-74.79631,-50.73895],[-74.68904,-50.79699],[-74.79181,-50.80727],[-74.70102,-50.83212],[-74.72272,-50.8871],[-74.63693,-50.8151],[-74.68481,-50.90337],[-74.93686,-50.84486],[-74.84412,-50.80739],[-74.94846,-50.7885],[-74.87322,-50.7886],[-74.94055,-50.72297],[-74.8073,-50.73211],[-74.93047,-50.67453],[-74.78074,-50.70421],[-74.82444,-50.65425]]],[[[-74.97053,-50.64325],[-74.98755,-50.81749],[-75.10348,-50.71074],[-75.03296,-50.72881],[-75.06625,-50.67912],[-74.97053,-50.64325]]],[[[-74.61658,-50.50854],[-74.58536,-50.56238],[-74.67572,-50.6026],[-74.686,-50.51181],[-74.61658,-50.50854]]],[[[-75.36967,-50.46434],[-75.26895,-50.48597],[-75.29828,-50.53044],[-75.06196,-50.50516],[-75.23696,-50.54975],[-75.16744,-50.59063],[-75.20569,-50.61801],[-75.31936,-50.55082],[-75.2273,-50.63411],[-75.31079,-50.63888],[-75.23192,-50.70501],[-75.31633,-50.70882],[-75.23649,-50.74545],[-75.29986,-50.80768],[-75.31419,-50.74926],[-75.37596,-50.79096],[-75.45403,-50.73829],[-75.34297,-50.68331],[-75.50963,-50.66657],[-75.3993,-50.64448],[-75.4248,-50.591],[-75.343,-50.63268],[-75.47427,-50.50127],[-75.36967,-50.46434]]],[[[-75.03612,-50.40833],[-75.01704,-50.46308],[-75.08728,-50.47509],[-75.03612,-50.40833]]],[[[-74.23397,-50.8483],[-74.24257,-50.75073],[-74.29529,-50.81385],[-74.33432,-50.76311],[-74.28686,-50.84542],[-74.34112,-50.84694],[-74.42307,-50.76368],[-74.37604,-50.73915],[-74.60453,-50.64729],[-74.41798,-50.54501],[-74.46034,-50.52627],[-74.35164,-50.53486],[-74.69091,-50.4897],[-74.54083,-50.41289],[-74.36016,-50.45805],[-74.30538,-50.62628],[-74.20746,-50.68188],[-74.40169,-50.6532],[-74.15275,-50.77395],[-74.14527,-50.84605],[-74.23397,-50.8483]]],[[[-74.68941,-50.34994],[-74.5396,-50.40504],[-74.75125,-50.51581],[-74.73359,-50.41027],[-74.79751,-50.42944],[-74.68941,-50.34994]]],[[[-74.93036,-50.2676],[-74.921,-50.36035],[-75.07561,-50.35741],[-74.97452,-50.40754],[-75.13689,-50.38447],[-74.93036,-50.2676]]],[[[-74.64434,-50.2773],[-74.5703,-50.29323],[-74.75674,-50.30537],[-74.64434,-50.2773]]],[[[-74.91605,-50.22902],[-74.83277,-50.25316],[-74.87913,-50.29439],[-74.91605,-50.22902]]],[[[-74.70578,-50.06849],[-74.66105,-50.0786],[-74.74908,-50.12414],[-74.70578,-50.06849]]],[[[-75.29677,-49.9931],[-75.30302,-50.06036],[-75.14048,-50.01666],[-75.08992,-50.05999],[-75.13203,-50.10259],[-75.0743,-50.07111],[-75.03112,-50.13958],[-74.93108,-50.08897],[-75.05114,-50.18641],[-74.93155,-50.10506],[-74.94517,-50.17723],[-74.80841,-50.14465],[-74.87325,-50.1029],[-74.77167,-50.16885],[-74.88197,-50.18966],[-74.82938,-50.24178],[-75.02046,-50.22501],[-75.05584,-50.26819],[-74.93052,-50.24736],[-75.15642,-50.34282],[-75.20315,-50.44536],[-75.07797,-50.3981],[-75.15072,-50.47583],[-75.33953,-50.44179],[-75.18416,-50.29236],[-75.45088,-50.37916],[-75.41854,-50.16691],[-75.25193,-50.17633],[-75.36178,-50.20933],[-75.20537,-50.26955],[-75.13365,-50.25598],[-75.09398,-50.13148],[-75.17329,-50.17992],[-75.40684,-50.06979],[-75.29677,-49.9931]]],[[[-75.53926,-49.70092],[-75.60124,-49.62658],[-75.35262,-49.57152],[-75.144,-49.8825],[-75.27847,-49.81041],[-75.25048,-49.88394],[-75.34853,-49.85257],[-75.35498,-49.68677],[-75.61327,-49.84636],[-75.63315,-49.76308],[-75.48057,-49.69985],[-75.53926,-49.70092]]],[[[-75.31118,-49.53657],[-75.25807,-49.55691],[-75.31102,-49.58949],[-75.31118,-49.53657]]],[[[-75.52265,-49.4319],[-75.43912,-49.4515],[-75.43599,-49.519],[-75.52265,-49.4319]]],[[[-75.51036,-49.37919],[-75.45973,-49.42319],[-75.54453,-49.41733],[-75.51036,-49.37919]]],[[[-74.38189,-49.41376],[-74.23285,-49.54891],[-74.38077,-49.63596],[-74.43801,-49.49448],[-74.38189,-49.41376]]],[[[-75.18678,-49.1624],[-75.03739,-49.2303],[-75.16237,-49.23893],[-75.18678,-49.1624]]],[[[-75.62094,-48.97423],[-75.45665,-49.04559],[-75.69293,-49.01259],[-75.62094,-48.97423]]],[[[-75.04493,-49.00098],[-74.94207,-49.09588],[-74.94448,-48.9998],[-74.82414,-49.07635],[-74.88929,-49.14845],[-74.82977,-49.12137],[-74.86824,-49.28618],[-75.04102,-49.13975],[-75.17849,-49.14176],[-75.09473,-49.08499],[-75.20582,-49.12876],[-75.04493,-49.00098]]],[[[-74.99126,-48.96465],[-74.95068,-49.03478],[-75.06993,-48.97576],[-74.99126,-48.96465]]],[[[-75.58519,-49.15002],[-75.49962,-49.07364],[-75.55043,-49.15431],[-75.43655,-49.10695],[-75.49523,-49.09493],[-75.28054,-48.93387],[-75.33865,-49.01978],[-75.27256,-49.00804],[-75.27855,-49.11676],[-75.37383,-49.17612],[-75.34261,-49.07095],[-75.39201,-49.15716],[-75.45273,-49.14097],[-75.46636,-49.24496],[-75.59244,-49.22481],[-75.58519,-49.15002]]],[[[-75.22763,-48.76901],[-75.0142,-48.87194],[-75.11624,-48.90773],[-74.99396,-48.93279],[-75.13923,-48.9951],[-75.1983,-48.90905],[-75.14328,-49.00116],[-75.23118,-49.06573],[-75.25707,-48.90418],[-75.44902,-49.03727],[-75.54545,-48.97272],[-75.43336,-48.90954],[-75.63117,-48.93425],[-75.63238,-48.84947],[-75.4973,-48.78169],[-75.39018,-48.80351],[-75.51393,-48.88217],[-75.34415,-48.79466],[-75.39008,-48.86783],[-75.34404,-48.82685],[-75.36046,-48.88475],[-75.28483,-48.9077],[-75.32277,-48.80426],[-75.2025,-48.9011],[-75.22763,-48.76901]]],[[[-75.29022,-48.7586],[-75.24848,-48.83041],[-75.33461,-48.77954],[-75.29022,-48.7586]]],[[[-73.97633,-48.71599],[-73.03954,-49.27694],[-73.05416,-49.46526],[-73.56057,-49.94208],[-73.44604,-49.96425],[-73.52153,-50.15355],[-73.36257,-50.30115],[-73.43778,-50.34361],[-73.3702,-50.37238],[-73.35774,-50.535],[-73.14475,-50.6524],[-73.18205,-50.74751],[-73.4268,-50.89155],[-73.45493,-51.33918],[-73.10927,-51.33337],[-73.07916,-51.4079],[-73.27061,-51.4786],[-73.05662,-51.49301],[-73.11187,-51.60581],[-72.99875,-51.51063],[-72.52626,-51.73594],[-72.73175,-51.84142],[-72.81804,-51.76004],[-73.19405,-51.68192],[-73.20277,-51.59973],[-73.29227,-51.57175],[-73.22139,-51.64692],[-73.2854,-51.69082],[-73.09097,-51.69627],[-73.00069,-51.78185],[-73.16462,-51.76964],[-73.07164,-51.75552],[-73.03534,-51.8219],[-73.20835,-51.89336],[-72.98331,-51.79935],[-72.91169,-51.85264],[-73.12462,-51.93832],[-73.13053,-52.08028],[-73.22637,-52.10024],[-73.39938,-51.63836],[-73.27009,-52.16147],[-73.52285,-52.06435],[-73.60139,-51.93779],[-73.54638,-51.93501],[-73.64228,-51.86551],[-73.59533,-51.80051],[-73.52872,-51.94194],[-73.41724,-51.99635],[-73.48007,-51.89908],[-73.41434,-51.90646],[-73.59511,-51.74471],[-73.44391,-51.67559],[-73.60317,-51.71818],[-73.62814,-51.64759],[-73.70697,-51.79389],[-73.823,-51.67438],[-73.73865,-51.64676],[-73.92598,-51.60605],[-73.77169,-51.53998],[-73.97772,-51.49838],[-73.88626,-51.46934],[-73.95928,-51.41515],[-73.90058,-51.36872],[-73.81081,-51.39194],[-73.58497,-51.61833],[-73.6802,-51.47791],[-73.58024,-51.54164],[-73.63536,-51.45949],[-73.55967,-51.44975],[-73.67655,-51.43302],[-73.68296,-51.29572],[-73.77448,-51.22738],[-73.72074,-51.18793],[-73.6626,-51.28025],[-73.67478,-51.14143],[-73.82673,-51.06329],[-73.76675,-51.18778],[-73.90052,-51.25733],[-74.00239,-51.10423],[-74.00157,-51.20558],[-74.0763,-51.20726],[-74.12978,-51.10567],[-74.07568,-51.06319],[-74.14503,-51.06481],[-74.03821,-50.94994],[-74.19303,-51.0574],[-74.2452,-50.96268],[-74.1097,-50.86953],[-73.6746,-50.93785],[-73.87645,-50.83662],[-73.71803,-50.82741],[-73.78841,-50.79834],[-73.76175,-50.65605],[-73.46736,-50.67638],[-73.74668,-50.54314],[-73.57534,-50.47263],[-73.54654,-50.37946],[-73.63191,-50.49105],[-73.76836,-50.52394],[-73.82198,-50.77463],[-74.03003,-50.85064],[-74.12647,-50.76626],[-74.05123,-50.69201],[-74.12674,-50.68917],[-74.1311,-50.75676],[-74.22864,-50.58738],[-74.08598,-50.58226],[-74.23152,-50.5578],[-74.29848,-50.4687],[-73.99578,-50.53185],[-73.98678,-50.59856],[-73.97078,-50.53251],[-73.86116,-50.55745],[-74.15834,-50.432],[-73.96666,-50.36582],[-74.24585,-50.44695],[-74.3257,-50.40477],[-74.24793,-50.31699],[-74.29084,-50.24033],[-74.35666,-50.40488],[-74.47382,-50.34434],[-74.42255,-50.31433],[-74.54806,-50.29697],[-74.46416,-50.26606],[-74.63678,-50.23366],[-74.57561,-50.17346],[-74.70526,-50.20276],[-74.57204,-50.1033],[-74.50009,-50.14292],[-74.525,-50.07907],[-74.40712,-50.10798],[-74.61231,-50.10262],[-74.43234,-50.01564],[-74.3583,-50.12912],[-74.34565,-50.07931],[-74.25933,-50.12781],[-74.33762,-50.18395],[-74.24426,-50.14916],[-74.16482,-50.28321],[-74.09668,-50.22209],[-73.95988,-50.26885],[-74.16374,-50.20775],[-74.20721,-50.15737],[-74.15456,-50.12699],[-74.3564,-49.97437],[-74.21248,-49.94246],[-73.97566,-50.0746],[-73.85823,-50.03926],[-74.0135,-49.99912],[-73.80513,-49.91684],[-73.89979,-49.91125],[-73.81303,-49.83153],[-74.02249,-49.98343],[-74.27635,-49.90691],[-74.32039,-49.78488],[-74.01961,-49.71966],[-74.28094,-49.76637],[-74.30753,-49.64596],[-74.07356,-49.53962],[-73.97749,-49.5762],[-74.03198,-49.65177],[-73.89582,-49.55249],[-73.78287,-49.71404],[-73.73343,-49.65462],[-73.8607,-49.53396],[-74.07281,-49.50566],[-74.04699,-49.28418],[-73.97487,-49.26352],[-73.75388,-49.41317],[-74.01418,-49.20977],[-74.15406,-49.19751],[-74.10551,-49.35337],[-74.14954,-49.53372],[-74.21479,-49.53511],[-74.28412,-49.40715],[-74.39088,-49.3886],[-74.3432,-49.06314],[-74.39598,-49.08673],[-74.42439,-49.02107],[-74.37846,-48.92249],[-74.29779,-48.93234],[-74.40505,-48.87539],[-74.34105,-48.86271],[-74.40474,-48.80418],[-74.33872,-48.71172],[-74.2714,-48.76184],[-73.97633,-48.71599]]],[[[-75.25317,-49.6182],[-75.29815,-49.60497],[-75.14266,-49.50401],[-75.30166,-49.5331],[-75.18479,-49.47552],[-75.31305,-49.51572],[-75.28583,-49.42288],[-75.39218,-49.48122],[-75.30569,-49.38217],[-75.40433,-49.44055],[-75.4494,-49.27385],[-75.32442,-49.25275],[-75.41509,-49.32632],[-75.31986,-49.2766],[-75.22364,-49.43329],[-75.0953,-49.48052],[-75.1967,-49.41453],[-74.94621,-49.40209],[-75.20587,-49.40916],[-75.14248,-49.39168],[-75.2383,-49.37651],[-75.27423,-49.31545],[-75.19952,-49.32556],[-75.30526,-49.24842],[-75.21241,-49.23116],[-75.1066,-49.36618],[-75.02391,-49.34713],[-75.17188,-49.25384],[-75.00339,-49.33251],[-75.08765,-49.25253],[-74.96706,-49.2924],[-75.02427,-49.23639],[-74.97342,-49.24408],[-75.06217,-49.1697],[-74.85638,-49.36964],[-74.84781,-49.21366],[-74.76684,-49.23753],[-74.8407,-49.17701],[-74.747,-49.19033],[-74.80771,-49.10119],[-74.72437,-49.08823],[-74.90353,-48.98777],[-74.79125,-48.94308],[-74.70424,-49.02425],[-74.76428,-48.91497],[-74.93736,-48.97597],[-74.87492,-48.93428],[-74.9522,-48.92611],[-74.82369,-48.8771],[-74.98216,-48.8803],[-74.79312,-48.80019],[-74.97919,-48.86801],[-74.99738,-48.76758],[-74.85106,-48.82346],[-74.93261,-48.781],[-74.88957,-48.74863],[-74.96976,-48.75517],[-74.76692,-48.66857],[-74.79845,-48.75289],[-74.74636,-48.79087],[-74.7519,-48.67767],[-74.68254,-48.65299],[-74.56592,-48.73194],[-74.62564,-48.86375],[-74.46468,-48.70009],[-74.46478,-48.87354],[-74.57444,-48.95303],[-74.46271,-48.88418],[-74.40732,-48.94741],[-74.51396,-49.01622],[-74.4044,-49.09158],[-74.38724,-49.3009],[-74.44659,-49.48093],[-74.54941,-49.51264],[-74.47948,-49.51402],[-74.44452,-49.60872],[-74.55636,-49.63608],[-74.53607,-49.68994],[-74.50963,-49.62252],[-74.3893,-49.67863],[-74.3976,-49.77202],[-74.54472,-49.73653],[-74.40411,-49.783],[-74.40668,-49.90235],[-74.47926,-49.84102],[-74.43441,-49.91878],[-74.5023,-49.97915],[-74.63109,-49.87653],[-74.51235,-49.98447],[-74.63528,-50.05895],[-74.68885,-50.03996],[-74.63721,-49.9887],[-74.75383,-50.04746],[-74.78955,-49.99016],[-74.79613,-50.05476],[-74.88072,-49.9916],[-74.71419,-49.9092],[-74.61674,-49.95219],[-74.65095,-49.90502],[-74.91331,-49.93592],[-74.86608,-49.84843],[-74.61127,-49.79347],[-74.81377,-49.85007],[-74.70756,-49.72172],[-74.83566,-49.81481],[-74.88568,-49.73847],[-74.82708,-49.71957],[-74.91199,-49.67358],[-74.80976,-49.6777],[-74.87296,-49.59635],[-74.67549,-49.63252],[-74.77034,-49.61649],[-74.7241,-49.54944],[-74.78542,-49.61235],[-74.87335,-49.53038],[-74.74758,-49.46115],[-74.70095,-49.51649],[-74.74427,-49.45568],[-74.6066,-49.43109],[-74.70586,-49.41406],[-74.58777,-49.30589],[-74.70961,-49.40338],[-74.80509,-49.33203],[-74.71694,-49.41294],[-74.86055,-49.50399],[-74.85612,-49.3875],[-74.9348,-49.53981],[-74.93994,-49.42956],[-74.99747,-49.47819],[-74.96117,-49.5408],[-75.01919,-49.51223],[-74.97452,-49.59317],[-75.08852,-49.53472],[-74.97257,-49.60792],[-75.01148,-49.69907],[-74.92442,-49.62406],[-75.01502,-49.71957],[-75.00314,-49.79225],[-74.96284,-49.70907],[-74.91629,-49.75023],[-74.99685,-49.89902],[-75.06122,-49.90472],[-75.0345,-49.83424],[-75.12747,-49.85314],[-75.17626,-49.77039],[-75.12248,-49.74766],[-75.22768,-49.68593],[-75.14792,-49.67118],[-75.25287,-49.65598],[-75.13044,-49.64074],[-75.23303,-49.63888],[-75.14031,-49.57519],[-75.25317,-49.6182]]],[[[-74.95584,-48.60142],[-74.76526,-48.65593],[-74.96824,-48.74541],[-74.96464,-48.66451],[-74.85055,-48.69004],[-74.95584,-48.60142]]],[[[-75.00497,-48.59587],[-75.04836,-48.82702],[-75.21728,-48.7629],[-75.00497,-48.59587]]]]}},{"type":"Feature","properties":{"comuna":"Cabo de Hornos","region":"Región de Magallanes y Antártica Chilena","codregion":12},"geometry":{"type":"MultiPolygon","coordinates":[[[[-67.09521,-55.81357],[-67.06507,-55.90731],[-67.17217,-55.87513],[-67.09521,-55.81357]]],[[[-67.30015,-55.80432],[-67.19495,-55.88],[-67.42249,-55.82453],[-67.30015,-55.80432]]],[[[-67.59582,-55.79542],[-67.50585,-55.82512],[-67.61848,-55.91395],[-67.63917,-55.84406],[-67.90707,-55.87199],[-67.89052,-55.82258],[-67.56984,-55.83606],[-67.59582,-55.79542]]],[[[-67.5979,-55.60268],[-67.54662,-55.63036],[-67.67789,-55.69731],[-67.5979,-55.60268]]],[[[-67.37025,-55.56687],[-67.3229,-55.64254],[-67.38538,-55.70618],[-67.26811,-55.70956],[-67.31618,-55.72589],[-67.26281,-55.78549],[-67.5725,-55.73757],[-67.50836,-55.71021],[-67.53566,-55.64451],[-67.41693,-55.71768],[-67.42477,-55.63567],[-67.49676,-55.62221],[-67.37025,-55.56687]]],[[[-69.01677,-55.5677],[-68.96461,-55.63944],[-69.02243,-55.64802],[-69.01677,-55.5677]]],[[[-68.67537,-55.51869],[-68.62438,-55.5844],[-68.74445,-55.52897],[-68.67537,-55.51869]]],[[[-68.53612,-55.52393],[-68.5047,-55.58102],[-68.58947,-55.52109],[-68.53612,-55.52393]]],[[[-67.66516,-55.49677],[-67.56531,-55.5976],[-67.74332,-55.62098],[-67.66516,-55.49677]]],[[[-68.62676,-55.47555],[-68.57138,-55.49354],[-68.68833,-55.49133],[-68.62676,-55.47555]]],[[[-69.76685,-55.37154],[-69.62361,-55.42665],[-69.78859,-55.45899],[-69.76685,-55.37154]]],[[[-69.97831,-55.31467],[-70.00509,-55.40911],[-70.13159,-55.32947],[-69.97831,-55.31467]]],[[[-68.97061,-55.28889],[-68.94954,-55.33718],[-69.02151,-55.30898],[-68.97061,-55.28889]]],[[[-69.26442,-55.26021],[-69.19624,-55.26899],[-69.3961,-55.29338],[-69.26442,-55.26021]]],[[[-68.86606,-55.24129],[-68.94794,-55.36706],[-68.95509,-55.29454],[-68.86606,-55.24129]]],[[[-66.90256,-55.21731],[-66.85575,-55.34182],[-67.03678,-55.33687],[-67.05217,-55.26657],[-66.90256,-55.21731]]],[[[-66.52683,-55.17271],[-66.41868,-55.22029],[-66.64378,-55.28773],[-66.65266,-55.20531],[-66.52683,-55.17271]]],[[[-68.28614,-55.15493],[-68.20925,-55.22204],[-68.32296,-55.19543],[-68.28614,-55.15493]]],[[[-69.9872,-55.0185],[-70.0336,-55.0827],[-70.09685,-55.05484],[-69.9872,-55.0185]]],[[[-69.95041,-55.01233],[-69.9443,-55.06931],[-70.01105,-55.07039],[-69.95041,-55.01233]]],[[[-67.04473,-54.98747],[-66.86015,-55.02798],[-66.81325,-55.11799],[-67.04473,-54.98747]]],[[[-71.21992,-54.94395],[-71.21074,-55.01564],[-71.30266,-55.02325],[-71.21992,-54.94395]]],[[[-69.98948,-54.93626],[-69.99052,-54.99554],[-70.20819,-55.02482],[-69.98948,-54.93626]]],[[[-68.51382,-54.92566],[-68.34338,-54.98878],[-68.32515,-55.07713],[-68.44542,-55.0232],[-68.40599,-55.09218],[-68.6395,-55.09786],[-68.54049,-55.12268],[-68.6224,-55.1648],[-69.01031,-55.0256],[-69.0683,-55.07958],[-68.73561,-55.18718],[-68.7886,-55.1533],[-68.24646,-55.22573],[-68.3276,-55.23483],[-68.17136,-55.2907],[-68.72454,-55.2772],[-68.52247,-55.33708],[-68.57366,-55.37526],[-68.13852,-55.39027],[-68.17072,-55.47819],[-68.02197,-55.47755],[-68.11592,-55.52494],[-67.97522,-55.58887],[-68.02923,-55.64855],[-67.98343,-55.67643],[-68.10558,-55.69476],[-68.12375,-55.59231],[-68.26195,-55.63009],[-68.21579,-55.53241],[-68.53095,-55.46298],[-68.53168,-55.407],[-68.61096,-55.40463],[-68.56453,-55.46948],[-68.77407,-55.43775],[-68.72574,-55.49806],[-68.7778,-55.5133],[-68.91678,-55.46225],[-68.84965,-55.39004],[-68.68687,-55.38719],[-68.75216,-55.3444],[-68.93317,-55.40439],[-68.77447,-55.18699],[-68.95119,-55.23129],[-68.95315,-55.28413],[-69.04933,-55.27787],[-69.08462,-55.16096],[-69.09646,-55.26401],[-69.28219,-55.18907],[-69.21522,-55.24595],[-69.48576,-55.26602],[-69.25315,-55.35041],[-69.18028,-55.43139],[-69.25581,-55.46821],[-69.07271,-55.4756],[-69.14716,-55.48028],[-69.09496,-55.53825],[-69.28832,-55.51749],[-69.32937,-55.42178],[-69.35259,-55.55673],[-69.39363,-55.43442],[-69.48421,-55.44084],[-69.3518,-55.40072],[-69.78713,-55.34613],[-69.52556,-55.3051],[-69.67188,-55.29481],[-69.47091,-55.19944],[-69.85256,-55.30563],[-69.97188,-55.25724],[-69.84579,-55.24012],[-69.96819,-55.20212],[-69.80161,-55.19702],[-70.03508,-55.1872],[-69.91384,-55.09406],[-69.62044,-55.12198],[-69.67176,-55.08454],[-69.56467,-55.05336],[-69.54169,-55.18595],[-69.54378,-55.04899],[-69.31999,-55.07414],[-69.37504,-55.02981],[-68.51382,-54.92566]]],[[[-70.13426,-54.91056],[-70.06775,-54.92999],[-70.20027,-54.94291],[-70.13426,-54.91056]]],[[[-67.06525,-55.07923],[-67.04831,-55.16292],[-67.22254,-55.32121],[-67.43459,-55.31722],[-67.41086,-55.19728],[-67.50743,-55.17605],[-67.59592,-55.19726],[-67.61281,-55.2776],[-67.83376,-55.27997],[-67.88166,-55.22027],[-67.73599,-55.22822],[-68.11464,-55.22384],[-68.05493,-55.17663],[-68.15303,-55.14535],[-68.17359,-54.99189],[-68.37837,-54.94666],[-68.18281,-54.89676],[-67.31768,-54.92542],[-67.06525,-55.07923]]],[[[-70.44337,-54.94709],[-70.63404,-55.00144],[-70.50841,-55.02148],[-70.75626,-55.01099],[-70.30059,-55.0401],[-70.40054,-55.08246],[-70.29725,-55.1299],[-70.47275,-55.0975],[-70.36681,-55.15653],[-70.47842,-55.21208],[-70.50331,-55.15754],[-70.59615,-55.18221],[-70.53798,-55.12928],[-70.59462,-55.06152],[-70.71432,-55.13139],[-70.77687,-55.11357],[-70.75885,-55.05217],[-71.03442,-55.05668],[-70.9788,-55.03473],[-71.03545,-55.02302],[-70.97283,-54.99251],[-71.016,-54.9603],[-70.86904,-54.92478],[-70.87076,-54.98457],[-70.79308,-54.92716],[-70.65649,-54.98831],[-70.51294,-54.90136],[-70.31325,-54.90291],[-70.44337,-54.94709]]],[[[-69.6705,-54.87962],[-69.47923,-54.91432],[-69.53923,-54.96865],[-69.45098,-54.91274],[-69.13035,-54.96906],[-69.92977,-55.06756],[-69.88841,-55.02819],[-69.94488,-54.96753],[-69.8063,-54.96713],[-69.93599,-54.9174],[-69.79953,-54.88412],[-69.7531,-54.9912],[-69.66313,-54.9654],[-69.75615,-54.88791],[-69.6705,-54.87962]]],[[[-71.31443,-54.81397],[-70.9135,-54.92237],[-71.08496,-54.95508],[-71.18192,-54.92456],[-71.08855,-54.90047],[-71.30304,-54.84635],[-71.33983,-54.94852],[-71.37797,-54.87239],[-71.44488,-54.93483],[-71.43766,-54.82309],[-71.31443,-54.81397]]],[[[-71.6051,-54.6947],[-71.51719,-54.73634],[-71.63319,-54.78314],[-71.6051,-54.6947]]],[[[-72.07251,-54.5903],[-71.8926,-54.69917],[-71.98715,-54.73487],[-72.04309,-54.61614],[-72.10367,-54.65191],[-72.07251,-54.5903]]],[[[-72.03601,-54.52237],[-71.93934,-54.58243],[-72.05298,-54.56839],[-72.03601,-54.52237]]],[[[-71.35109,-54.36994],[-71.1106,-54.42591],[-70.97112,-54.56878],[-70.72417,-54.64458],[-70.43537,-54.5721],[-69.83604,-54.61355],[-69.36259,-54.74792],[-69.20977,-54.72676],[-69.02218,-54.58243],[-68.60499,-54.59398],[-68.59643,-54.87301],[-68.829,-54.83263],[-68.70503,-54.91165],[-69.08459,-54.96486],[-69.65262,-54.84574],[-69.58451,-54.77412],[-69.61882,-54.73168],[-69.66547,-54.80109],[-69.70668,-54.70372],[-69.68853,-54.83642],[-69.76424,-54.83472],[-69.72761,-54.76547],[-69.78336,-54.72685],[-69.76981,-54.83441],[-69.92032,-54.8462],[-69.9379,-54.6791],[-69.98773,-54.7261],[-69.95117,-54.85036],[-70.09209,-54.8633],[-70.06864,-54.79383],[-70.15647,-54.79275],[-70.09551,-54.83474],[-70.32079,-54.86031],[-70.17133,-54.69663],[-70.22956,-54.68728],[-70.35016,-54.84501],[-70.58733,-54.77485],[-70.64621,-54.82438],[-70.36784,-54.8712],[-70.67079,-54.91004],[-70.85179,-54.82598],[-70.73121,-54.73449],[-70.94743,-54.75245],[-70.76642,-54.68619],[-70.91734,-54.67115],[-71.02684,-54.77254],[-70.92486,-54.61683],[-71.21655,-54.69614],[-71.30952,-54.65365],[-71.13988,-54.62423],[-71.25039,-54.61853],[-71.34044,-54.51845],[-71.32382,-54.5821],[-71.42037,-54.56957],[-71.33151,-54.62184],[-71.41052,-54.60382],[-71.47388,-54.68441],[-71.4761,-54.58182],[-71.53806,-54.65766],[-71.62767,-54.63307],[-71.56017,-54.5825],[-71.62386,-54.57106],[-71.66203,-54.65951],[-71.63633,-54.58155],[-71.79191,-54.57151],[-71.71407,-54.60788],[-71.85846,-54.58838],[-71.78685,-54.63467],[-71.91196,-54.64643],[-71.97552,-54.60187],[-71.86755,-54.60654],[-71.94181,-54.56534],[-71.90069,-54.54601],[-72.01884,-54.51023],[-71.94829,-54.53345],[-71.9922,-54.45318],[-71.90199,-54.44466],[-71.73668,-54.56258],[-71.65956,-54.57243],[-71.76116,-54.50879],[-71.72023,-54.48329],[-71.51885,-54.55106],[-71.87685,-54.4211],[-71.72169,-54.39812],[-71.52439,-54.51612],[-71.42708,-54.49176],[-71.61333,-54.39522],[-71.36559,-54.46202],[-71.30214,-54.43485],[-71.42391,-54.40099],[-71.35109,-54.36994]]]]}},{"type":"Feature","properties":{"comuna":"Timaukel","region":"Región de Magallanes y Antártica Chilena","codregion":12},"geometry":{"type":"Polygon","coordinates":[[[-70.70504,-54.35241],[-70.57533,-54.35474],[-70.70734,-54.43435],[-70.76603,-54.62259],[-70.7171,-54.55143],[-70.62057,-54.607],[-70.70588,-54.53669],[-70.55756,-54.40153],[-70.23296,-54.58844],[-70.29964,-54.50145],[-70.10423,-54.55819],[-70.51028,-54.39073],[-70.52878,-54.30195],[-70.87358,-54.25594],[-70.91357,-54.16962],[-70.85846,-54.16737],[-70.94241,-54.12074],[-70.13717,-54.43449],[-70.14783,-54.3863],[-70.03631,-54.385],[-70.19797,-54.31547],[-69.98627,-54.26934],[-69.95519,-54.39616],[-69.81603,-54.44984],[-69.91031,-54.51767],[-69.80126,-54.46838],[-69.74642,-54.51845],[-69.86396,-54.58374],[-69.77219,-54.54415],[-69.76664,-54.60462],[-69.71218,-54.50414],[-69.84582,-54.28764],[-69.61077,-54.36548],[-69.64236,-54.44434],[-69.58587,-54.4992],[-69.60123,-54.40336],[-69.49279,-54.44183],[-69.54887,-54.34158],[-69.45565,-54.3461],[-69.19937,-54.45132],[-69.51473,-54.67505],[-69.38333,-54.64641],[-69.34167,-54.72316],[-69.37679,-54.63908],[-69.26081,-54.54383],[-69.13173,-54.57093],[-69.12988,-54.45232],[-68.96279,-54.44668],[-70.05054,-54.09108],[-70.17082,-53.77382],[-69.60464,-53.61413],[-69.38022,-53.72046],[-69.2488,-53.62521],[-68.89558,-53.79405],[-68.60665,-53.8078],[-68.60478,-54.594],[-69.02218,-54.58245],[-69.24342,-54.74119],[-69.49732,-54.74404],[-69.83604,-54.61356],[-70.43537,-54.57212],[-70.76491,-54.64055],[-70.97112,-54.5688],[-71.1106,-54.42593],[-70.99683,-54.45565],[-70.87858,-54.33582],[-70.70504,-54.35241]]]}},{"type":"Feature","properties":{"comuna":"San Joaquín","region":"Región Metropolitana de Santiago","codregion":13},"geometry":{"type":"Polygon","coordinates":[[[-70.62342,-33.47338],[-70.6199,-33.48609],[-70.61849,-33.48753],[-70.61375,-33.50826],[-70.61156,-33.51039],[-70.61127,-33.51306],[-70.61502,-33.51311],[-70.61993,-33.51433],[-70.62725,-33.5177],[-70.63659,-33.51873],[-70.63722,-33.51314],[-70.63861,-33.5073],[-70.64195,-33.47688],[-70.63743,-33.47585],[-70.62791,-33.47236],[-70.62458,-33.46996],[-70.62342,-33.47338]]]}},{"type":"Feature","properties":{"comuna":"San Miguel","region":"Región Metropolitana de Santiago","codregion":13},"geometry":{"type":"Polygon","coordinates":[[[-70.63659,-33.51873],[-70.65807,-33.5147],[-70.67123,-33.5107],[-70.65507,-33.47672],[-70.64195,-33.47688],[-70.63861,-33.5073],[-70.63722,-33.51314],[-70.63659,-33.51873]]]}},{"type":"Feature","properties":{"comuna":"San Ramón","region":"Región Metropolitana de Santiago","codregion":13},"geometry":{"type":"Polygon","coordinates":[[[-70.63659,-33.51873],[-70.63461,-33.5347],[-70.6341,-33.54267],[-70.63102,-33.55807],[-70.65471,-33.555],[-70.65099,-33.54084],[-70.65111,-33.53979],[-70.64462,-33.51737],[-70.63659,-33.51873]]]}},{"type":"Feature","properties":{"comuna":"Independencia","region":"Región Metropolitana de Santiago","codregion":13},"geometry":{"type":"Polygon","coordinates":[[[-70.65817,-33.39914],[-70.65721,-33.40525],[-70.65311,-33.40648],[-70.65356,-33.4093],[-70.65348,-33.41293],[-70.65298,-33.41294],[-70.65291,-33.41747],[-70.65011,-33.4177],[-70.65104,-33.42336],[-70.65161,-33.43215],[-70.66128,-33.42994],[-70.67139,-33.42652],[-70.67118,-33.42595],[-70.67448,-33.42211],[-70.67713,-33.42001],[-70.6787,-33.41733],[-70.6806,-33.40542],[-70.68193,-33.40302],[-70.67218,-33.39972],[-70.6719,-33.40029],[-70.66708,-33.40014],[-70.6667,-33.39895],[-70.66021,-33.39942],[-70.65817,-33.39914]]]}},{"type":"Feature","properties":{"comuna":"La Cisterna","region":"Región Metropolitana de Santiago","codregion":13},"geometry":{"type":"Polygon","coordinates":[[[-70.65286,-33.54761],[-70.6532,-33.54879],[-70.66667,-33.54637],[-70.66825,-33.5454],[-70.68576,-33.53897],[-70.67702,-33.52315],[-70.67123,-33.5107],[-70.65807,-33.5147],[-70.64462,-33.51737],[-70.65111,-33.53979],[-70.65099,-33.54084],[-70.65286,-33.54761]]]}},{"type":"Feature","properties":{"comuna":"Peñalolén","region":"Región Metropolitana de Santiago","codregion":13},"geometry":{"type":"Polygon","coordinates":[[[-70.59,-33.51016],[-70.58953,-33.50609],[-70.58726,-33.50031],[-70.58078,-33.48999],[-70.57682,-33.47027],[-70.57225,-33.45901],[-70.56204,-33.46252],[-70.5509,-33.46264],[-70.54417,-33.46366],[-70.54227,-33.46287],[-70.54005,-33.46299],[-70.53125,-33.46544],[-70.52955,-33.45914],[-70.50368,-33.46109],[-70.48695,-33.46175],[-70.48579,-33.46386],[-70.48354,-33.465],[-70.4788,-33.46912],[-70.47504,-33.47359],[-70.47199,-33.47543],[-70.46573,-33.47541],[-70.46112,-33.47605],[-70.45211,-33.48245],[-70.44997,-33.48317],[-70.44586,-33.48541],[-70.43915,-33.48661],[-70.43905,-33.48842],[-70.43794,-33.49016],[-70.4379,-33.49216],[-70.4413,-33.49204],[-70.44459,-33.49268],[-70.4501,-33.49517],[-70.45078,-33.49584],[-70.45603,-33.49566],[-70.462,-33.49353],[-70.4631,-33.49239],[-70.46673,-33.49212],[-70.4675,-33.49245],[-70.46952,-33.49517],[-70.47198,-33.49484],[-70.47679,-33.49534],[-70.47856,-33.49656],[-70.48108,-33.49751],[-70.48318,-33.49932],[-70.48435,-33.49976],[-70.48568,-33.50162],[-70.48896,-33.50155],[-70.48988,-33.50071],[-70.49173,-33.50106],[-70.49368,-33.49957],[-70.49654,-33.49928],[-70.49921,-33.49778],[-70.50229,-33.4997],[-70.50602,-33.49999],[-70.50998,-33.50118],[-70.51601,-33.50193],[-70.52464,-33.50829],[-70.5285,-33.50862],[-70.54171,-33.51253],[-70.56471,-33.51145],[-70.56643,-33.51164],[-70.5871,-33.51004],[-70.59,-33.51016]]]}},{"type":"Feature","properties":{"comuna":"Providencia","region":"Región Metropolitana de Santiago","codregion":13},"geometry":{"type":"Polygon","coordinates":[[[-70.58445,-33.43178],[-70.58224,-33.43378],[-70.587,-33.43921],[-70.59279,-33.44777],[-70.59795,-33.44484],[-70.59918,-33.44468],[-70.60877,-33.44574],[-70.61389,-33.44683],[-70.61374,-33.44757],[-70.61843,-33.44838],[-70.61876,-33.44727],[-70.63153,-33.44984],[-70.63538,-33.43642],[-70.63624,-33.43077],[-70.63235,-33.4216],[-70.63032,-33.42002],[-70.62711,-33.41944],[-70.6224,-33.41626],[-70.61676,-33.41027],[-70.61454,-33.40917],[-70.60587,-33.40928],[-70.60787,-33.41548],[-70.60467,-33.41706],[-70.60257,-33.41737],[-70.58742,-33.42894],[-70.58445,-33.43178]]]}},{"type":"Feature","properties":{"comuna":"La Reina","region":"Región Metropolitana de Santiago","codregion":13},"geometry":{"type":"Polygon","coordinates":[[[-70.48695,-33.46175],[-70.50368,-33.46109],[-70.52955,-33.45914],[-70.53125,-33.46544],[-70.54005,-33.46299],[-70.54227,-33.46287],[-70.54417,-33.46366],[-70.5509,-33.46264],[-70.56204,-33.46252],[-70.57226,-33.45901],[-70.57081,-33.45351],[-70.57361,-33.43794],[-70.58181,-33.43405],[-70.58444,-33.43178],[-70.55408,-33.43043],[-70.53908,-33.42893],[-70.53876,-33.43166],[-70.53793,-33.43343],[-70.52303,-33.43161],[-70.51502,-33.43538],[-70.50948,-33.43571],[-70.50456,-33.43819],[-70.5029,-33.43956],[-70.5005,-33.44316],[-70.49622,-33.44669],[-70.49636,-33.45039],[-70.49282,-33.45371],[-70.48968,-33.45572],[-70.48695,-33.46175]]]}},{"type":"Feature","properties":{"comuna":"Calera de Tango","region":"Región Metropolitana de Santiago","codregion":13},"geometry":{"type":"Polygon","coordinates":[[[-70.80246,-33.66841],[-70.80299,-33.66634],[-70.80455,-33.6641],[-70.80742,-33.66145],[-70.80812,-33.66023],[-70.80815,-33.65821],[-70.80931,-33.65534],[-70.81098,-33.65295],[-70.81166,-33.64803],[-70.81167,-33.64457],[-70.8152,-33.64279],[-70.81845,-33.64238],[-70.82702,-33.65243],[-70.83635,-33.66246],[-70.845,-33.65942],[-70.86714,-33.65061],[-70.86635,-33.64952],[-70.86157,-33.64711],[-70.84952,-33.63621],[-70.84571,-33.63391],[-70.84368,-33.63165],[-70.84337,-33.62991],[-70.84096,-33.62839],[-70.83516,-33.62126],[-70.82533,-33.6108],[-70.82269,-33.60594],[-70.82024,-33.60026],[-70.81682,-33.59586],[-70.81418,-33.59354],[-70.81111,-33.5962],[-70.80859,-33.59369],[-70.80582,-33.58739],[-70.79807,-33.57333],[-70.78867,-33.57829],[-70.77884,-33.56915],[-70.77314,-33.57086],[-70.76674,-33.5722],[-70.76495,-33.57311],[-70.76349,-33.57464],[-70.76172,-33.57408],[-70.75835,-33.57423],[-70.75645,-33.57566],[-70.75278,-33.57943],[-70.7531,-33.58204],[-70.75084,-33.58447],[-70.75017,-33.58621],[-70.74731,-33.58842],[-70.74607,-33.58999],[-70.74534,-33.59214],[-70.74348,-33.595],[-70.74589,-33.59716],[-70.75038,-33.59935],[-70.75333,-33.60129],[-70.75436,-33.60359],[-70.75206,-33.60698],[-70.75129,-33.60929],[-70.74838,-33.61251],[-70.74697,-33.61588],[-70.74673,-33.61754],[-70.74907,-33.61907],[-70.75679,-33.62062],[-70.75691,-33.62117],[-70.75459,-33.62336],[-70.75255,-33.62688],[-70.74836,-33.6292],[-70.74629,-33.63249],[-70.74374,-33.63446],[-70.74307,-33.63635],[-70.74112,-33.63914],[-70.74049,-33.64094],[-70.73799,-33.64493],[-70.7356,-33.64641],[-70.73789,-33.65643],[-70.74178,-33.66324],[-70.74916,-33.66443],[-70.75178,-33.66331],[-70.75421,-33.66285],[-70.7572,-33.66291],[-70.78296,-33.65318],[-70.78405,-33.65334],[-70.78525,-33.65516],[-70.78728,-33.65693],[-70.79253,-33.66016],[-70.79369,-33.66223],[-70.79523,-33.66387],[-70.79784,-33.66531],[-70.79875,-33.66828],[-70.80246,-33.66841]]]}},{"type":"Feature","properties":{"comuna":"Colina","region":"Región Metropolitana de Santiago","codregion":13},"geometry":{"type":"Polygon","coordinates":[[[-70.79195,-33.17304],[-70.79019,-33.17234],[-70.78558,-33.17153],[-70.78197,-33.17197],[-70.77605,-33.17366],[-70.7741,-33.17542],[-70.77001,-33.17478],[-70.76434,-33.17905],[-70.76335,-33.17933],[-70.7598,-33.17852],[-70.75646,-33.1796],[-70.75447,-33.17884],[-70.75199,-33.17599],[-70.75139,-33.17445],[-70.74566,-33.1717],[-70.74526,-33.16995],[-70.74367,-33.169],[-70.74135,-33.16913],[-70.73945,-33.16858],[-70.73574,-33.16663],[-70.73438,-33.1644],[-70.73421,-33.16296],[-70.73492,-33.16044],[-70.73872,-33.15839],[-70.73924,-33.15591],[-70.74035,-33.15422],[-70.74198,-33.1528],[-70.74245,-33.14852],[-70.74368,-33.14775],[-70.74421,-33.14555],[-70.74893,-33.14425],[-70.75293,-33.14161],[-70.75497,-33.13825],[-70.75403,-33.13607],[-70.75422,-33.13364],[-70.75924,-33.1261],[-70.75918,-33.12319],[-70.75429,-33.11819],[-70.75444,-33.11628],[-70.75715,-33.1108],[-70.75772,-33.10743],[-70.75976,-33.10411],[-70.75851,-33.10043],[-70.7543,-33.09339],[-70.74804,-33.07997],[-70.74692,-33.07261],[-70.74696,-33.06891],[-70.74809,-33.06793],[-70.75044,-33.06716],[-70.75164,-33.06537],[-70.75319,-33.06409],[-70.75973,-33.06163],[-70.76354,-33.05906],[-70.76413,-33.05802],[-70.76689,-33.05536],[-70.76606,-33.05345],[-70.76564,-33.05005],[-70.76482,-33.04851],[-70.76119,-33.04701],[-70.75947,-33.04408],[-70.75969,-33.042],[-70.76069,-33.03933],[-70.7623,-33.03657],[-70.76146,-33.03421],[-70.75804,-33.03221],[-70.75642,-33.02963],[-70.75611,-33.02807],[-70.75377,-33.02628],[-70.75306,-33.02495],[-70.75353,-33.02334],[-70.75613,-33.02147],[-70.75706,-33.02028],[-70.75542,-33.01615],[-70.75021,-33.01216],[-70.75212,-33.00908],[-70.75392,-33.00714],[-70.75785,-33.00588],[-70.75895,-33.00502],[-70.75977,-33.0022],[-70.75903,-32.99932],[-70.75991,-32.9952],[-70.76165,-32.9911],[-70.76341,-32.98873],[-70.7668,-32.98738],[-70.77041,-32.98371],[-70.76686,-32.98156],[-70.76108,-32.98003],[-70.76007,-32.97772],[-70.7539,-32.9744],[-70.74983,-32.96866],[-70.74728,-32.96701],[-70.74348,-32.96655],[-70.74201,-32.96695],[-70.73985,-32.96665],[-70.73812,-32.96581],[-70.73401,-32.96212],[-70.72829,-32.95932],[-70.7255,-32.95706],[-70.7246,-32.9552],[-70.72244,-32.95357],[-70.72,-32.95303],[-70.71908,-32.95407],[-70.71698,-32.95446],[-70.71357,-32.95592],[-70.71201,-32.95764],[-70.71025,-32.95795],[-70.70778,-32.96053],[-70.70641,-32.95934],[-70.70354,-32.95839],[-70.69733,-32.95862],[-70.69452,-32.95618],[-70.69181,-32.95544],[-70.69005,-32.95546],[-70.68689,-32.95674],[-70.68448,-32.95833],[-70.67401,-32.95968],[-70.66987,-32.95832],[-70.66815,-32.956],[-70.66402,-32.95542],[-70.65955,-32.95364],[-70.65315,-32.95425],[-70.64888,-32.9526],[-70.64677,-32.95297],[-70.64421,-32.9523],[-70.64365,-32.95126],[-70.64168,-32.95083],[-70.63667,-32.94749],[-70.63374,-32.94751],[-70.63001,-32.94879],[-70.62682,-32.94926],[-70.62386,-32.94881],[-70.62253,-32.94772],[-70.61929,-32.9483],[-70.61594,-32.95009],[-70.61505,-32.95136],[-70.61363,-32.95153],[-70.6116,-32.94788],[-70.61146,-32.94628],[-70.60964,-32.9441],[-70.60759,-32.94263],[-70.60384,-32.94225],[-70.60148,-32.9444],[-70.60031,-32.94432],[-70.5957,-32.94671],[-70.59429,-32.94856],[-70.59591,-32.95176],[-70.59761,-32.95296],[-70.5971,-32.95472],[-70.59192,-32.95937],[-70.59177,-32.96131],[-70.59273,-32.96303],[-70.5913,-32.96455],[-70.59175,-32.96685],[-70.59308,-32.96842],[-70.59227,-32.96997],[-70.58982,-32.97107],[-70.58645,-32.974],[-70.58363,-32.97499],[-70.57824,-32.97901],[-70.57714,-32.98174],[-70.57316,-32.98698],[-70.57154,-32.98789],[-70.56731,-32.98906],[-70.56498,-32.99072],[-70.56497,-32.99262],[-70.56172,-32.99567],[-70.55968,-32.99672],[-70.55763,-32.99862],[-70.55787,-33.00355],[-70.55618,-33.00405],[-70.55437,-33.0065],[-70.55151,-33.00748],[-70.54977,-33.01021],[-70.5498,-33.0118],[-70.54695,-33.01421],[-70.54782,-33.01623],[-70.54687,-33.01805],[-70.54746,-33.01984],[-70.54969,-33.02208],[-70.54996,-33.02596],[-70.55135,-33.0287],[-70.55266,-33.03027],[-70.55347,-33.03328],[-70.55314,-33.03482],[-70.55099,-33.03696],[-70.54986,-33.03924],[-70.54471,-33.04026],[-70.54322,-33.04252],[-70.54003,-33.04472],[-70.53749,-33.04537],[-70.5356,-33.04747],[-70.53379,-33.04805],[-70.5308,-33.05026],[-70.52921,-33.05078],[-70.52721,-33.05241],[-70.52691,-33.05367],[-70.52756,-33.05547],[-70.5271,-33.05827],[-70.52555,-33.06073],[-70.52514,-33.06436],[-70.52414,-33.06544],[-70.52341,-33.06853],[-70.51929,-33.074],[-70.51969,-33.07565],[-70.51915,-33.07857],[-70.51596,-33.08047],[-70.51473,-33.08272],[-70.51284,-33.08348],[-70.51142,-33.08649],[-70.50913,-33.08919],[-70.50738,-33.08918],[-70.5058,-33.08822],[-70.50213,-33.08694],[-70.50053,-33.08705],[-70.4976,-33.08641],[-70.48939,-33.08241],[-70.48386,-33.08167],[-70.48228,-33.0811],[-70.47838,-33.07558],[-70.47818,-33.07248],[-70.47763,-33.07103],[-70.47766,-33.06849],[-70.47669,-33.06739],[-70.4735,-33.06623],[-70.46871,-33.06528],[-70.46589,-33.0629],[-70.46468,-33.06025],[-70.46457,-33.05789],[-70.46229,-33.05345],[-70.46103,-33.05205],[-70.46021,-33.04918],[-70.45736,-33.04499],[-70.45426,-33.04285],[-70.45114,-33.03812],[-70.44788,-33.03671],[-70.44665,-33.03513],[-70.44575,-33.0327],[-70.44319,-33.02969],[-70.44011,-33.02807],[-70.43862,-33.02643],[-70.43759,-33.02437],[-70.4347,-33.0214],[-70.42715,-33.021],[-70.42467,-33.02156],[-70.42343,-33.02394],[-70.4232,-33.02569],[-70.42159,-33.02497],[-70.41656,-33.02512],[-70.40695,-33.02977],[-70.40211,-33.03237],[-70.39948,-33.03424],[-70.39902,-33.03592],[-70.39883,-33.04028],[-70.39925,-33.04159],[-70.40126,-33.043],[-70.39935,-33.04452],[-70.39818,-33.04613],[-70.39755,-33.04832],[-70.39655,-33.0494],[-70.3967,-33.05104],[-70.40176,-33.055],[-70.4022,-33.05727],[-70.40482,-33.06048],[-70.40695,-33.0641],[-70.4066,-33.06599],[-70.40456,-33.06651],[-70.40331,-33.06784],[-70.39606,-33.07222],[-70.39485,-33.07332],[-70.3947,-33.07553],[-70.39551,-33.07807],[-70.39471,-33.08035],[-70.39337,-33.08082],[-70.39137,-33.08046],[-70.38853,-33.08234],[-70.38642,-33.08288],[-70.38596,-33.08384],[-70.38857,-33.08898],[-70.38696,-33.09032],[-70.38504,-33.09368],[-70.38225,-33.09445],[-70.38047,-33.09626],[-70.38013,-33.09759],[-70.37764,-33.09973],[-70.37717,-33.10237],[-70.37506,-33.10367],[-70.37357,-33.10573],[-70.37823,-33.10899],[-70.38137,-33.1089],[-70.38287,-33.10943],[-70.3842,-33.11103],[-70.38426,-33.11237],[-70.38637,-33.11529],[-70.38992,-33.11687],[-70.39115,-33.11795],[-70.39347,-33.11824],[-70.39796,-33.12167],[-70.39998,-33.12174],[-70.40331,-33.12259],[-70.4069,-33.1222],[-70.41075,-33.12259],[-70.41256,-33.12318],[-70.41441,-33.12299],[-70.41787,-33.12384],[-70.42093,-33.12638],[-70.42184,-33.12786],[-70.42531,-33.12845],[-70.42834,-33.13038],[-70.43044,-33.13366],[-70.43056,-33.1349],[-70.43283,-33.13628],[-70.43393,-33.13756],[-70.43649,-33.1438],[-70.43789,-33.14525],[-70.44118,-33.14702],[-70.44124,-33.14935],[-70.44502,-33.15709],[-70.44482,-33.15966],[-70.44842,-33.16253],[-70.45052,-33.16355],[-70.45195,-33.16572],[-70.45407,-33.16745],[-70.45505,-33.16981],[-70.45355,-33.17156],[-70.46227,-33.17762],[-70.46219,-33.17917],[-70.46007,-33.181],[-70.45951,-33.18227],[-70.45995,-33.1856],[-70.45942,-33.18878],[-70.46152,-33.19098],[-70.46534,-33.19324],[-70.46726,-33.19527],[-70.46769,-33.19643],[-70.46781,-33.2013],[-70.46525,-33.20213],[-70.46501,-33.20326],[-70.46631,-33.20543],[-70.46856,-33.20706],[-70.47009,-33.20965],[-70.46994,-33.21249],[-70.47042,-33.21395],[-70.47056,-33.21721],[-70.4732,-33.21958],[-70.47459,-33.22005],[-70.47879,-33.2186],[-70.48331,-33.21798],[-70.49039,-33.21896],[-70.49276,-33.21833],[-70.49466,-33.21845],[-70.49924,-33.22037],[-70.50126,-33.22055],[-70.5068,-33.21915],[-70.5092,-33.21913],[-70.51302,-33.2202],[-70.51394,-33.22271],[-70.51312,-33.22558],[-70.51475,-33.22853],[-70.51564,-33.23151],[-70.51808,-33.23315],[-70.51976,-33.23517],[-70.52166,-33.23648],[-70.52215,-33.23774],[-70.52491,-33.23908],[-70.52877,-33.23943],[-70.53271,-33.23926],[-70.5371,-33.24009],[-70.53911,-33.23928],[-70.54338,-33.23882],[-70.5447,-33.24039],[-70.54628,-33.24113],[-70.54909,-33.24129],[-70.5513,-33.24199],[-70.55682,-33.24141],[-70.55829,-33.24188],[-70.55889,-33.24363],[-70.56062,-33.24521],[-70.56195,-33.24846],[-70.55986,-33.25148],[-70.56128,-33.25305],[-70.56276,-33.25342],[-70.56413,-33.25473],[-70.56615,-33.25564],[-70.56813,-33.25717],[-70.56828,-33.25919],[-70.56957,-33.26186],[-70.57332,-33.26505],[-70.57384,-33.26641],[-70.57329,-33.27194],[-70.57194,-33.27358],[-70.57283,-33.27587],[-70.57076,-33.27798],[-70.57161,-33.28108],[-70.57296,-33.28272],[-70.57314,-33.28438],[-70.57446,-33.28655],[-70.57452,-33.28944],[-70.57625,-33.29084],[-70.57924,-33.29236],[-70.58119,-33.29252],[-70.58336,-33.29358],[-70.58568,-33.29566],[-70.58757,-33.29604],[-70.59238,-33.29919],[-70.59272,-33.30089],[-70.59107,-33.30216],[-70.59156,-33.30404],[-70.59388,-33.30524],[-70.5957,-33.30685],[-70.5962,-33.30843],[-70.59725,-33.30864],[-70.60006,-33.3075],[-70.60171,-33.30831],[-70.6029,-33.30987],[-70.60456,-33.31068],[-70.6036,-33.31278],[-70.60207,-33.31384],[-70.60029,-33.31666],[-70.60023,-33.32101],[-70.5972,-33.32752],[-70.5956,-33.32875],[-70.59541,-33.33052],[-70.59407,-33.33181],[-70.59367,-33.3345],[-70.5942,-33.33563],[-70.59834,-33.33844],[-70.60152,-33.33838],[-70.60585,-33.33973],[-70.60787,-33.33958],[-70.61953,-33.3424],[-70.62108,-33.34214],[-70.62411,-33.34078],[-70.63157,-33.34078],[-70.63286,-33.34034],[-70.63851,-33.34276],[-70.64512,-33.34187],[-70.6469,-33.34012],[-70.64783,-33.33833],[-70.64953,-33.33715],[-70.6517,-33.33411],[-70.6554,-33.33207],[-70.65755,-33.32921],[-70.6587,-33.32849],[-70.66262,-33.32939],[-70.66813,-33.32825],[-70.67351,-33.32977],[-70.67822,-33.32967],[-70.68129,-33.331],[-70.68373,-33.32922],[-70.68501,-33.32964],[-70.68668,-33.32879],[-70.6894,-33.32861],[-70.69019,-33.32738],[-70.69044,-33.32543],[-70.69209,-33.32405],[-70.69466,-33.32367],[-70.69816,-33.32097],[-70.70727,-33.31891],[-70.71073,-33.31897],[-70.70899,-33.32114],[-70.7085,-33.32282],[-70.71826,-33.32589],[-70.78297,-33.18159],[-70.78439,-33.17912],[-70.79102,-33.17425],[-70.79195,-33.17304]]]}},{"type":"Feature","properties":{"comuna":"Santiago","region":"Región Metropolitana de Santiago","codregion":13},"geometry":{"type":"Polygon","coordinates":[[[-70.65175,-33.43212],[-70.63536,-33.43592],[-70.62607,-33.46858],[-70.62458,-33.46996],[-70.62791,-33.47236],[-70.63743,-33.47585],[-70.64183,-33.47687],[-70.65099,-33.47695],[-70.66106,-33.47612],[-70.6712,-33.47628],[-70.67173,-33.47639],[-70.67169,-33.47847],[-70.68093,-33.47846],[-70.68076,-33.47648],[-70.67202,-33.47653],[-70.67278,-33.47518],[-70.67294,-33.47063],[-70.68007,-33.47071],[-70.67905,-33.46944],[-70.67783,-33.45094],[-70.67902,-33.45073],[-70.67956,-33.44393],[-70.69185,-33.44449],[-70.69155,-33.4395],[-70.68545,-33.4388],[-70.68382,-33.43668],[-70.68134,-33.43616],[-70.68007,-33.43845],[-70.68072,-33.42982],[-70.67988,-33.42791],[-70.67817,-33.42686],[-70.67666,-33.42683],[-70.67183,-33.42831],[-70.67139,-33.42652],[-70.66128,-33.42994],[-70.65175,-33.43212]]]}},{"type":"Feature","properties":{"comuna":"Lampa","region":"Región Metropolitana de Santiago","codregion":13},"geometry":{"type":"Polygon","coordinates":[[[-70.79195,-33.17304],[-70.79102,-33.17425],[-70.78439,-33.17912],[-70.78297,-33.18159],[-70.71883,-33.32461],[-70.79349,-33.34127],[-70.79788,-33.33847],[-70.79778,-33.34005],[-70.79879,-33.3449],[-70.80188,-33.3477],[-70.80413,-33.35162],[-70.80719,-33.3535],[-70.80814,-33.35515],[-70.81122,-33.35802],[-70.81121,-33.35934],[-70.81436,-33.36034],[-70.81571,-33.3615],[-70.81913,-33.36278],[-70.82077,-33.36269],[-70.82285,-33.36573],[-70.82398,-33.3695],[-70.82544,-33.3711],[-70.82775,-33.37179],[-70.82934,-33.37475],[-70.82951,-33.37619],[-70.83224,-33.37779],[-70.83289,-33.37885],[-70.83257,-33.38089],[-70.83698,-33.38238],[-70.83756,-33.38458],[-70.83919,-33.38529],[-70.84319,-33.38391],[-70.8476,-33.38173],[-70.85059,-33.38124],[-70.85329,-33.37953],[-70.86292,-33.37572],[-70.87089,-33.37546],[-70.87439,-33.37359],[-70.87566,-33.37357],[-70.87797,-33.3754],[-70.88151,-33.37608],[-70.88774,-33.37519],[-70.89248,-33.37546],[-70.8958,-33.37412],[-70.8997,-33.3732],[-70.90199,-33.37101],[-70.90378,-33.37052],[-70.90733,-33.36845],[-70.91026,-33.36843],[-70.91111,-33.3692],[-70.91396,-33.3698],[-70.91549,-33.3706],[-70.91742,-33.37281],[-70.92351,-33.37548],[-70.92636,-33.37586],[-70.92871,-33.37688],[-70.93179,-33.37726],[-70.93331,-33.37886],[-70.93742,-33.37965],[-70.94366,-33.38151],[-70.94666,-33.38491],[-70.95219,-33.38391],[-70.95518,-33.38257],[-70.95741,-33.38063],[-70.96098,-33.38],[-70.96283,-33.37916],[-70.96406,-33.37785],[-70.96811,-33.37592],[-70.9702,-33.37284],[-70.97105,-33.37034],[-70.97531,-33.36751],[-70.97759,-33.36532],[-70.98058,-33.36408],[-70.98291,-33.36137],[-70.98537,-33.35957],[-70.98718,-33.35658],[-70.98725,-33.35486],[-70.98621,-33.3514],[-70.98645,-33.34972],[-70.98872,-33.34673],[-70.99355,-33.3445],[-70.99641,-33.34245],[-71.00205,-33.33315],[-71.00217,-33.33114],[-71.00349,-33.32912],[-71.00386,-33.32595],[-71.00372,-33.32245],[-71.00173,-33.31539],[-71.00166,-33.30868],[-70.99944,-33.3058],[-70.99787,-33.30463],[-70.99559,-33.3041],[-70.98443,-33.29803],[-70.97472,-33.29594],[-70.97158,-33.29357],[-70.96995,-33.29119],[-70.96847,-33.29003],[-70.9723,-33.28672],[-70.97425,-33.279],[-70.97593,-33.27669],[-70.97772,-33.27513],[-70.97873,-33.27216],[-70.97864,-33.26829],[-70.97947,-33.2648],[-70.98207,-33.26184],[-70.98281,-33.2594],[-70.98335,-33.25529],[-70.98476,-33.25269],[-70.98676,-33.25046],[-70.98744,-33.24816],[-70.99137,-33.24366],[-70.99359,-33.23861],[-70.99475,-33.23745],[-70.99588,-33.23442],[-70.99594,-33.22956],[-70.99917,-33.2244],[-71.00056,-33.22318],[-71.00081,-33.22179],[-70.99997,-33.21971],[-70.99981,-33.21771],[-71.00169,-33.21281],[-71.00129,-33.21043],[-70.99977,-33.2085],[-70.99955,-33.20378],[-70.99693,-33.19757],[-70.99716,-33.19546],[-70.99819,-33.19225],[-70.99678,-33.19048],[-70.9953,-33.18625],[-70.99268,-33.18284],[-70.99259,-33.18145],[-70.99381,-33.17948],[-70.99338,-33.17766],[-70.98568,-33.17747],[-70.98346,-33.17293],[-70.9817,-33.17229],[-70.98057,-33.17313],[-70.97817,-33.17351],[-70.9751,-33.17207],[-70.97271,-33.17447],[-70.96967,-33.17587],[-70.9633,-33.17752],[-70.95794,-33.1762],[-70.9561,-33.1751],[-70.95408,-33.17274],[-70.95329,-33.1725],[-70.94634,-33.17388],[-70.94427,-33.17524],[-70.94056,-33.17673],[-70.93924,-33.17885],[-70.93584,-33.18124],[-70.93419,-33.1837],[-70.93294,-33.184],[-70.93191,-33.18588],[-70.92983,-33.18679],[-70.92761,-33.18661],[-70.92133,-33.18476],[-70.91826,-33.18452],[-70.90911,-33.18151],[-70.89293,-33.18109],[-70.89032,-33.1837],[-70.88976,-33.18539],[-70.88976,-33.18799],[-70.89054,-33.1988],[-70.89191,-33.20324],[-70.89219,-33.20565],[-70.89318,-33.20776],[-70.89445,-33.20915],[-70.89459,-33.21089],[-70.89258,-33.21199],[-70.88856,-33.21289],[-70.88622,-33.21469],[-70.88597,-33.21655],[-70.88678,-33.22227],[-70.88783,-33.22392],[-70.88603,-33.22471],[-70.88403,-33.22641],[-70.88295,-33.22886],[-70.88113,-33.227],[-70.87874,-33.22657],[-70.87526,-33.22749],[-70.86682,-33.22577],[-70.86597,-33.22343],[-70.86329,-33.22045],[-70.86191,-33.21764],[-70.86095,-33.21454],[-70.86012,-33.21336],[-70.85923,-33.21033],[-70.85653,-33.20408],[-70.85005,-33.19777],[-70.84918,-33.19453],[-70.85038,-33.1879],[-70.85224,-33.18463],[-70.85721,-33.18221],[-70.85718,-33.18141],[-70.85371,-33.181],[-70.84804,-33.18104],[-70.83526,-33.1797],[-70.8308,-33.18138],[-70.82721,-33.18469],[-70.82586,-33.18491],[-70.82375,-33.18324],[-70.82196,-33.17963],[-70.81899,-33.17686],[-70.81126,-33.17466],[-70.80847,-33.17278],[-70.80765,-33.17176],[-70.80222,-33.17208],[-70.79998,-33.16977],[-70.79846,-33.16967],[-70.79195,-33.17304]]]}},{"type":"Feature","properties":{"comuna":"Pirque","region":"Región Metropolitana de Santiago","codregion":13},"geometry":{"type":"Polygon","coordinates":[[[-70.43381,-33.8536],[-70.43703,-33.85136],[-70.43989,-33.8506],[-70.44139,-33.85129],[-70.44432,-33.85537],[-70.45026,-33.85835],[-70.45551,-33.85852],[-70.45941,-33.85813],[-70.46197,-33.85859],[-70.46732,-33.86106],[-70.47313,-33.86273],[-70.47456,-33.86205],[-70.47534,-33.86074],[-70.47588,-33.85824],[-70.47526,-33.85388],[-70.47518,-33.84842],[-70.47736,-33.84615],[-70.47846,-33.84187],[-70.48149,-33.83835],[-70.4819,-33.83582],[-70.48343,-33.8336],[-70.48715,-33.83052],[-70.48923,-33.82997],[-70.4936,-33.82972],[-70.49807,-33.83115],[-70.50202,-33.83426],[-70.50583,-33.83323],[-70.5107,-33.83353],[-70.51487,-33.83242],[-70.51883,-33.83369],[-70.52195,-33.83344],[-70.52507,-33.83221],[-70.52593,-33.83097],[-70.52706,-33.82461],[-70.53303,-33.8172],[-70.53365,-33.8139],[-70.53684,-33.80967],[-70.53588,-33.80691],[-70.53575,-33.80402],[-70.53511,-33.80218],[-70.5358,-33.80024],[-70.54087,-33.79748],[-70.54513,-33.79728],[-70.54697,-33.79629],[-70.54783,-33.794],[-70.55365,-33.79011],[-70.55959,-33.78463],[-70.56429,-33.78521],[-70.57051,-33.78471],[-70.57697,-33.78291],[-70.58086,-33.783],[-70.58425,-33.78431],[-70.58778,-33.78497],[-70.59136,-33.78404],[-70.59472,-33.78216],[-70.59588,-33.78105],[-70.5961,-33.77889],[-70.59529,-33.77295],[-70.59564,-33.7708],[-70.5965,-33.76902],[-70.59958,-33.76619],[-70.59985,-33.76526],[-70.59876,-33.76203],[-70.59911,-33.76024],[-70.60209,-33.75787],[-70.60556,-33.75684],[-70.60671,-33.75318],[-70.60702,-33.75083],[-70.60861,-33.74833],[-70.60926,-33.74468],[-70.61335,-33.74035],[-70.61441,-33.7385],[-70.61339,-33.73413],[-70.616,-33.72257],[-70.61749,-33.72087],[-70.6211,-33.71898],[-70.6219,-33.71719],[-70.6216,-33.71499],[-70.62208,-33.71278],[-70.62506,-33.7105],[-70.62729,-33.70725],[-70.62946,-33.70586],[-70.63203,-33.70483],[-70.6352,-33.70488],[-70.63753,-33.70445],[-70.64534,-33.69675],[-70.64439,-33.69503],[-70.64418,-33.69327],[-70.64732,-33.68855],[-70.64936,-33.6836],[-70.65084,-33.68192],[-70.65175,-33.67952],[-70.65315,-33.6778],[-70.65589,-33.67572],[-70.65549,-33.67293],[-70.65291,-33.66969],[-70.65171,-33.66435],[-70.65006,-33.66275],[-70.64149,-33.66087],[-70.64015,-33.65977],[-70.63479,-33.65346],[-70.63294,-33.64864],[-70.63121,-33.64568],[-70.63123,-33.64284],[-70.62934,-33.64142],[-70.62672,-33.64201],[-70.62296,-33.6442],[-70.61962,-33.64404],[-70.61637,-33.64213],[-70.61453,-33.64151],[-70.60574,-33.64164],[-70.60011,-33.63976],[-70.59749,-33.63802],[-70.5962,-33.63767],[-70.59163,-33.63823],[-70.58943,-33.63618],[-70.58681,-33.63444],[-70.58487,-33.63422],[-70.58294,-33.63477],[-70.58073,-33.63379],[-70.57812,-33.62874],[-70.57615,-33.62727],[-70.57141,-33.62562],[-70.56808,-33.62545],[-70.56708,-33.62479],[-70.56643,-33.62098],[-70.56467,-33.62041],[-70.55741,-33.621],[-70.55418,-33.62034],[-70.54864,-33.61837],[-70.54364,-33.61828],[-70.54163,-33.61961],[-70.53976,-33.61986],[-70.53416,-33.61745],[-70.53205,-33.61604],[-70.52936,-33.6156],[-70.52661,-33.61698],[-70.51907,-33.61646],[-70.51796,-33.61535],[-70.51793,-33.61357],[-70.51615,-33.61352],[-70.51395,-33.61477],[-70.51219,-33.6147],[-70.51108,-33.61364],[-70.50888,-33.61349],[-70.50824,-33.61212],[-70.50815,-33.60915],[-70.50532,-33.60806],[-70.50179,-33.60874],[-70.49952,-33.60853],[-70.49845,-33.60787],[-70.49866,-33.60536],[-70.50126,-33.60392],[-70.50114,-33.60276],[-70.49884,-33.60098],[-70.49116,-33.59842],[-70.48899,-33.59548],[-70.48752,-33.59458],[-70.48532,-33.59445],[-70.48221,-33.5949],[-70.48066,-33.59434],[-70.47916,-33.58987],[-70.47671,-33.58959],[-70.47567,-33.59089],[-70.4734,-33.59235],[-70.46638,-33.59126],[-70.46087,-33.59111],[-70.45964,-33.58956],[-70.46022,-33.58735],[-70.46245,-33.58311],[-70.46136,-33.5815],[-70.45853,-33.58267],[-70.45266,-33.58283],[-70.44994,-33.57983],[-70.44382,-33.57875],[-70.44399,-33.58534],[-70.4436,-33.58921],[-70.44055,-33.60098],[-70.44036,-33.60342],[-70.44102,-33.60871],[-70.43919,-33.61522],[-70.43712,-33.61792],[-70.43585,-33.62032],[-70.43511,-33.62066],[-70.4278,-33.62014],[-70.42692,-33.6223],[-70.42646,-33.62526],[-70.42479,-33.62737],[-70.42374,-33.6332],[-70.42124,-33.6368],[-70.41767,-33.63789],[-70.41427,-33.64004],[-70.41316,-33.64191],[-70.41203,-33.64264],[-70.41132,-33.64499],[-70.4102,-33.646],[-70.40724,-33.64661],[-70.40821,-33.64955],[-70.41073,-33.65173],[-70.41302,-33.65449],[-70.42133,-33.66048],[-70.42419,-33.66078],[-70.4263,-33.66032],[-70.4295,-33.66062],[-70.43033,-33.66266],[-70.43344,-33.66458],[-70.4337,-33.66606],[-70.43225,-33.66832],[-70.43068,-33.66972],[-70.43171,-33.67348],[-70.43644,-33.67643],[-70.43841,-33.67822],[-70.44093,-33.68344],[-70.4397,-33.68492],[-70.43891,-33.68825],[-70.43769,-33.6892],[-70.43695,-33.691],[-70.43387,-33.69488],[-70.43056,-33.69587],[-70.42202,-33.69965],[-70.41498,-33.70121],[-70.41305,-33.70235],[-70.4092,-33.70348],[-70.40519,-33.7067],[-70.40175,-33.7084],[-70.4005,-33.71194],[-70.40052,-33.71287],[-70.40263,-33.71521],[-70.40414,-33.71776],[-70.40357,-33.72016],[-70.40401,-33.72153],[-70.40286,-33.72344],[-70.40266,-33.72661],[-70.40459,-33.72969],[-70.40463,-33.73123],[-70.40362,-33.73252],[-70.40319,-33.7381],[-70.40361,-33.74283],[-70.40031,-33.74738],[-70.4,-33.74927],[-70.40326,-33.75401],[-70.40226,-33.7561],[-70.40417,-33.75941],[-70.40257,-33.7624],[-70.40261,-33.76365],[-70.40379,-33.76559],[-70.40392,-33.76888],[-70.40829,-33.7745],[-70.40724,-33.77957],[-70.40721,-33.7846],[-70.40667,-33.78604],[-70.40317,-33.78964],[-70.40343,-33.79133],[-70.40587,-33.79406],[-70.4061,-33.79678],[-70.40352,-33.80164],[-70.40302,-33.80398],[-70.40376,-33.81438],[-70.4048,-33.8167],[-70.40648,-33.81889],[-70.40628,-33.82021],[-70.40752,-33.82259],[-70.40855,-33.82658],[-70.40781,-33.83191],[-70.40906,-33.83324],[-70.40951,-33.83522],[-70.41138,-33.83817],[-70.41367,-33.83971],[-70.42003,-33.84118],[-70.42189,-33.8426],[-70.42627,-33.84873],[-70.42704,-33.85083],[-70.42859,-33.85203],[-70.43035,-33.85206],[-70.43381,-33.8536]]]}},{"type":"Feature","properties":{"comuna":"Puente Alto","region":"Región Metropolitana de Santiago","codregion":13},"geometry":{"type":"Polygon","coordinates":[[[-70.48755,-33.54343],[-70.48603,-33.54604],[-70.48682,-33.55267],[-70.48853,-33.55575],[-70.48876,-33.55913],[-70.48946,-33.56041],[-70.49107,-33.5613],[-70.49339,-33.56336],[-70.49504,-33.56562],[-70.49597,-33.56772],[-70.49869,-33.5697],[-70.50008,-33.57131],[-70.50046,-33.57321],[-70.50035,-33.57994],[-70.49805,-33.5825],[-70.49796,-33.58694],[-70.49844,-33.58865],[-70.49723,-33.59096],[-70.49588,-33.59202],[-70.49536,-33.59986],[-70.49884,-33.60098],[-70.50114,-33.60276],[-70.50126,-33.60392],[-70.49866,-33.60536],[-70.49845,-33.60787],[-70.49952,-33.60853],[-70.50179,-33.60874],[-70.50532,-33.60806],[-70.50815,-33.60915],[-70.50824,-33.61212],[-70.50888,-33.61349],[-70.51108,-33.61364],[-70.51219,-33.6147],[-70.51395,-33.61477],[-70.51615,-33.61352],[-70.51793,-33.61357],[-70.51796,-33.61535],[-70.51907,-33.61646],[-70.52661,-33.61698],[-70.52936,-33.6156],[-70.53205,-33.61604],[-70.53416,-33.61745],[-70.53976,-33.61986],[-70.54163,-33.61961],[-70.54364,-33.61828],[-70.54864,-33.61837],[-70.55418,-33.62034],[-70.55741,-33.621],[-70.56467,-33.62041],[-70.56643,-33.62098],[-70.56708,-33.62479],[-70.56808,-33.62545],[-70.57141,-33.62562],[-70.57615,-33.62727],[-70.57812,-33.62874],[-70.58073,-33.63379],[-70.58294,-33.63477],[-70.58487,-33.63422],[-70.58681,-33.63444],[-70.58943,-33.63618],[-70.59163,-33.63823],[-70.5962,-33.63767],[-70.59749,-33.63802],[-70.60011,-33.63976],[-70.60574,-33.64164],[-70.61453,-33.64151],[-70.61637,-33.64213],[-70.61962,-33.64404],[-70.62296,-33.6442],[-70.62672,-33.64201],[-70.62934,-33.64142],[-70.63123,-33.64284],[-70.62977,-33.63232],[-70.62651,-33.61881],[-70.62692,-33.60467],[-70.60597,-33.60202],[-70.60852,-33.58692],[-70.60936,-33.58664],[-70.6113,-33.57057],[-70.59995,-33.5673],[-70.59224,-33.57012],[-70.58374,-33.56946],[-70.58447,-33.56558],[-70.55736,-33.56078],[-70.56826,-33.54774],[-70.55143,-33.54803],[-70.54851,-33.54958],[-70.54712,-33.55196],[-70.54129,-33.55044],[-70.53748,-33.54885],[-70.53299,-33.54618],[-70.53211,-33.545],[-70.53045,-33.54416],[-70.52714,-33.54392],[-70.52553,-33.54337],[-70.52156,-33.54291],[-70.51591,-33.54334],[-70.50408,-33.54648],[-70.50236,-33.54631],[-70.49894,-33.54384],[-70.49698,-33.54348],[-70.49227,-33.54426],[-70.48755,-33.54343]]]}},{"type":"Feature","properties":{"comuna":"Huechuraba","region":"Región Metropolitana de Santiago","codregion":13},"geometry":{"type":"Polygon","coordinates":[[[-70.68928,-33.36624],[-70.68944,-33.3638],[-70.69336,-33.35161],[-70.68869,-33.34749],[-70.68785,-33.34556],[-70.68745,-33.34255],[-70.68525,-33.34068],[-70.68269,-33.33987],[-70.68041,-33.33838],[-70.6801,-33.33755],[-70.68115,-33.33575],[-70.68088,-33.33417],[-70.68129,-33.331],[-70.67822,-33.32967],[-70.67351,-33.32977],[-70.66813,-33.32825],[-70.66262,-33.32939],[-70.6587,-33.32849],[-70.65755,-33.32921],[-70.6554,-33.33207],[-70.6517,-33.33411],[-70.64953,-33.33715],[-70.64783,-33.33833],[-70.6469,-33.34012],[-70.64512,-33.34187],[-70.63851,-33.34276],[-70.63286,-33.34034],[-70.63157,-33.34078],[-70.62411,-33.34078],[-70.62108,-33.34214],[-70.61953,-33.3424],[-70.60787,-33.33958],[-70.60585,-33.33973],[-70.60152,-33.33838],[-70.59834,-33.33844],[-70.59609,-33.33706],[-70.59534,-33.33811],[-70.59273,-33.3386],[-70.59093,-33.33974],[-70.58888,-33.34576],[-70.58252,-33.35097],[-70.58419,-33.35261],[-70.58561,-33.35301],[-70.58683,-33.35425],[-70.58979,-33.35463],[-70.59263,-33.35554],[-70.59638,-33.35887],[-70.59737,-33.36046],[-70.60106,-33.36271],[-70.59734,-33.36579],[-70.59778,-33.37157],[-70.59909,-33.3728],[-70.60009,-33.37533],[-70.60016,-33.37899],[-70.6029,-33.38118],[-70.60389,-33.38337],[-70.60326,-33.38533],[-70.602,-33.38674],[-70.60145,-33.38849],[-70.60227,-33.38983],[-70.60586,-33.39317],[-70.60854,-33.39686],[-70.61007,-33.40099],[-70.61056,-33.40502],[-70.62495,-33.39415],[-70.62789,-33.39259],[-70.64138,-33.38269],[-70.64526,-33.38076],[-70.6818,-33.36705],[-70.68414,-33.36652],[-70.68928,-33.36624]]]}},{"type":"Feature","properties":{"comuna":"San Bernardo","region":"Región Metropolitana de Santiago","codregion":13},"geometry":{"type":"Polygon","coordinates":[[[-70.76674,-33.5722],[-70.76742,-33.57196],[-70.76338,-33.56643],[-70.74442,-33.5452],[-70.7264,-33.52391],[-70.68538,-33.53911],[-70.6874,-33.54192],[-70.68657,-33.54181],[-70.69292,-33.55613],[-70.69546,-33.5559],[-70.69709,-33.56483],[-70.7008,-33.57297],[-70.67667,-33.58244],[-70.66324,-33.58516],[-70.67062,-33.60748],[-70.64316,-33.60991],[-70.64435,-33.61962],[-70.64221,-33.61983],[-70.64314,-33.62722],[-70.62869,-33.62779],[-70.62977,-33.63232],[-70.63123,-33.64284],[-70.63339,-33.64467],[-70.63724,-33.64532],[-70.64058,-33.6471],[-70.64808,-33.64938],[-70.65239,-33.65053],[-70.65699,-33.65013],[-70.65932,-33.65132],[-70.66024,-33.6539],[-70.66173,-33.65508],[-70.67343,-33.6601],[-70.68064,-33.66176],[-70.68535,-33.66115],[-70.68819,-33.66264],[-70.69138,-33.66315],[-70.69801,-33.66289],[-70.70137,-33.6648],[-70.70607,-33.66559],[-70.71003,-33.66552],[-70.71124,-33.66749],[-70.71328,-33.66902],[-70.71419,-33.67053],[-70.71443,-33.67449],[-70.7161,-33.68116],[-70.71825,-33.6853],[-70.72111,-33.68765],[-70.72268,-33.69051],[-70.72435,-33.69134],[-70.72592,-33.69313],[-70.72762,-33.69402],[-70.73029,-33.69429],[-70.73335,-33.69538],[-70.73603,-33.69775],[-70.74196,-33.698],[-70.7445,-33.69873],[-70.74987,-33.70118],[-70.75321,-33.70171],[-70.75668,-33.70344],[-70.76069,-33.70364],[-70.76398,-33.70564],[-70.76815,-33.70723],[-70.77018,-33.71088],[-70.7744,-33.71367],[-70.77654,-33.7159],[-70.78029,-33.71703],[-70.78313,-33.72014],[-70.7859,-33.72195],[-70.79098,-33.72747],[-70.79568,-33.73084],[-70.79835,-33.73086],[-70.80265,-33.73346],[-70.80458,-33.73319],[-70.8077,-33.73429],[-70.8106,-33.73669],[-70.81169,-33.73805],[-70.81243,-33.74027],[-70.8123,-33.74698],[-70.81438,-33.75097],[-70.81633,-33.75143],[-70.81774,-33.75263],[-70.82108,-33.75425],[-70.82475,-33.75158],[-70.82608,-33.74857],[-70.82508,-33.74177],[-70.82373,-33.74058],[-70.82168,-33.73976],[-70.82052,-33.73698],[-70.82126,-33.73351],[-70.82132,-33.72699],[-70.82285,-33.72416],[-70.82355,-33.72187],[-70.82439,-33.72105],[-70.82365,-33.72044],[-70.82029,-33.71975],[-70.81843,-33.71982],[-70.81189,-33.72284],[-70.80984,-33.7222],[-70.80636,-33.72025],[-70.80684,-33.71867],[-70.8057,-33.71508],[-70.80469,-33.71416],[-70.8043,-33.71171],[-70.80332,-33.71053],[-70.79899,-33.7074],[-70.7977,-33.70438],[-70.79569,-33.70335],[-70.79426,-33.70075],[-70.79184,-33.69812],[-70.79145,-33.69605],[-70.79278,-33.6947],[-70.79385,-33.69147],[-70.79385,-33.69027],[-70.79633,-33.68669],[-70.79562,-33.68351],[-70.79913,-33.68029],[-70.79945,-33.67798],[-70.80124,-33.67495],[-70.80197,-33.67264],[-70.80355,-33.67215],[-70.8033,-33.66971],[-70.80246,-33.66841],[-70.79875,-33.66828],[-70.79784,-33.66531],[-70.79523,-33.66387],[-70.79369,-33.66223],[-70.79253,-33.66016],[-70.78728,-33.65693],[-70.78525,-33.65516],[-70.78405,-33.65334],[-70.78296,-33.65318],[-70.7572,-33.66291],[-70.75421,-33.66285],[-70.75178,-33.66331],[-70.74916,-33.66443],[-70.74178,-33.66324],[-70.73789,-33.65643],[-70.7356,-33.64641],[-70.73799,-33.64493],[-70.74049,-33.64094],[-70.74112,-33.63914],[-70.74307,-33.63635],[-70.74374,-33.63446],[-70.74629,-33.63249],[-70.74836,-33.6292],[-70.75255,-33.62688],[-70.75459,-33.62336],[-70.75691,-33.62117],[-70.75679,-33.62062],[-70.74907,-33.61907],[-70.74673,-33.61754],[-70.74697,-33.61588],[-70.74838,-33.61251],[-70.75129,-33.60929],[-70.75206,-33.60698],[-70.75436,-33.60359],[-70.75333,-33.60129],[-70.75038,-33.59935],[-70.74589,-33.59716],[-70.74348,-33.595],[-70.74534,-33.59214],[-70.74607,-33.58999],[-70.74731,-33.58842],[-70.75017,-33.58621],[-70.75084,-33.58447],[-70.7531,-33.58204],[-70.75278,-33.57943],[-70.75645,-33.57566],[-70.75835,-33.57423],[-70.76172,-33.57408],[-70.76349,-33.57464],[-70.76495,-33.57311],[-70.76674,-33.5722]]]}},{"type":"Feature","properties":{"comuna":"Curacaví","region":"Región Metropolitana de Santiago","codregion":13},"geometry":{"type":"Polygon","coordinates":[[[-70.9975,-33.19837],[-70.99831,-33.20122],[-70.99955,-33.20378],[-70.99977,-33.2085],[-71.00129,-33.21043],[-71.00169,-33.21281],[-70.99981,-33.21771],[-70.99997,-33.21971],[-71.00081,-33.22179],[-71.00056,-33.22318],[-70.99917,-33.2244],[-70.99594,-33.22956],[-70.99588,-33.23442],[-70.99475,-33.23745],[-70.99359,-33.23861],[-70.99137,-33.24366],[-70.98744,-33.24816],[-70.98676,-33.25046],[-70.98476,-33.25269],[-70.98335,-33.25529],[-70.98281,-33.2594],[-70.98207,-33.26184],[-70.97947,-33.2648],[-70.97864,-33.26829],[-70.97873,-33.27216],[-70.97772,-33.27513],[-70.97593,-33.27669],[-70.97425,-33.279],[-70.9723,-33.28672],[-70.96847,-33.29003],[-70.96995,-33.29119],[-70.97158,-33.29357],[-70.97472,-33.29594],[-70.98443,-33.29803],[-70.99559,-33.3041],[-70.99787,-33.30463],[-70.99944,-33.3058],[-71.00166,-33.30868],[-71.00173,-33.31539],[-71.00372,-33.32245],[-71.00386,-33.32595],[-71.00349,-33.32912],[-71.00217,-33.33114],[-71.00205,-33.33315],[-70.99641,-33.34245],[-70.99355,-33.3445],[-70.98872,-33.34673],[-70.98645,-33.34972],[-70.98621,-33.3514],[-70.98725,-33.35486],[-70.98718,-33.35658],[-70.98537,-33.35957],[-70.98291,-33.36137],[-70.98058,-33.36408],[-70.97759,-33.36532],[-70.97531,-33.36751],[-70.97105,-33.37034],[-70.9702,-33.37284],[-70.96811,-33.37592],[-70.96406,-33.37785],[-70.96283,-33.37916],[-70.96098,-33.38],[-70.95741,-33.38063],[-70.95518,-33.38257],[-70.95219,-33.38391],[-70.94666,-33.38491],[-70.94832,-33.38631],[-70.94875,-33.39176],[-70.95041,-33.39673],[-70.95202,-33.3994],[-70.95203,-33.40156],[-70.95047,-33.40375],[-70.95024,-33.40884],[-70.95144,-33.41297],[-70.94888,-33.41599],[-70.94676,-33.41717],[-70.94714,-33.41896],[-70.94705,-33.42188],[-70.94836,-33.42734],[-70.94831,-33.4318],[-70.94967,-33.43627],[-70.95042,-33.43685],[-70.95379,-33.43739],[-70.95433,-33.43825],[-70.95424,-33.44099],[-70.95512,-33.44475],[-70.95493,-33.44797],[-70.95384,-33.44982],[-70.95149,-33.45135],[-70.94989,-33.45354],[-70.94977,-33.45737],[-70.94935,-33.45904],[-70.95052,-33.46119],[-70.95042,-33.46263],[-70.94848,-33.46466],[-70.9487,-33.46854],[-70.94806,-33.4696],[-70.94387,-33.47156],[-70.94241,-33.47164],[-70.93882,-33.47397],[-70.93773,-33.47537],[-70.93582,-33.47568],[-70.93257,-33.47551],[-70.9293,-33.47722],[-70.92686,-33.48109],[-70.92164,-33.48733],[-70.92143,-33.48832],[-70.92422,-33.49034],[-70.9257,-33.4942],[-70.92615,-33.49675],[-70.92831,-33.49849],[-70.93005,-33.50213],[-70.93006,-33.50579],[-70.92806,-33.50832],[-70.92312,-33.50923],[-70.92131,-33.51142],[-70.91974,-33.51126],[-70.92006,-33.51481],[-70.9222,-33.51664],[-70.92281,-33.51797],[-70.92263,-33.5215],[-70.92301,-33.52437],[-70.92448,-33.52745],[-70.92499,-33.53011],[-70.92686,-33.53387],[-70.92656,-33.53759],[-70.92857,-33.54094],[-70.92933,-33.54629],[-70.93117,-33.5473],[-70.93299,-33.55042],[-70.9358,-33.55125],[-70.93805,-33.55518],[-70.94148,-33.55665],[-70.9427,-33.55831],[-70.94579,-33.55995],[-70.94843,-33.56065],[-70.94895,-33.55923],[-70.94927,-33.55574],[-70.95162,-33.55379],[-70.95254,-33.55197],[-70.95461,-33.55002],[-70.96094,-33.54768],[-70.96328,-33.54774],[-70.96571,-33.54689],[-70.97027,-33.54682],[-70.97428,-33.54556],[-70.9792,-33.54625],[-70.98161,-33.54707],[-70.98424,-33.54717],[-70.98752,-33.5464],[-70.98893,-33.54552],[-70.98912,-33.54418],[-70.99174,-33.54142],[-70.99761,-33.53917],[-71.00747,-33.53925],[-71.01009,-33.53987],[-71.01181,-33.53961],[-71.01344,-33.54017],[-71.01373,-33.53886],[-71.01634,-33.53582],[-71.01973,-33.53438],[-71.0228,-33.5318],[-71.02293,-33.52993],[-71.02402,-33.52782],[-71.02603,-33.52611],[-71.03138,-33.52331],[-71.03382,-33.52308],[-71.03624,-33.52165],[-71.03671,-33.51988],[-71.03831,-33.51794],[-71.03867,-33.51598],[-71.04032,-33.51366],[-71.04148,-33.50978],[-71.04253,-33.50847],[-71.04403,-33.50425],[-71.04751,-33.50185],[-71.05236,-33.50015],[-71.05419,-33.49793],[-71.05669,-33.49765],[-71.05982,-33.49557],[-71.06259,-33.4944],[-71.06366,-33.49296],[-71.06258,-33.4892],[-71.06291,-33.48616],[-71.06139,-33.48334],[-71.06104,-33.47875],[-71.06776,-33.4729],[-71.07001,-33.47252],[-71.07254,-33.47045],[-71.07362,-33.46834],[-71.07321,-33.46659],[-71.07178,-33.46411],[-71.06603,-33.45971],[-71.06554,-33.45783],[-71.06552,-33.45019],[-71.06014,-33.44251],[-71.06092,-33.43976],[-71.06019,-33.43784],[-71.05913,-33.43705],[-71.05798,-33.43291],[-71.05917,-33.43066],[-71.06296,-33.43295],[-71.06516,-33.43378],[-71.0686,-33.43403],[-71.07241,-33.43706],[-71.0751,-33.43867],[-71.08749,-33.44395],[-71.09037,-33.44473],[-71.09265,-33.44456],[-71.09505,-33.44496],[-71.09695,-33.44579],[-71.10101,-33.44625],[-71.10334,-33.44582],[-71.10515,-33.44339],[-71.10711,-33.44288],[-71.10911,-33.44149],[-71.11127,-33.44272],[-71.11262,-33.44474],[-71.11493,-33.44588],[-71.11849,-33.44682],[-71.12083,-33.44687],[-71.12397,-33.44795],[-71.12553,-33.44792],[-71.12851,-33.44661],[-71.13765,-33.44832],[-71.14267,-33.44741],[-71.14374,-33.44852],[-71.14881,-33.44983],[-71.15223,-33.44929],[-71.15415,-33.44708],[-71.15631,-33.44831],[-71.1613,-33.44852],[-71.16274,-33.44767],[-71.16424,-33.44555],[-71.16601,-33.44557],[-71.1697,-33.44768],[-71.17309,-33.45023],[-71.17492,-33.45073],[-71.17881,-33.45044],[-71.18138,-33.451],[-71.18312,-33.45224],[-71.1865,-33.45209],[-71.18838,-33.45066],[-71.1893,-33.44786],[-71.18925,-33.44376],[-71.19232,-33.44197],[-71.19369,-33.44068],[-71.20097,-33.4409],[-71.20332,-33.4392],[-71.20554,-33.43873],[-71.20796,-33.43568],[-71.2103,-33.43546],[-71.21189,-33.43469],[-71.21707,-33.43434],[-71.22083,-33.43492],[-71.22284,-33.43432],[-71.22571,-33.43466],[-71.22958,-33.43368],[-71.23071,-33.43305],[-71.23161,-33.42972],[-71.23152,-33.42824],[-71.23284,-33.42713],[-71.23565,-33.42712],[-71.23875,-33.42641],[-71.24029,-33.42564],[-71.24128,-33.42406],[-71.24169,-33.42161],[-71.24291,-33.42041],[-71.24486,-33.41955],[-71.24635,-33.41695],[-71.24945,-33.41611],[-71.25041,-33.41522],[-71.25133,-33.41272],[-71.25606,-33.41076],[-71.25996,-33.41069],[-71.2634,-33.4115],[-71.26885,-33.409],[-71.27509,-33.4054],[-71.27642,-33.40433],[-71.27716,-33.40286],[-71.27714,-33.40111],[-71.27611,-33.3996],[-71.26824,-33.39384],[-71.26771,-33.39184],[-71.26756,-33.38832],[-71.26601,-33.38706],[-71.2588,-33.38493],[-71.25529,-33.38317],[-71.24638,-33.38321],[-71.24415,-33.38366],[-71.24362,-33.38198],[-71.24024,-33.37923],[-71.2377,-33.37543],[-71.23599,-33.37407],[-71.23211,-33.3754],[-71.22992,-33.37478],[-71.22679,-33.37493],[-71.22296,-33.37315],[-71.22336,-33.37062],[-71.22243,-33.36828],[-71.22061,-33.36584],[-71.21988,-33.36365],[-71.21995,-33.36113],[-71.21848,-33.35895],[-71.21432,-33.35555],[-71.21441,-33.35438],[-71.21572,-33.35246],[-71.21581,-33.34857],[-71.215,-33.3473],[-71.21509,-33.34441],[-71.21254,-33.34068],[-71.21095,-33.33566],[-71.21121,-33.33333],[-71.21313,-33.3317],[-71.21235,-33.33085],[-71.20903,-33.33168],[-71.20617,-33.33117],[-71.20563,-33.3304],[-71.20583,-33.32486],[-71.20497,-33.32101],[-71.19894,-33.31528],[-71.19601,-33.31173],[-71.19547,-33.30976],[-71.20117,-33.31027],[-71.20566,-33.30907],[-71.20749,-33.30553],[-71.21041,-33.30266],[-71.21197,-33.29974],[-71.21251,-33.29769],[-71.21365,-33.29603],[-71.21477,-33.29283],[-71.21395,-33.29184],[-71.21427,-33.29033],[-71.21342,-33.28803],[-71.21442,-33.28571],[-71.21713,-33.28483],[-71.21937,-33.28139],[-71.22108,-33.28078],[-71.22255,-33.27914],[-71.22323,-33.27581],[-71.22314,-33.27205],[-71.22419,-33.27053],[-71.2267,-33.26944],[-71.22598,-33.26703],[-71.22377,-33.26597],[-71.22009,-33.26096],[-71.2197,-33.2595],[-71.22118,-33.25569],[-71.2213,-33.25383],[-71.22425,-33.25202],[-71.2259,-33.24897],[-71.22567,-33.24653],[-71.22185,-33.24239],[-71.22116,-33.24048],[-71.21994,-33.24002],[-71.21629,-33.23985],[-71.21512,-33.23915],[-71.2156,-33.23548],[-71.21525,-33.23437],[-71.21284,-33.23363],[-71.21088,-33.23241],[-71.20609,-33.23249],[-71.20327,-33.23134],[-71.20145,-33.22969],[-71.19949,-33.22876],[-71.19663,-33.22875],[-71.18944,-33.22678],[-71.18754,-33.22747],[-71.18448,-33.22718],[-71.17881,-33.22814],[-71.17317,-33.23046],[-71.17078,-33.23086],[-71.16511,-33.22911],[-71.16469,-33.22748],[-71.16273,-33.22574],[-71.15839,-33.2275],[-71.15189,-33.22864],[-71.15042,-33.22973],[-71.1489,-33.23239],[-71.14589,-33.23387],[-71.14441,-33.23524],[-71.1427,-33.2358],[-71.14053,-33.23775],[-71.13576,-33.23615],[-71.13145,-33.23524],[-71.12893,-33.23373],[-71.12702,-33.23347],[-71.12396,-33.23185],[-71.12045,-33.23121],[-71.11906,-33.2304],[-71.1151,-33.2256],[-71.11432,-33.22324],[-71.11317,-33.22198],[-71.11085,-33.22091],[-71.10758,-33.22032],[-71.104,-33.22071],[-71.09632,-33.22051],[-71.09412,-33.21969],[-71.08535,-33.22453],[-71.08276,-33.225],[-71.07754,-33.22824],[-71.07648,-33.22959],[-71.07472,-33.23062],[-71.07209,-33.23028],[-71.06612,-33.22863],[-71.06169,-33.22655],[-71.06007,-33.22487],[-71.05977,-33.22244],[-71.06033,-33.21822],[-71.05994,-33.21602],[-71.05831,-33.21223],[-71.05792,-33.20819],[-71.05695,-33.20448],[-71.05432,-33.20463],[-71.05196,-33.20601],[-71.04897,-33.20921],[-71.04676,-33.20986],[-71.04437,-33.20984],[-71.04327,-33.20905],[-71.04207,-33.20707],[-71.0412,-33.20678],[-71.03849,-33.20759],[-71.03503,-33.20944],[-71.03313,-33.21151],[-71.03354,-33.21472],[-71.03103,-33.21648],[-71.02698,-33.21649],[-71.02568,-33.21491],[-71.0263,-33.21068],[-71.02725,-33.20796],[-71.02868,-33.20609],[-71.027,-33.20328],[-71.02694,-33.20227],[-71.025,-33.20117],[-71.02213,-33.20099],[-71.02025,-33.20139],[-71.01853,-33.20306],[-71.01646,-33.20283],[-71.01552,-33.20031],[-71.01474,-33.19985],[-71.00992,-33.19979],[-71.00429,-33.19788],[-70.99883,-33.19856],[-70.9975,-33.19837]]]}},{"type":"Feature","properties":{"comuna":"María Pinto","region":"Región Metropolitana de Santiago","codregion":13},"geometry":{"type":"Polygon","coordinates":[[[-71.01344,-33.54017],[-71.01501,-33.54252],[-71.01697,-33.5433],[-71.01952,-33.54521],[-71.02126,-33.54544],[-71.02519,-33.54855],[-71.02994,-33.54967],[-71.03152,-33.55146],[-71.03401,-33.55075],[-71.0357,-33.55094],[-71.04277,-33.55476],[-71.04624,-33.55517],[-71.04741,-33.55357],[-71.04858,-33.55331],[-71.05918,-33.55606],[-71.06691,-33.55589],[-71.07081,-33.55431],[-71.07239,-33.55216],[-71.07492,-33.55161],[-71.07651,-33.54986],[-71.07829,-33.54933],[-71.08263,-33.55075],[-71.08684,-33.5508],[-71.09099,-33.55325],[-71.09317,-33.5528],[-71.09597,-33.55071],[-71.10101,-33.55003],[-71.10728,-33.54784],[-71.11024,-33.54851],[-71.11354,-33.55341],[-71.1158,-33.55473],[-71.12171,-33.55033],[-71.12562,-33.5495],[-71.12787,-33.54845],[-71.13174,-33.54874],[-71.135,-33.54954],[-71.13813,-33.54929],[-71.14028,-33.55097],[-71.14693,-33.55019],[-71.15025,-33.55094],[-71.15082,-33.55313],[-71.15319,-33.55447],[-71.15758,-33.55435],[-71.16382,-33.55572],[-71.16649,-33.55529],[-71.17038,-33.55365],[-71.17324,-33.55417],[-71.18014,-33.55433],[-71.18472,-33.55277],[-71.1908,-33.54756],[-71.19637,-33.54684],[-71.2001,-33.54587],[-71.20295,-33.54362],[-71.20915,-33.54147],[-71.21046,-33.54306],[-71.21574,-33.54449],[-71.21656,-33.54524],[-71.21655,-33.54744],[-71.21438,-33.54943],[-71.21449,-33.55129],[-71.21599,-33.55212],[-71.2179,-33.5509],[-71.21855,-33.54955],[-71.22125,-33.55064],[-71.2216,-33.55522],[-71.22288,-33.55648],[-71.22668,-33.55799],[-71.22831,-33.55954],[-71.22916,-33.56138],[-71.23086,-33.56288],[-71.23317,-33.56183],[-71.23606,-33.5613],[-71.23869,-33.56178],[-71.23776,-33.56349],[-71.2342,-33.56509],[-71.23418,-33.56592],[-71.23601,-33.56822],[-71.2386,-33.56913],[-71.241,-33.56708],[-71.24343,-33.56656],[-71.24472,-33.56787],[-71.24488,-33.56945],[-71.24308,-33.57272],[-71.2442,-33.57418],[-71.24636,-33.5741],[-71.24792,-33.57464],[-71.25186,-33.57509],[-71.25328,-33.57702],[-71.25243,-33.58009],[-71.25112,-33.58149],[-71.25233,-33.58275],[-71.2628,-33.58221],[-71.26718,-33.58268],[-71.26963,-33.58227],[-71.27225,-33.58092],[-71.27572,-33.58057],[-71.27826,-33.58201],[-71.2805,-33.58239],[-71.28301,-33.58478],[-71.28648,-33.58648],[-71.28881,-33.58854],[-71.29165,-33.58791],[-71.29423,-33.58863],[-71.29874,-33.58874],[-71.29988,-33.58685],[-71.30485,-33.58476],[-71.30704,-33.58596],[-71.30916,-33.58611],[-71.31089,-33.58713],[-71.31577,-33.58828],[-71.32133,-33.58722],[-71.32449,-33.58601],[-71.32906,-33.58354],[-71.3295,-33.58036],[-71.32914,-33.57825],[-71.32952,-33.57454],[-71.32897,-33.57246],[-71.3293,-33.57019],[-71.33053,-33.56905],[-71.33102,-33.56701],[-71.32836,-33.56335],[-71.32803,-33.56041],[-71.32901,-33.55771],[-71.32909,-33.55592],[-71.33074,-33.55015],[-71.3307,-33.54787],[-71.33195,-33.54341],[-71.33474,-33.54126],[-71.33399,-33.5386],[-71.33186,-33.53582],[-71.33219,-33.53534],[-71.33911,-33.53216],[-71.34175,-33.53048],[-71.34462,-33.53129],[-71.3465,-33.5313],[-71.3496,-33.53014],[-71.35093,-33.52874],[-71.35002,-33.52493],[-71.35025,-33.51949],[-71.34956,-33.51719],[-71.34926,-33.51413],[-71.34833,-33.51255],[-71.3487,-33.51059],[-71.3484,-33.50862],[-71.34966,-33.50625],[-71.3515,-33.50499],[-71.34946,-33.50134],[-71.3491,-33.50002],[-71.34992,-33.49786],[-71.35245,-33.49625],[-71.35317,-33.49256],[-71.34722,-33.48395],[-71.34474,-33.48235],[-71.34377,-33.48075],[-71.33949,-33.476],[-71.33937,-33.47448],[-71.34198,-33.47119],[-71.34121,-33.46715],[-71.34187,-33.46403],[-71.3365,-33.45784],[-71.33621,-33.45589],[-71.33831,-33.45458],[-71.33888,-33.44974],[-71.33759,-33.44798],[-71.33806,-33.44352],[-71.33752,-33.44103],[-71.34051,-33.43928],[-71.34082,-33.43685],[-71.34295,-33.43325],[-71.34366,-33.43117],[-71.34343,-33.42933],[-71.34151,-33.42745],[-71.34354,-33.4241],[-71.34405,-33.42202],[-71.34307,-33.41836],[-71.34333,-33.41568],[-71.34276,-33.41511],[-71.33823,-33.41336],[-71.33518,-33.41339],[-71.33315,-33.41177],[-71.33235,-33.40848],[-71.33112,-33.40761],[-71.32638,-33.407],[-71.32544,-33.40782],[-71.32554,-33.40948],[-71.32301,-33.41009],[-71.32158,-33.41103],[-71.3185,-33.41044],[-71.31575,-33.41088],[-71.31232,-33.41077],[-71.30647,-33.40944],[-71.3005,-33.41147],[-71.29965,-33.41292],[-71.29779,-33.41326],[-71.29588,-33.41168],[-71.2934,-33.41221],[-71.29111,-33.41212],[-71.28782,-33.41144],[-71.28608,-33.41052],[-71.28167,-33.41051],[-71.28034,-33.40949],[-71.27955,-33.40702],[-71.27642,-33.40433],[-71.26885,-33.409],[-71.2634,-33.4115],[-71.25996,-33.41069],[-71.25606,-33.41076],[-71.25133,-33.41272],[-71.25041,-33.41522],[-71.24945,-33.41611],[-71.24635,-33.41695],[-71.24486,-33.41955],[-71.24291,-33.42041],[-71.24169,-33.42161],[-71.24128,-33.42406],[-71.24029,-33.42564],[-71.23875,-33.42641],[-71.23565,-33.42712],[-71.23284,-33.42713],[-71.23152,-33.42824],[-71.23161,-33.42972],[-71.23071,-33.43305],[-71.22958,-33.43368],[-71.22571,-33.43466],[-71.22284,-33.43432],[-71.22083,-33.43492],[-71.21707,-33.43434],[-71.21189,-33.43469],[-71.2103,-33.43546],[-71.20796,-33.43568],[-71.20554,-33.43873],[-71.20332,-33.4392],[-71.20097,-33.4409],[-71.19369,-33.44068],[-71.19232,-33.44197],[-71.18925,-33.44376],[-71.1893,-33.44786],[-71.18838,-33.45066],[-71.1865,-33.45209],[-71.18312,-33.45224],[-71.18138,-33.451],[-71.17881,-33.45044],[-71.17492,-33.45073],[-71.17309,-33.45023],[-71.1697,-33.44768],[-71.16601,-33.44557],[-71.16424,-33.44555],[-71.16274,-33.44767],[-71.1613,-33.44852],[-71.15631,-33.44831],[-71.15415,-33.44708],[-71.15223,-33.44929],[-71.14881,-33.44983],[-71.14374,-33.44852],[-71.14267,-33.44741],[-71.13765,-33.44832],[-71.12851,-33.44661],[-71.12553,-33.44792],[-71.12397,-33.44795],[-71.12083,-33.44687],[-71.11849,-33.44682],[-71.11493,-33.44588],[-71.11262,-33.44474],[-71.11127,-33.44272],[-71.10911,-33.44149],[-71.10711,-33.44288],[-71.10515,-33.44339],[-71.10334,-33.44582],[-71.10101,-33.44625],[-71.09695,-33.44579],[-71.09505,-33.44496],[-71.09265,-33.44456],[-71.09037,-33.44473],[-71.08749,-33.44395],[-71.0751,-33.43867],[-71.07241,-33.43706],[-71.0686,-33.43403],[-71.06516,-33.43378],[-71.06296,-33.43295],[-71.05917,-33.43066],[-71.05798,-33.43291],[-71.05913,-33.43705],[-71.06019,-33.43784],[-71.06092,-33.43976],[-71.06014,-33.44251],[-71.06552,-33.45019],[-71.06554,-33.45783],[-71.06603,-33.45971],[-71.07178,-33.46411],[-71.07321,-33.46659],[-71.07362,-33.46834],[-71.07254,-33.47045],[-71.07001,-33.47252],[-71.06776,-33.4729],[-71.06104,-33.47875],[-71.06139,-33.48334],[-71.06291,-33.48616],[-71.06258,-33.4892],[-71.06366,-33.49296],[-71.06259,-33.4944],[-71.05982,-33.49557],[-71.05669,-33.49765],[-71.05419,-33.49793],[-71.05236,-33.50015],[-71.04751,-33.50185],[-71.04403,-33.50425],[-71.04253,-33.50847],[-71.04148,-33.50978],[-71.04032,-33.51366],[-71.03867,-33.51598],[-71.03831,-33.51794],[-71.03671,-33.51988],[-71.03624,-33.52165],[-71.03382,-33.52308],[-71.03138,-33.52331],[-71.02603,-33.52611],[-71.02402,-33.52782],[-71.02293,-33.52993],[-71.0228,-33.5318],[-71.01973,-33.53438],[-71.01634,-33.53582],[-71.01373,-33.53886],[-71.01344,-33.54017]]]}},{"type":"Feature","properties":{"comuna":"Cerrillos","region":"Región Metropolitana de Santiago","codregion":13},"geometry":{"type":"Polygon","coordinates":[[[-70.6857,-33.47811],[-70.68614,-33.48206],[-70.69097,-33.49324],[-70.706,-33.52413],[-70.70674,-33.53124],[-70.7264,-33.52391],[-70.71852,-33.51408],[-70.72334,-33.51004],[-70.73393,-33.50976],[-70.74009,-33.51012],[-70.73334,-33.49638],[-70.73155,-33.49491],[-70.73146,-33.48276],[-70.72857,-33.4834],[-70.72663,-33.48228],[-70.72467,-33.48268],[-70.72373,-33.48047],[-70.72241,-33.47338],[-70.72015,-33.47494],[-70.71188,-33.48266],[-70.69215,-33.4781],[-70.6857,-33.47811]]]}},{"type":"Feature","properties":{"comuna":"Cerro Navia","region":"Región Metropolitana de Santiago","codregion":13},"geometry":{"type":"Polygon","coordinates":[[[-70.72146,-33.43663],[-70.72241,-33.43893],[-70.72421,-33.43769],[-70.73021,-33.43625],[-70.74087,-33.43639],[-70.74077,-33.4299],[-70.74669,-33.42997],[-70.75695,-33.42732],[-70.76288,-33.4277],[-70.76665,-33.42589],[-70.7671,-33.42684],[-70.76973,-33.42581],[-70.77209,-33.42566],[-70.77566,-33.4245],[-70.77713,-33.42309],[-70.77792,-33.42113],[-70.77937,-33.42006],[-70.78102,-33.41741],[-70.78211,-33.41696],[-70.78226,-33.4137],[-70.7767,-33.4136],[-70.77303,-33.41402],[-70.77192,-33.41462],[-70.76236,-33.41266],[-70.75185,-33.41217],[-70.74056,-33.41261],[-70.7371,-33.41226],[-70.73196,-33.41271],[-70.72788,-33.4139],[-70.7225,-33.41175],[-70.71592,-33.41512],[-70.71669,-33.41641],[-70.72146,-33.43663]]]}},{"type":"Feature","properties":{"comuna":"Vitacura","region":"Región Metropolitana de Santiago","codregion":13},"geometry":{"type":"Polygon","coordinates":[[[-70.51769,-33.37258],[-70.52709,-33.37715],[-70.53389,-33.38382],[-70.54343,-33.38814],[-70.55414,-33.39232],[-70.57194,-33.39814],[-70.58664,-33.40417],[-70.59967,-33.40834],[-70.60226,-33.4084],[-70.60587,-33.40928],[-70.61454,-33.40917],[-70.61211,-33.408],[-70.61056,-33.40502],[-70.61007,-33.40099],[-70.60854,-33.39686],[-70.60586,-33.39317],[-70.60227,-33.38983],[-70.60145,-33.38849],[-70.602,-33.38674],[-70.60326,-33.38533],[-70.60389,-33.38337],[-70.6029,-33.38118],[-70.60016,-33.37899],[-70.60009,-33.37533],[-70.59909,-33.3728],[-70.59778,-33.37157],[-70.59734,-33.36579],[-70.60106,-33.36271],[-70.59737,-33.36046],[-70.59638,-33.35887],[-70.59263,-33.35554],[-70.58979,-33.35463],[-70.58683,-33.35425],[-70.58561,-33.35301],[-70.58419,-33.35261],[-70.58252,-33.35097],[-70.58015,-33.35197],[-70.57716,-33.35218],[-70.5754,-33.35307],[-70.5734,-33.3555],[-70.57155,-33.35598],[-70.56759,-33.35547],[-70.56611,-33.35598],[-70.56414,-33.3576],[-70.56026,-33.35852],[-70.55034,-33.35928],[-70.5489,-33.36047],[-70.54772,-33.36388],[-70.54485,-33.36612],[-70.54118,-33.37007],[-70.53958,-33.37052],[-70.53107,-33.37063],[-70.52486,-33.3695],[-70.51947,-33.37037],[-70.51769,-33.37258]]]}},{"type":"Feature","properties":{"comuna":"Conchalí","region":"Región Metropolitana de Santiago","codregion":13},"geometry":{"type":"Polygon","coordinates":[[[-70.664,-33.39915],[-70.6667,-33.39895],[-70.66708,-33.40014],[-70.6719,-33.40029],[-70.67218,-33.39972],[-70.68193,-33.40302],[-70.68993,-33.38939],[-70.70032,-33.36617],[-70.69257,-33.3659],[-70.68414,-33.36652],[-70.6818,-33.36705],[-70.65682,-33.37654],[-70.65773,-33.3784],[-70.65712,-33.38678],[-70.6574,-33.38884],[-70.65716,-33.39207],[-70.65815,-33.39908],[-70.66021,-33.39942],[-70.664,-33.39915]]]}},{"type":"Feature","properties":{"comuna":"El Bosque","region":"Región Metropolitana de Santiago","codregion":13},"geometry":{"type":"Polygon","coordinates":[[[-70.66324,-33.58516],[-70.67667,-33.58244],[-70.7008,-33.57297],[-70.69709,-33.56483],[-70.69546,-33.5559],[-70.69292,-33.55613],[-70.68657,-33.54181],[-70.6874,-33.54192],[-70.68538,-33.53912],[-70.66825,-33.5454],[-70.66667,-33.54637],[-70.6532,-33.54879],[-70.66324,-33.58516]]]}},{"type":"Feature","properties":{"comuna":"Estación Central","region":"Región Metropolitana de Santiago","codregion":13},"geometry":{"type":"Polygon","coordinates":[[[-70.68093,-33.47846],[-70.69215,-33.4781],[-70.71188,-33.48266],[-70.72015,-33.47494],[-70.72278,-33.47301],[-70.73381,-33.46962],[-70.73141,-33.46814],[-70.73129,-33.45491],[-70.71296,-33.45845],[-70.71042,-33.45829],[-70.70559,-33.45716],[-70.70709,-33.44879],[-70.69826,-33.44772],[-70.69231,-33.44794],[-70.69185,-33.44449],[-70.67956,-33.44393],[-70.67902,-33.45073],[-70.67783,-33.45094],[-70.67905,-33.46944],[-70.68007,-33.47071],[-70.67294,-33.47063],[-70.67278,-33.47518],[-70.67202,-33.47653],[-70.68076,-33.47648],[-70.68093,-33.47846]]]}},{"type":"Feature","properties":{"comuna":"La Florida","region":"Región Metropolitana de Santiago","codregion":13},"geometry":{"type":"Polygon","coordinates":[[[-70.4379,-33.49216],[-70.43717,-33.49775],[-70.43899,-33.50023],[-70.44311,-33.50418],[-70.44847,-33.50516],[-70.45052,-33.50607],[-70.45543,-33.51081],[-70.46146,-33.51551],[-70.46392,-33.51629],[-70.46584,-33.51846],[-70.46748,-33.52421],[-70.46923,-33.52677],[-70.47363,-33.52802],[-70.4798,-33.53166],[-70.48,-33.53686],[-70.48092,-33.53766],[-70.48459,-33.53861],[-70.48684,-33.5405],[-70.48755,-33.54343],[-70.49227,-33.54426],[-70.49698,-33.54348],[-70.49894,-33.54384],[-70.50236,-33.54631],[-70.50408,-33.54648],[-70.51591,-33.54334],[-70.52156,-33.54291],[-70.52553,-33.54337],[-70.52714,-33.54392],[-70.53045,-33.54416],[-70.53211,-33.545],[-70.53299,-33.54618],[-70.53748,-33.54885],[-70.54129,-33.55044],[-70.54712,-33.55196],[-70.54851,-33.54958],[-70.55143,-33.54803],[-70.56826,-33.54774],[-70.55736,-33.56078],[-70.58447,-33.56558],[-70.58374,-33.56946],[-70.59224,-33.57012],[-70.59995,-33.5673],[-70.61127,-33.57057],[-70.61252,-33.56218],[-70.61044,-33.56196],[-70.61486,-33.54652],[-70.61056,-33.54665],[-70.60975,-33.52619],[-70.61156,-33.51039],[-70.61366,-33.50835],[-70.56643,-33.51164],[-70.56471,-33.51145],[-70.54171,-33.51253],[-70.5285,-33.50862],[-70.52464,-33.50829],[-70.51601,-33.50193],[-70.50998,-33.50118],[-70.50602,-33.49999],[-70.50229,-33.4997],[-70.49921,-33.49778],[-70.49654,-33.49928],[-70.49368,-33.49957],[-70.49173,-33.50106],[-70.48988,-33.50071],[-70.48896,-33.50155],[-70.48568,-33.50162],[-70.48435,-33.49976],[-70.48318,-33.49932],[-70.48108,-33.49751],[-70.47856,-33.49656],[-70.47679,-33.49534],[-70.47198,-33.49484],[-70.46952,-33.49517],[-70.4675,-33.49245],[-70.46673,-33.49212],[-70.4631,-33.49239],[-70.462,-33.49353],[-70.45603,-33.49566],[-70.45078,-33.49584],[-70.4501,-33.49517],[-70.44459,-33.49268],[-70.4413,-33.49204],[-70.4379,-33.49216]]]}},{"type":"Feature","properties":{"comuna":"La Granja","region":"Región Metropolitana de Santiago","codregion":13},"geometry":{"type":"Polygon","coordinates":[[[-70.63659,-33.51873],[-70.62725,-33.5177],[-70.61993,-33.51433],[-70.61502,-33.51311],[-70.61127,-33.51306],[-70.60975,-33.52619],[-70.61056,-33.54665],[-70.61486,-33.54652],[-70.61223,-33.55561],[-70.63071,-33.55981],[-70.6341,-33.54267],[-70.63461,-33.5347],[-70.63659,-33.51873]]]}},{"type":"Feature","properties":{"comuna":"La Pintana","region":"Región Metropolitana de Santiago","codregion":13},"geometry":{"type":"Polygon","coordinates":[[[-70.63102,-33.55807],[-70.63071,-33.55981],[-70.61223,-33.55561],[-70.61044,-33.56196],[-70.61252,-33.56218],[-70.60936,-33.58664],[-70.60852,-33.58692],[-70.60597,-33.60202],[-70.62692,-33.60467],[-70.62651,-33.61881],[-70.62868,-33.62779],[-70.64314,-33.62722],[-70.64221,-33.61983],[-70.64435,-33.61962],[-70.64316,-33.60991],[-70.67062,-33.60748],[-70.66282,-33.58389],[-70.65488,-33.55498],[-70.63102,-33.55807]]]}},{"type":"Feature","properties":{"comuna":"Las Condes","region":"Región Metropolitana de Santiago","codregion":13},"geometry":{"type":"Polygon","coordinates":[[[-70.51757,-33.37276],[-70.51263,-33.371],[-70.5044,-33.36956],[-70.49927,-33.36716],[-70.4957,-33.36696],[-70.49278,-33.36462],[-70.48849,-33.36471],[-70.48446,-33.36428],[-70.4785,-33.36631],[-70.47653,-33.36738],[-70.47548,-33.36878],[-70.481,-33.37122],[-70.48131,-33.37282],[-70.4835,-33.37684],[-70.48361,-33.37916],[-70.48293,-33.38072],[-70.47952,-33.38468],[-70.48012,-33.38658],[-70.47918,-33.38933],[-70.4773,-33.39131],[-70.47713,-33.39435],[-70.46283,-33.39535],[-70.45937,-33.39658],[-70.45449,-33.39735],[-70.4534,-33.39998],[-70.45342,-33.40545],[-70.45405,-33.40913],[-70.45353,-33.41651],[-70.45152,-33.41927],[-70.44487,-33.42435],[-70.43498,-33.4272],[-70.43402,-33.42876],[-70.43366,-33.43281],[-70.43092,-33.43873],[-70.43214,-33.44383],[-70.43147,-33.44633],[-70.42938,-33.44862],[-70.42865,-33.45172],[-70.42918,-33.45397],[-70.42811,-33.45815],[-70.4296,-33.46224],[-70.43069,-33.46353],[-70.43326,-33.46469],[-70.43463,-33.46611],[-70.43545,-33.46806],[-70.43532,-33.46931],[-70.43353,-33.47225],[-70.4334,-33.47338],[-70.43442,-33.48097],[-70.43617,-33.48185],[-70.43776,-33.4835],[-70.43915,-33.48661],[-70.44586,-33.48541],[-70.44997,-33.48317],[-70.45211,-33.48245],[-70.46112,-33.47605],[-70.46573,-33.47541],[-70.47199,-33.47543],[-70.47504,-33.47359],[-70.4788,-33.46912],[-70.48354,-33.465],[-70.48579,-33.46386],[-70.48783,-33.45925],[-70.48879,-33.45822],[-70.48968,-33.45572],[-70.49282,-33.45371],[-70.49636,-33.45039],[-70.49622,-33.44669],[-70.5005,-33.44316],[-70.5029,-33.43956],[-70.50456,-33.43819],[-70.50948,-33.43571],[-70.51502,-33.43538],[-70.52303,-33.43161],[-70.53793,-33.43343],[-70.53876,-33.43166],[-70.53908,-33.42893],[-70.55408,-33.43043],[-70.58445,-33.43178],[-70.58742,-33.42894],[-70.60257,-33.41737],[-70.60467,-33.41706],[-70.60787,-33.41548],[-70.60587,-33.40928],[-70.60226,-33.4084],[-70.59967,-33.40834],[-70.58664,-33.40417],[-70.57194,-33.39814],[-70.55414,-33.39232],[-70.54343,-33.38814],[-70.53389,-33.38382],[-70.52709,-33.37715],[-70.52494,-33.37587],[-70.51757,-33.37276]]]}},{"type":"Feature","properties":{"comuna":"Lo Barnechea","region":"Región Metropolitana de Santiago","codregion":13},"geometry":{"type":"Polygon","coordinates":[[[-70.43442,-33.48097],[-70.4334,-33.47338],[-70.43353,-33.47225],[-70.43532,-33.46931],[-70.43545,-33.46806],[-70.43463,-33.46611],[-70.43326,-33.46469],[-70.43069,-33.46353],[-70.4296,-33.46224],[-70.42811,-33.45815],[-70.42918,-33.45397],[-70.42865,-33.45172],[-70.42938,-33.44862],[-70.43147,-33.44633],[-70.43214,-33.44383],[-70.43092,-33.43873],[-70.43366,-33.43281],[-70.43402,-33.42876],[-70.43498,-33.4272],[-70.43618,-33.42665],[-70.44487,-33.42435],[-70.45152,-33.41927],[-70.45353,-33.41651],[-70.45405,-33.40913],[-70.45342,-33.40545],[-70.4534,-33.39998],[-70.45449,-33.39735],[-70.45937,-33.39658],[-70.46283,-33.39535],[-70.47713,-33.39435],[-70.4773,-33.39131],[-70.47918,-33.38933],[-70.48012,-33.38658],[-70.47952,-33.38468],[-70.48293,-33.38072],[-70.48361,-33.37916],[-70.4835,-33.37684],[-70.48131,-33.37282],[-70.481,-33.37122],[-70.47548,-33.36878],[-70.47653,-33.36738],[-70.4785,-33.36631],[-70.48446,-33.36428],[-70.48849,-33.36471],[-70.49278,-33.36462],[-70.4957,-33.36696],[-70.49927,-33.36716],[-70.5044,-33.36956],[-70.51263,-33.371],[-70.51761,-33.37271],[-70.51947,-33.37037],[-70.52486,-33.3695],[-70.53107,-33.37063],[-70.53958,-33.37052],[-70.54118,-33.37007],[-70.54485,-33.36612],[-70.54772,-33.36388],[-70.5489,-33.36047],[-70.55034,-33.35928],[-70.56026,-33.35852],[-70.56414,-33.3576],[-70.56611,-33.35598],[-70.56759,-33.35547],[-70.57155,-33.35598],[-70.5734,-33.3555],[-70.5754,-33.35307],[-70.57716,-33.35218],[-70.58015,-33.35197],[-70.58252,-33.35097],[-70.58811,-33.34671],[-70.58888,-33.34576],[-70.59093,-33.33974],[-70.59273,-33.3386],[-70.59534,-33.33811],[-70.59609,-33.33706],[-70.5942,-33.33563],[-70.59367,-33.3345],[-70.59407,-33.33181],[-70.59541,-33.33052],[-70.5956,-33.32875],[-70.5972,-33.32752],[-70.60023,-33.32101],[-70.60029,-33.31666],[-70.60207,-33.31384],[-70.6036,-33.31278],[-70.60456,-33.31068],[-70.6029,-33.30987],[-70.60171,-33.30831],[-70.60006,-33.3075],[-70.59725,-33.30864],[-70.5962,-33.30843],[-70.5957,-33.30685],[-70.59388,-33.30524],[-70.59156,-33.30404],[-70.59107,-33.30216],[-70.59272,-33.30089],[-70.59238,-33.29919],[-70.58757,-33.29604],[-70.58568,-33.29566],[-70.58336,-33.29358],[-70.58119,-33.29252],[-70.57924,-33.29236],[-70.57625,-33.29084],[-70.57452,-33.28944],[-70.57446,-33.28655],[-70.57314,-33.28438],[-70.57296,-33.28272],[-70.57161,-33.28108],[-70.57076,-33.27798],[-70.57283,-33.27587],[-70.57194,-33.27358],[-70.57329,-33.27194],[-70.57384,-33.26641],[-70.57332,-33.26505],[-70.56957,-33.26186],[-70.56828,-33.25919],[-70.56813,-33.25717],[-70.56615,-33.25564],[-70.56413,-33.25473],[-70.56276,-33.25342],[-70.56128,-33.25305],[-70.55986,-33.25148],[-70.56195,-33.24846],[-70.56062,-33.24521],[-70.55889,-33.24363],[-70.55829,-33.24188],[-70.55682,-33.24141],[-70.5513,-33.24199],[-70.54909,-33.24129],[-70.54628,-33.24113],[-70.5447,-33.24039],[-70.54338,-33.23882],[-70.53911,-33.23928],[-70.5371,-33.24009],[-70.53271,-33.23926],[-70.52877,-33.23943],[-70.52491,-33.23908],[-70.52215,-33.23774],[-70.52166,-33.23648],[-70.51976,-33.23517],[-70.51808,-33.23315],[-70.51564,-33.23151],[-70.51475,-33.22853],[-70.51312,-33.22558],[-70.51394,-33.22271],[-70.51302,-33.2202],[-70.5092,-33.21913],[-70.5068,-33.21915],[-70.50126,-33.22055],[-70.49924,-33.22037],[-70.49466,-33.21845],[-70.49276,-33.21833],[-70.49039,-33.21896],[-70.48331,-33.21798],[-70.47879,-33.2186],[-70.47459,-33.22005],[-70.4732,-33.21958],[-70.47056,-33.21721],[-70.47042,-33.21395],[-70.46994,-33.21249],[-70.47009,-33.20965],[-70.46856,-33.20706],[-70.46631,-33.20543],[-70.46501,-33.20326],[-70.46525,-33.20213],[-70.46781,-33.2013],[-70.46769,-33.19643],[-70.46726,-33.19527],[-70.46534,-33.19324],[-70.46152,-33.19098],[-70.45942,-33.18878],[-70.45995,-33.1856],[-70.45951,-33.18227],[-70.46007,-33.181],[-70.46219,-33.17917],[-70.46227,-33.17762],[-70.45355,-33.17156],[-70.45505,-33.16981],[-70.45407,-33.16745],[-70.45195,-33.16572],[-70.45052,-33.16355],[-70.44842,-33.16253],[-70.44482,-33.15966],[-70.44502,-33.15709],[-70.44124,-33.14935],[-70.44118,-33.14702],[-70.43789,-33.14525],[-70.43649,-33.1438],[-70.43393,-33.13756],[-70.43283,-33.13628],[-70.43056,-33.1349],[-70.43044,-33.13366],[-70.42834,-33.13038],[-70.42531,-33.12845],[-70.42184,-33.12786],[-70.42093,-33.12638],[-70.41787,-33.12384],[-70.41441,-33.12299],[-70.41256,-33.12318],[-70.41075,-33.12259],[-70.4069,-33.1222],[-70.40331,-33.12259],[-70.39998,-33.12174],[-70.39796,-33.12167],[-70.39347,-33.11824],[-70.39115,-33.11795],[-70.38992,-33.11687],[-70.38637,-33.11529],[-70.38426,-33.11237],[-70.3842,-33.11103],[-70.38287,-33.10943],[-70.38137,-33.1089],[-70.37823,-33.10899],[-70.37357,-33.10573],[-70.37149,-33.10574],[-70.36909,-33.10674],[-70.36538,-33.10721],[-70.36133,-33.10698],[-70.35352,-33.10515],[-70.35042,-33.10497],[-70.34829,-33.10395],[-70.34498,-33.10332],[-70.34328,-33.10193],[-70.34335,-33.09895],[-70.34284,-33.097],[-70.33875,-33.09643],[-70.33668,-33.09679],[-70.33389,-33.09795],[-70.33061,-33.10147],[-70.32949,-33.10209],[-70.32409,-33.10206],[-70.32069,-33.10342],[-70.32059,-33.1057],[-70.3194,-33.10891],[-70.31766,-33.10978],[-70.31387,-33.10967],[-70.31108,-33.10844],[-70.30961,-33.10884],[-70.30373,-33.11304],[-70.30012,-33.11281],[-70.29814,-33.11622],[-70.29824,-33.11793],[-70.29681,-33.12004],[-70.29701,-33.12313],[-70.2954,-33.12663],[-70.29231,-33.12973],[-70.28794,-33.13185],[-70.27289,-33.13107],[-70.27141,-33.132],[-70.26967,-33.13549],[-70.26982,-33.14204],[-70.27145,-33.14756],[-70.27088,-33.15479],[-70.26934,-33.15646],[-70.26899,-33.15803],[-70.26927,-33.16099],[-70.26786,-33.16429],[-70.26516,-33.16686],[-70.26508,-33.17395],[-70.26544,-33.17628],[-70.26681,-33.17995],[-70.26692,-33.18152],[-70.26418,-33.18345],[-70.26058,-33.18466],[-70.2542,-33.18512],[-70.24866,-33.18688],[-70.24373,-33.187],[-70.24265,-33.18807],[-70.24162,-33.19078],[-70.23983,-33.19215],[-70.2402,-33.19673],[-70.23982,-33.19798],[-70.23733,-33.20164],[-70.23559,-33.20268],[-70.23199,-33.2031],[-70.23044,-33.20401],[-70.22615,-33.21138],[-70.22374,-33.21355],[-70.21839,-33.21684],[-70.21772,-33.21785],[-70.2176,-33.22298],[-70.2202,-33.22427],[-70.22072,-33.22697],[-70.22276,-33.22791],[-70.22332,-33.23027],[-70.22151,-33.23634],[-70.22082,-33.23735],[-70.21694,-33.23939],[-70.21465,-33.2442],[-70.21286,-33.24614],[-70.2094,-33.24794],[-70.20822,-33.25012],[-70.20907,-33.25245],[-70.20999,-33.25338],[-70.21055,-33.25934],[-70.20453,-33.26267],[-70.20355,-33.26442],[-70.20086,-33.26676],[-70.19825,-33.27238],[-70.20022,-33.27684],[-70.20048,-33.27863],[-70.19949,-33.28052],[-70.19903,-33.28726],[-70.1993,-33.29031],[-70.19888,-33.29156],[-70.19501,-33.29609],[-70.1929,-33.29742],[-70.18797,-33.30503],[-70.18653,-33.30883],[-70.18674,-33.31136],[-70.18447,-33.31573],[-70.18208,-33.32209],[-70.18269,-33.32539],[-70.18159,-33.33262],[-70.18234,-33.33666],[-70.18208,-33.33806],[-70.17916,-33.34129],[-70.17805,-33.34392],[-70.17592,-33.34561],[-70.17618,-33.34726],[-70.17909,-33.34901],[-70.18024,-33.35069],[-70.17731,-33.35555],[-70.17726,-33.35651],[-70.17956,-33.35816],[-70.18122,-33.36008],[-70.18163,-33.36246],[-70.18692,-33.36312],[-70.19,-33.36468],[-70.19183,-33.36663],[-70.19207,-33.36929],[-70.19418,-33.37164],[-70.19443,-33.37335],[-70.19321,-33.37608],[-70.19402,-33.37729],[-70.19596,-33.37811],[-70.19844,-33.38082],[-70.19906,-33.38484],[-70.20055,-33.38672],[-70.20318,-33.39155],[-70.20904,-33.39443],[-70.21246,-33.3954],[-70.214,-33.39638],[-70.21777,-33.40062],[-70.21808,-33.40261],[-70.21695,-33.40442],[-70.21743,-33.40885],[-70.21898,-33.41227],[-70.22151,-33.41409],[-70.22413,-33.41493],[-70.226,-33.41628],[-70.22884,-33.41945],[-70.23618,-33.42396],[-70.23625,-33.4261],[-70.23831,-33.42944],[-70.24125,-33.43086],[-70.24282,-33.43278],[-70.24418,-33.4358],[-70.246,-33.43673],[-70.24859,-33.43735],[-70.25095,-33.43884],[-70.2536,-33.43917],[-70.25452,-33.43978],[-70.25548,-33.44213],[-70.25801,-33.44388],[-70.26373,-33.44437],[-70.26682,-33.44537],[-70.27306,-33.44939],[-70.27619,-33.45281],[-70.28255,-33.45564],[-70.28346,-33.4537],[-70.28534,-33.45237],[-70.28934,-33.45198],[-70.29228,-33.45105],[-70.29758,-33.45181],[-70.29919,-33.45282],[-70.29944,-33.45558],[-70.29899,-33.45718],[-70.30083,-33.46076],[-70.30465,-33.46453],[-70.3066,-33.46529],[-70.31504,-33.46656],[-70.31958,-33.47152],[-70.32156,-33.47274],[-70.32526,-33.47313],[-70.33455,-33.47672],[-70.34042,-33.48428],[-70.34616,-33.48877],[-70.34822,-33.48994],[-70.3513,-33.49058],[-70.35188,-33.48831],[-70.35382,-33.48643],[-70.3571,-33.4864],[-70.35925,-33.4872],[-70.36105,-33.48715],[-70.36351,-33.4859],[-70.37274,-33.48289],[-70.37646,-33.48271],[-70.3793,-33.48308],[-70.38301,-33.48532],[-70.38851,-33.48671],[-70.39335,-33.4905],[-70.39685,-33.48983],[-70.4014,-33.48996],[-70.40409,-33.48907],[-70.40708,-33.48724],[-70.41567,-33.48308],[-70.41954,-33.4819],[-70.42554,-33.48328],[-70.42777,-33.48422],[-70.42917,-33.48404],[-70.42932,-33.48223],[-70.43442,-33.48097]]]}},{"type":"Feature","properties":{"comuna":"Lo Espejo","region":"Región Metropolitana de Santiago","codregion":13},"geometry":{"type":"Polygon","coordinates":[[[-70.67123,-33.51069],[-70.67702,-33.52315],[-70.68576,-33.53897],[-70.70674,-33.53123],[-70.706,-33.52413],[-70.69541,-33.50243],[-70.69411,-33.50243],[-70.68268,-33.50635],[-70.67813,-33.5083],[-70.67667,-33.50837],[-70.67123,-33.51069]]]}},{"type":"Feature","properties":{"comuna":"Lo Prado","region":"Región Metropolitana de Santiago","codregion":13},"geometry":{"type":"Polygon","coordinates":[[[-70.72868,-33.45541],[-70.73893,-33.45344],[-70.73945,-33.44663],[-70.74064,-33.44559],[-70.7408,-33.43639],[-70.73021,-33.43625],[-70.72421,-33.43769],[-70.72241,-33.43893],[-70.72146,-33.43663],[-70.71098,-33.4381],[-70.70707,-33.43805],[-70.70735,-33.442],[-70.70714,-33.4488],[-70.70559,-33.45716],[-70.71042,-33.45829],[-70.71296,-33.45845],[-70.72868,-33.45541]]]}},{"type":"Feature","properties":{"comuna":"Macul","region":"Región Metropolitana de Santiago","codregion":13},"geometry":{"type":"Polygon","coordinates":[[[-70.57682,-33.47027],[-70.58078,-33.48999],[-70.58726,-33.50031],[-70.58953,-33.50609],[-70.59,-33.51016],[-70.61366,-33.50835],[-70.61849,-33.48753],[-70.6199,-33.48609],[-70.623,-33.47493],[-70.59875,-33.4737],[-70.5921,-33.47388],[-70.5878,-33.47442],[-70.58646,-33.47376],[-70.58319,-33.47307],[-70.57729,-33.47003],[-70.57682,-33.47027]]]}},{"type":"Feature","properties":{"comuna":"Maipú","region":"Región Metropolitana de Santiago","codregion":13},"geometry":{"type":"Polygon","coordinates":[[[-70.73443,-33.46997],[-70.73381,-33.46962],[-70.72237,-33.47339],[-70.72373,-33.48047],[-70.72467,-33.48268],[-70.72663,-33.48228],[-70.72857,-33.4834],[-70.73146,-33.48276],[-70.73155,-33.49491],[-70.73334,-33.49638],[-70.74009,-33.51012],[-70.73393,-33.50976],[-70.72334,-33.51004],[-70.71852,-33.51408],[-70.73283,-33.53186],[-70.76338,-33.56643],[-70.76742,-33.57196],[-70.77314,-33.57086],[-70.78556,-33.56743],[-70.80464,-33.55095],[-70.81599,-33.54372],[-70.81373,-33.5413],[-70.80851,-33.53843],[-70.80558,-33.53591],[-70.80555,-33.53409],[-70.8042,-33.53265],[-70.80446,-33.53077],[-70.80525,-33.53009],[-70.8089,-33.52879],[-70.81289,-33.53097],[-70.81446,-33.53343],[-70.81618,-33.53482],[-70.81765,-33.53747],[-70.81865,-33.53812],[-70.82529,-33.53712],[-70.8272,-33.53619],[-70.82923,-33.53671],[-70.83057,-33.53594],[-70.83617,-33.53444],[-70.839,-33.53495],[-70.84349,-33.53422],[-70.85225,-33.53766],[-70.85236,-33.53644],[-70.85623,-33.53316],[-70.85797,-33.53097],[-70.86001,-33.53033],[-70.86327,-33.53084],[-70.86565,-33.53075],[-70.86792,-33.53155],[-70.86978,-33.53157],[-70.87172,-33.53271],[-70.87654,-33.5318],[-70.87876,-33.53038],[-70.88021,-33.53014],[-70.88342,-33.52831],[-70.88571,-33.52834],[-70.88826,-33.52691],[-70.8903,-33.52322],[-70.89187,-33.5223],[-70.89236,-33.52035],[-70.89493,-33.51987],[-70.89872,-33.51737],[-70.90103,-33.51406],[-70.90495,-33.51139],[-70.90981,-33.50954],[-70.91213,-33.50962],[-70.91487,-33.51085],[-70.91765,-33.51064],[-70.92131,-33.51142],[-70.92312,-33.50923],[-70.92806,-33.50832],[-70.93006,-33.50579],[-70.93005,-33.50213],[-70.92831,-33.49849],[-70.92615,-33.49675],[-70.9257,-33.4942],[-70.92422,-33.49034],[-70.92143,-33.48832],[-70.91517,-33.48748],[-70.91328,-33.48638],[-70.91236,-33.48473],[-70.91083,-33.48388],[-70.90607,-33.48292],[-70.895,-33.47849],[-70.89195,-33.47805],[-70.88582,-33.47834],[-70.88372,-33.47812],[-70.87913,-33.47668],[-70.87674,-33.47676],[-70.87017,-33.47848],[-70.86016,-33.4799],[-70.84953,-33.47991],[-70.84835,-33.47929],[-70.84794,-33.4768],[-70.84386,-33.47138],[-70.84214,-33.46774],[-70.84067,-33.46693],[-70.83494,-33.46687],[-70.82919,-33.46563],[-70.82677,-33.46699],[-70.81853,-33.46686],[-70.81454,-33.46604],[-70.80974,-33.46254],[-70.80645,-33.46098],[-70.80471,-33.46307],[-70.79663,-33.46313],[-70.79666,-33.46044],[-70.78387,-33.46247],[-70.7772,-33.4629],[-70.77581,-33.45821],[-70.76505,-33.45926],[-70.76346,-33.46382],[-70.73792,-33.46845],[-70.73695,-33.47141],[-70.73443,-33.46997]]]}},{"type":"Feature","properties":{"comuna":"Ñuñoa","region":"Región Metropolitana de Santiago","codregion":13},"geometry":{"type":"Polygon","coordinates":[[[-70.57681,-33.47024],[-70.57729,-33.47003],[-70.58319,-33.47307],[-70.58646,-33.47376],[-70.5878,-33.47442],[-70.5921,-33.47388],[-70.59875,-33.4737],[-70.623,-33.47493],[-70.62451,-33.47],[-70.62607,-33.46858],[-70.63153,-33.44984],[-70.61876,-33.44727],[-70.61843,-33.44838],[-70.61374,-33.44757],[-70.61389,-33.44683],[-70.60877,-33.44574],[-70.59918,-33.44468],[-70.59795,-33.44484],[-70.59279,-33.44777],[-70.587,-33.43921],[-70.58224,-33.43378],[-70.57875,-33.43575],[-70.57361,-33.43794],[-70.57081,-33.45351],[-70.57225,-33.45901],[-70.57681,-33.47024]]]}},{"type":"Feature","properties":{"comuna":"Pedro Aguirre Cerda","region":"Región Metropolitana de Santiago","codregion":13},"geometry":{"type":"Polygon","coordinates":[[[-70.67123,-33.51069],[-70.67667,-33.50837],[-70.67813,-33.5083],[-70.68268,-33.50635],[-70.69411,-33.50243],[-70.69541,-33.50243],[-70.68614,-33.48206],[-70.6857,-33.47811],[-70.67169,-33.47847],[-70.67173,-33.47639],[-70.6712,-33.47628],[-70.66106,-33.47612],[-70.65507,-33.47672],[-70.67123,-33.51069]]]}},{"type":"Feature","properties":{"comuna":"Pudahuel","region":"Región Metropolitana de Santiago","codregion":13},"geometry":{"type":"Polygon","coordinates":[[[-70.75657,-33.38378],[-70.78237,-33.40525],[-70.78211,-33.41696],[-70.78102,-33.41741],[-70.77937,-33.42006],[-70.77792,-33.42113],[-70.77713,-33.42309],[-70.77566,-33.4245],[-70.77209,-33.42566],[-70.76973,-33.42581],[-70.7671,-33.42684],[-70.76665,-33.42589],[-70.76288,-33.4277],[-70.75695,-33.42732],[-70.74669,-33.42997],[-70.74077,-33.4299],[-70.74064,-33.44559],[-70.73945,-33.44663],[-70.73893,-33.45344],[-70.73129,-33.45491],[-70.73141,-33.46814],[-70.73695,-33.47141],[-70.73792,-33.46845],[-70.76346,-33.46382],[-70.76505,-33.45926],[-70.77581,-33.45821],[-70.7772,-33.4629],[-70.78387,-33.46247],[-70.79666,-33.46044],[-70.79663,-33.46313],[-70.80471,-33.46307],[-70.80645,-33.46098],[-70.80974,-33.46254],[-70.81454,-33.46604],[-70.81853,-33.46686],[-70.82677,-33.46699],[-70.82919,-33.46563],[-70.83494,-33.46687],[-70.84067,-33.46693],[-70.84214,-33.46774],[-70.84386,-33.47138],[-70.84794,-33.4768],[-70.84835,-33.47929],[-70.84953,-33.47991],[-70.86016,-33.4799],[-70.87017,-33.47848],[-70.87674,-33.47676],[-70.87913,-33.47668],[-70.88372,-33.47812],[-70.88582,-33.47834],[-70.89195,-33.47805],[-70.895,-33.47849],[-70.90607,-33.48292],[-70.91083,-33.48388],[-70.91236,-33.48473],[-70.91328,-33.48638],[-70.91517,-33.48748],[-70.92143,-33.48832],[-70.92164,-33.48733],[-70.92686,-33.48109],[-70.9293,-33.47722],[-70.93257,-33.47551],[-70.93582,-33.47568],[-70.93773,-33.47537],[-70.93882,-33.47397],[-70.94241,-33.47164],[-70.94387,-33.47156],[-70.94806,-33.4696],[-70.9487,-33.46854],[-70.94848,-33.46466],[-70.95042,-33.46263],[-70.95052,-33.46119],[-70.94935,-33.45904],[-70.94977,-33.45737],[-70.94989,-33.45354],[-70.95149,-33.45135],[-70.95384,-33.44982],[-70.95493,-33.44797],[-70.95512,-33.44475],[-70.95424,-33.44099],[-70.95433,-33.43825],[-70.95379,-33.43739],[-70.95042,-33.43685],[-70.94967,-33.43627],[-70.94831,-33.4318],[-70.94836,-33.42734],[-70.94705,-33.42188],[-70.94714,-33.41896],[-70.94676,-33.41717],[-70.94888,-33.41599],[-70.95144,-33.41297],[-70.95024,-33.40884],[-70.95047,-33.40375],[-70.95203,-33.40156],[-70.95202,-33.3994],[-70.95041,-33.39673],[-70.94875,-33.39176],[-70.94832,-33.38631],[-70.94366,-33.38151],[-70.93742,-33.37965],[-70.93331,-33.37886],[-70.93179,-33.37726],[-70.92871,-33.37688],[-70.92636,-33.37586],[-70.92351,-33.37548],[-70.91742,-33.37281],[-70.91549,-33.3706],[-70.91396,-33.3698],[-70.91111,-33.3692],[-70.91026,-33.36843],[-70.90733,-33.36845],[-70.90378,-33.37052],[-70.90199,-33.37101],[-70.8997,-33.3732],[-70.8958,-33.37412],[-70.89248,-33.37546],[-70.88774,-33.37519],[-70.88151,-33.37608],[-70.87797,-33.3754],[-70.87566,-33.37357],[-70.87439,-33.37359],[-70.87089,-33.37546],[-70.86292,-33.37572],[-70.85329,-33.37953],[-70.85059,-33.38124],[-70.8476,-33.38173],[-70.84319,-33.38391],[-70.83919,-33.38529],[-70.83756,-33.38458],[-70.83698,-33.38238],[-70.83257,-33.38089],[-70.83289,-33.37885],[-70.83224,-33.37779],[-70.82951,-33.37619],[-70.82934,-33.37475],[-70.82775,-33.37179],[-70.82544,-33.3711],[-70.82398,-33.3695],[-70.82285,-33.36573],[-70.82077,-33.36269],[-70.81913,-33.36278],[-70.81571,-33.3615],[-70.81436,-33.36034],[-70.81121,-33.35934],[-70.81122,-33.35802],[-70.80814,-33.35515],[-70.80719,-33.3535],[-70.80413,-33.35162],[-70.80364,-33.35048],[-70.79965,-33.35304],[-70.76877,-33.37628],[-70.76341,-33.37899],[-70.75657,-33.38378]]]}},{"type":"Feature","properties":{"comuna":"Quilicura","region":"Región Metropolitana de Santiago","codregion":13},"geometry":{"type":"Polygon","coordinates":[[[-70.69618,-33.38209],[-70.70489,-33.38372],[-70.70754,-33.38639],[-70.7082,-33.38782],[-70.71124,-33.39116],[-70.71471,-33.39019],[-70.71622,-33.39021],[-70.71953,-33.39193],[-70.72341,-33.39241],[-70.72588,-33.3911],[-70.72755,-33.39145],[-70.72845,-33.39275],[-70.73019,-33.39145],[-70.73205,-33.39155],[-70.73344,-33.39239],[-70.73714,-33.39334],[-70.7404,-33.38988],[-70.74286,-33.38941],[-70.74849,-33.38923],[-70.75077,-33.38819],[-70.75101,-33.38563],[-70.75416,-33.38486],[-70.75657,-33.38378],[-70.76341,-33.37899],[-70.76877,-33.37628],[-70.79965,-33.35304],[-70.80364,-33.35048],[-70.80188,-33.3477],[-70.79879,-33.3449],[-70.79778,-33.34005],[-70.79788,-33.33847],[-70.79349,-33.34127],[-70.71883,-33.32461],[-70.71826,-33.32589],[-70.7085,-33.32282],[-70.70899,-33.32114],[-70.71073,-33.31897],[-70.70727,-33.31891],[-70.69949,-33.32047],[-70.69816,-33.32097],[-70.69466,-33.32367],[-70.69209,-33.32405],[-70.69044,-33.32543],[-70.69019,-33.32738],[-70.6894,-33.32861],[-70.68668,-33.32879],[-70.68501,-33.32964],[-70.68373,-33.32922],[-70.68129,-33.331],[-70.68088,-33.33417],[-70.68115,-33.33575],[-70.6801,-33.33755],[-70.68041,-33.33838],[-70.68269,-33.33987],[-70.68525,-33.34068],[-70.68745,-33.34255],[-70.68785,-33.34556],[-70.68869,-33.34749],[-70.69336,-33.35161],[-70.68944,-33.3638],[-70.68928,-33.36624],[-70.69257,-33.3659],[-70.70032,-33.36617],[-70.69355,-33.38134],[-70.69469,-33.38169],[-70.69405,-33.38342],[-70.69548,-33.38378],[-70.69618,-33.38209]]]}},{"type":"Feature","properties":{"comuna":"Quinta Normal","region":"Región Metropolitana de Santiago","codregion":13},"geometry":{"type":"Polygon","coordinates":[[[-70.69305,-33.41515],[-70.69113,-33.41802],[-70.68662,-33.42032],[-70.67139,-33.42652],[-70.67183,-33.42831],[-70.67666,-33.42683],[-70.67817,-33.42686],[-70.67988,-33.42791],[-70.68072,-33.42982],[-70.68007,-33.43845],[-70.68134,-33.43616],[-70.68382,-33.43668],[-70.68545,-33.4388],[-70.69155,-33.4395],[-70.69231,-33.44794],[-70.69826,-33.44772],[-70.70714,-33.4488],[-70.70735,-33.442],[-70.70707,-33.43805],[-70.71098,-33.4381],[-70.72146,-33.43663],[-70.71669,-33.41641],[-70.71592,-33.41512],[-70.72263,-33.41182],[-70.7227,-33.41141],[-70.72134,-33.41068],[-70.71667,-33.40969],[-70.71247,-33.40778],[-70.70527,-33.40762],[-70.70403,-33.40798],[-70.69566,-33.41302],[-70.69305,-33.41515]]]}},{"type":"Feature","properties":{"comuna":"Recoleta","region":"Región Metropolitana de Santiago","codregion":13},"geometry":{"type":"Polygon","coordinates":[[[-70.65161,-33.43215],[-70.65104,-33.42336],[-70.65011,-33.4177],[-70.65291,-33.41747],[-70.65298,-33.41294],[-70.65348,-33.41293],[-70.65356,-33.4093],[-70.65311,-33.40648],[-70.65721,-33.40525],[-70.65818,-33.40055],[-70.65716,-33.39207],[-70.6574,-33.38884],[-70.65712,-33.38678],[-70.65773,-33.3784],[-70.65682,-33.37654],[-70.64526,-33.38076],[-70.64138,-33.38269],[-70.62789,-33.39259],[-70.62495,-33.39415],[-70.61056,-33.40502],[-70.61211,-33.408],[-70.61676,-33.41027],[-70.6224,-33.41626],[-70.62711,-33.41944],[-70.63032,-33.42002],[-70.63235,-33.4216],[-70.63624,-33.43077],[-70.63536,-33.43592],[-70.65161,-33.43215]]]}},{"type":"Feature","properties":{"comuna":"Renca","region":"Región Metropolitana de Santiago","codregion":13},"geometry":{"type":"Polygon","coordinates":[[[-70.69618,-33.38209],[-70.69548,-33.38378],[-70.69405,-33.38342],[-70.69469,-33.38169],[-70.69355,-33.38134],[-70.68993,-33.38939],[-70.6806,-33.40542],[-70.6787,-33.41733],[-70.67713,-33.42001],[-70.67448,-33.42211],[-70.67118,-33.42595],[-70.67139,-33.42652],[-70.68662,-33.42032],[-70.69113,-33.41802],[-70.69305,-33.41515],[-70.69566,-33.41302],[-70.70403,-33.40798],[-70.70527,-33.40762],[-70.71247,-33.40778],[-70.71667,-33.40969],[-70.7196,-33.41015],[-70.7227,-33.41141],[-70.72281,-33.41192],[-70.72788,-33.4139],[-70.73196,-33.41271],[-70.7371,-33.41226],[-70.74056,-33.41261],[-70.75185,-33.41217],[-70.76236,-33.41266],[-70.77192,-33.41462],[-70.77303,-33.41402],[-70.7767,-33.4136],[-70.78226,-33.4137],[-70.78237,-33.40525],[-70.75657,-33.38378],[-70.75416,-33.38486],[-70.75101,-33.38563],[-70.75077,-33.38819],[-70.74849,-33.38923],[-70.74286,-33.38941],[-70.7404,-33.38988],[-70.73714,-33.39334],[-70.73344,-33.39239],[-70.73205,-33.39155],[-70.73019,-33.39145],[-70.72845,-33.39275],[-70.72755,-33.39145],[-70.72588,-33.3911],[-70.72341,-33.39241],[-70.71953,-33.39193],[-70.71622,-33.39021],[-70.71471,-33.39019],[-70.71124,-33.39116],[-70.7082,-33.38782],[-70.70754,-33.38639],[-70.70489,-33.38372],[-70.69618,-33.38209]]]}},{"type":"Feature","properties":{"comuna":"El Monte","region":"Región Metropolitana de Santiago","codregion":13},"geometry":{"type":"Polygon","coordinates":[[[-70.96786,-33.62406],[-70.96702,-33.62484],[-70.96663,-33.6279],[-70.96673,-33.6321],[-70.96444,-33.63554],[-70.96429,-33.63706],[-70.96264,-33.63912],[-70.96254,-33.64101],[-70.96081,-33.64278],[-70.9609,-33.64468],[-70.95912,-33.64758],[-70.95664,-33.6493],[-70.95609,-33.65114],[-70.95419,-33.65253],[-70.95126,-33.6527],[-70.94761,-33.65381],[-70.94597,-33.65502],[-70.94195,-33.65604],[-70.93916,-33.65814],[-70.9372,-33.65841],[-70.93584,-33.6593],[-70.93692,-33.66103],[-70.93663,-33.66302],[-70.94005,-33.66405],[-70.94586,-33.66734],[-70.95128,-33.66769],[-70.95384,-33.66917],[-70.95439,-33.67025],[-70.95686,-33.67229],[-70.95933,-33.67293],[-70.96065,-33.67381],[-70.96322,-33.67433],[-70.96401,-33.675],[-70.96734,-33.67581],[-70.97172,-33.6785],[-70.97418,-33.68061],[-70.97638,-33.68094],[-70.98006,-33.68529],[-70.98433,-33.68693],[-70.98554,-33.68812],[-70.98771,-33.6888],[-70.99267,-33.68897],[-70.99888,-33.69268],[-71.00312,-33.69296],[-71.00446,-33.69402],[-71.00503,-33.69581],[-71.0064,-33.69734],[-71.00804,-33.69753],[-71.01086,-33.69922],[-71.0113,-33.70139],[-71.01264,-33.70295],[-71.01389,-33.70563],[-71.01816,-33.70599],[-71.02054,-33.70834],[-71.02184,-33.70854],[-71.02283,-33.71014],[-71.02537,-33.71224],[-71.026,-33.71384],[-71.02617,-33.71632],[-71.02868,-33.71887],[-71.03137,-33.71968],[-71.0345,-33.71896],[-71.03763,-33.71656],[-71.04229,-33.71565],[-71.04635,-33.71601],[-71.04844,-33.71754],[-71.05215,-33.71914],[-71.05416,-33.71902],[-71.06011,-33.7199],[-71.06181,-33.72078],[-71.06378,-33.72069],[-71.06895,-33.72172],[-71.07198,-33.72035],[-71.07808,-33.7206],[-71.08054,-33.71961],[-71.08233,-33.71784],[-71.08557,-33.71745],[-71.08839,-33.71584],[-71.09042,-33.71361],[-71.09728,-33.7077],[-71.10269,-33.70543],[-71.10216,-33.70121],[-71.10235,-33.69891],[-71.10089,-33.6954],[-71.10082,-33.69259],[-71.11325,-33.68465],[-71.11417,-33.68328],[-71.10575,-33.68542],[-71.09789,-33.63418],[-71.09001,-33.63319],[-71.08694,-33.63149],[-71.08319,-33.62773],[-71.07953,-33.62772],[-71.07362,-33.62841],[-71.07165,-33.6293],[-71.06947,-33.63096],[-71.06503,-33.63257],[-71.06261,-33.63247],[-71.06131,-33.6348],[-71.0607,-33.63712],[-71.05963,-33.63798],[-71.05436,-33.63781],[-71.05142,-33.63668],[-71.04826,-33.63656],[-71.04051,-33.63944],[-71.03603,-33.64294],[-71.03351,-33.64089],[-71.03237,-33.63643],[-71.03206,-33.63285],[-71.03055,-33.62939],[-71.02776,-33.62715],[-71.02379,-33.62793],[-71.01866,-33.62825],[-71.01147,-33.62565],[-71.01014,-33.62467],[-71.00572,-33.61951],[-71.00271,-33.61687],[-71.00216,-33.61516],[-70.99919,-33.61507],[-70.99781,-33.61423],[-70.99477,-33.61371],[-70.99016,-33.61493],[-70.98765,-33.61659],[-70.9832,-33.61661],[-70.97765,-33.61804],[-70.97563,-33.61955],[-70.97459,-33.62151],[-70.97229,-33.62313],[-70.96957,-33.62404],[-70.96786,-33.62406]]]}},{"type":"Feature","properties":{"comuna":"Padre Hurtado","region":"Región Metropolitana de Santiago","codregion":13},"geometry":{"type":"Polygon","coordinates":[[[-70.93537,-33.58812],[-70.9357,-33.58382],[-70.93732,-33.58226],[-70.93634,-33.57918],[-70.93636,-33.57751],[-70.93904,-33.57489],[-70.94331,-33.5722],[-70.9463,-33.56834],[-70.94815,-33.56692],[-70.94878,-33.56453],[-70.94843,-33.56065],[-70.94579,-33.55995],[-70.9427,-33.55831],[-70.94148,-33.55665],[-70.93805,-33.55518],[-70.9358,-33.55125],[-70.93299,-33.55042],[-70.93117,-33.5473],[-70.92933,-33.54629],[-70.92857,-33.54094],[-70.92656,-33.53759],[-70.92686,-33.53387],[-70.92499,-33.53011],[-70.92448,-33.52745],[-70.92301,-33.52437],[-70.92263,-33.5215],[-70.92281,-33.51797],[-70.9222,-33.51664],[-70.92006,-33.51481],[-70.91974,-33.51126],[-70.91765,-33.51064],[-70.91487,-33.51085],[-70.91213,-33.50962],[-70.90981,-33.50954],[-70.90495,-33.51139],[-70.90103,-33.51406],[-70.89872,-33.51737],[-70.89493,-33.51987],[-70.89236,-33.52035],[-70.89187,-33.5223],[-70.8903,-33.52322],[-70.88826,-33.52691],[-70.88571,-33.52834],[-70.88342,-33.52831],[-70.88021,-33.53014],[-70.87876,-33.53038],[-70.87654,-33.5318],[-70.87172,-33.53271],[-70.86978,-33.53157],[-70.86792,-33.53155],[-70.86565,-33.53075],[-70.86327,-33.53084],[-70.86001,-33.53033],[-70.85797,-33.53097],[-70.85623,-33.53316],[-70.85236,-33.53644],[-70.85225,-33.53766],[-70.84349,-33.53422],[-70.839,-33.53495],[-70.83617,-33.53444],[-70.83057,-33.53594],[-70.82923,-33.53671],[-70.8272,-33.53619],[-70.82529,-33.53712],[-70.81865,-33.53812],[-70.81765,-33.53747],[-70.81618,-33.53482],[-70.81446,-33.53343],[-70.81289,-33.53097],[-70.8089,-33.52879],[-70.80525,-33.53009],[-70.80446,-33.53077],[-70.8042,-33.53265],[-70.80555,-33.53409],[-70.80558,-33.53591],[-70.80851,-33.53843],[-70.81373,-33.5413],[-70.81599,-33.54372],[-70.80464,-33.55095],[-70.78556,-33.56743],[-70.77866,-33.56918],[-70.78867,-33.57829],[-70.79807,-33.57333],[-70.80582,-33.58739],[-70.80859,-33.59369],[-70.81111,-33.5962],[-70.81418,-33.59354],[-70.81682,-33.59586],[-70.81909,-33.59862],[-70.83502,-33.58569],[-70.83211,-33.58359],[-70.83349,-33.58239],[-70.84802,-33.58059],[-70.84947,-33.57687],[-70.85636,-33.5757],[-70.86339,-33.57527],[-70.86351,-33.57594],[-70.86779,-33.57578],[-70.86839,-33.57544],[-70.87499,-33.58123],[-70.87856,-33.58363],[-70.88138,-33.58071],[-70.88401,-33.58139],[-70.88635,-33.58305],[-70.88772,-33.58129],[-70.8895,-33.583],[-70.88998,-33.5845],[-70.89233,-33.58589],[-70.8928,-33.58924],[-70.89363,-33.58991],[-70.89883,-33.58774],[-70.90964,-33.58637],[-70.91253,-33.58733],[-70.91479,-33.58687],[-70.91624,-33.58603],[-70.92005,-33.58559],[-70.92356,-33.58702],[-70.92579,-33.5872],[-70.93002,-33.58882],[-70.93537,-33.58812]]]}},{"type":"Feature","properties":{"comuna":"Peñaflor","region":"Región Metropolitana de Santiago","codregion":13},"geometry":{"type":"Polygon","coordinates":[[[-70.84802,-33.58059],[-70.83349,-33.58239],[-70.83211,-33.58359],[-70.83502,-33.58569],[-70.81909,-33.59862],[-70.82024,-33.60026],[-70.82269,-33.60594],[-70.82533,-33.6108],[-70.83516,-33.62126],[-70.84096,-33.62839],[-70.84337,-33.62991],[-70.84368,-33.63165],[-70.84571,-33.63391],[-70.84952,-33.63621],[-70.87373,-33.63151],[-70.91197,-33.6363],[-70.91383,-33.64069],[-70.9218,-33.64075],[-70.92159,-33.63917],[-70.93178,-33.63901],[-70.93395,-33.64016],[-70.93461,-33.64142],[-70.93421,-33.64354],[-70.93515,-33.64594],[-70.94142,-33.64566],[-70.94218,-33.64639],[-70.94717,-33.64581],[-70.94971,-33.64624],[-70.95201,-33.64493],[-70.9579,-33.64416],[-70.96081,-33.64278],[-70.96254,-33.64101],[-70.96264,-33.63912],[-70.96429,-33.63706],[-70.96444,-33.63554],[-70.96673,-33.6321],[-70.96663,-33.6279],[-70.96702,-33.62484],[-70.96786,-33.62406],[-70.96475,-33.62268],[-70.95891,-33.6169],[-70.95783,-33.61458],[-70.95616,-33.6137],[-70.95452,-33.60943],[-70.9548,-33.60633],[-70.95448,-33.60495],[-70.95018,-33.59896],[-70.94583,-33.59817],[-70.94195,-33.59532],[-70.93907,-33.59422],[-70.9367,-33.59258],[-70.93636,-33.59035],[-70.93537,-33.58812],[-70.93002,-33.58882],[-70.92579,-33.5872],[-70.92356,-33.58702],[-70.92005,-33.58559],[-70.91624,-33.58603],[-70.91479,-33.58687],[-70.91253,-33.58733],[-70.90964,-33.58637],[-70.89883,-33.58774],[-70.89363,-33.58991],[-70.8928,-33.58924],[-70.89233,-33.58589],[-70.88998,-33.5845],[-70.8895,-33.583],[-70.88772,-33.58129],[-70.88635,-33.58305],[-70.88401,-33.58139],[-70.88138,-33.58071],[-70.87856,-33.58363],[-70.87499,-33.58123],[-70.86839,-33.57544],[-70.86779,-33.57578],[-70.86351,-33.57594],[-70.86339,-33.57527],[-70.85636,-33.5757],[-70.84947,-33.57687],[-70.84802,-33.58059]]]}},{"type":"Feature","properties":{"comuna":"Talagante","region":"Región Metropolitana de Santiago","codregion":13},"geometry":{"type":"Polygon","coordinates":[[[-70.80246,-33.66841],[-70.8033,-33.66971],[-70.80355,-33.67215],[-70.80197,-33.67264],[-70.80124,-33.67495],[-70.79945,-33.67798],[-70.79913,-33.68029],[-70.79562,-33.68351],[-70.79633,-33.68669],[-70.79385,-33.69027],[-70.79385,-33.69147],[-70.79278,-33.6947],[-70.79145,-33.69605],[-70.79184,-33.69812],[-70.79426,-33.70075],[-70.79569,-33.70335],[-70.7977,-33.70438],[-70.79899,-33.7074],[-70.80332,-33.71053],[-70.8043,-33.71171],[-70.80469,-33.71416],[-70.8057,-33.71508],[-70.80684,-33.71867],[-70.80636,-33.72025],[-70.80984,-33.7222],[-70.81189,-33.72284],[-70.81843,-33.71982],[-70.82029,-33.71975],[-70.82365,-33.72044],[-70.82439,-33.72105],[-70.83048,-33.71893],[-70.83382,-33.71465],[-70.83994,-33.71106],[-70.84088,-33.7099],[-70.84385,-33.70857],[-70.84611,-33.70927],[-70.8491,-33.71482],[-70.85864,-33.71085],[-70.89948,-33.69654],[-70.91185,-33.71066],[-70.91561,-33.71425],[-70.91544,-33.71639],[-70.91732,-33.71693],[-70.9198,-33.7167],[-70.92178,-33.7171],[-70.92302,-33.71665],[-70.93079,-33.71815],[-70.93304,-33.71941],[-70.93634,-33.71973],[-70.93965,-33.71897],[-70.9412,-33.71788],[-70.94697,-33.71589],[-70.95558,-33.71421],[-70.95686,-33.71444],[-70.95978,-33.71589],[-70.96177,-33.71626],[-70.96424,-33.71548],[-70.96769,-33.71529],[-70.97586,-33.71577],[-70.98196,-33.71816],[-70.98295,-33.71965],[-70.98608,-33.7207],[-70.98908,-33.7238],[-70.99033,-33.72405],[-70.99268,-33.72307],[-70.99604,-33.72364],[-70.99812,-33.72315],[-71.0019,-33.72079],[-71.01748,-33.71676],[-71.02218,-33.7162],[-71.02617,-33.71632],[-71.026,-33.71384],[-71.02537,-33.71224],[-71.02283,-33.71014],[-71.02184,-33.70854],[-71.02054,-33.70834],[-71.01816,-33.70599],[-71.01389,-33.70563],[-71.01264,-33.70295],[-71.0113,-33.70139],[-71.01086,-33.69922],[-71.00804,-33.69753],[-71.0064,-33.69734],[-71.00503,-33.69581],[-71.00446,-33.69402],[-71.00312,-33.69296],[-70.99888,-33.69268],[-70.99267,-33.68897],[-70.98771,-33.6888],[-70.98554,-33.68812],[-70.98433,-33.68693],[-70.98006,-33.68529],[-70.97638,-33.68094],[-70.97418,-33.68061],[-70.97172,-33.6785],[-70.96734,-33.67581],[-70.96401,-33.675],[-70.96322,-33.67433],[-70.96065,-33.67381],[-70.95933,-33.67293],[-70.95686,-33.67229],[-70.95439,-33.67025],[-70.95384,-33.66917],[-70.95128,-33.66769],[-70.94586,-33.66734],[-70.94005,-33.66405],[-70.93663,-33.66302],[-70.93692,-33.66103],[-70.93584,-33.6593],[-70.9372,-33.65841],[-70.93916,-33.65814],[-70.94195,-33.65604],[-70.94597,-33.65502],[-70.94761,-33.65381],[-70.95126,-33.6527],[-70.95419,-33.65253],[-70.95609,-33.65114],[-70.95664,-33.6493],[-70.95912,-33.64758],[-70.9609,-33.64468],[-70.96081,-33.64278],[-70.9579,-33.64416],[-70.95201,-33.64493],[-70.94971,-33.64624],[-70.94717,-33.64581],[-70.94218,-33.64639],[-70.94142,-33.64566],[-70.93515,-33.64594],[-70.93421,-33.64354],[-70.93461,-33.64142],[-70.93395,-33.64016],[-70.93178,-33.63901],[-70.92159,-33.63917],[-70.9218,-33.64075],[-70.91383,-33.64069],[-70.91197,-33.6363],[-70.87373,-33.63151],[-70.84952,-33.63621],[-70.86157,-33.64711],[-70.86635,-33.64952],[-70.86714,-33.65061],[-70.845,-33.65942],[-70.83635,-33.66246],[-70.82702,-33.65243],[-70.81845,-33.64238],[-70.8152,-33.64279],[-70.81167,-33.64457],[-70.81166,-33.64803],[-70.81098,-33.65295],[-70.80931,-33.65534],[-70.80815,-33.65821],[-70.80812,-33.66023],[-70.80742,-33.66145],[-70.80455,-33.6641],[-70.80299,-33.66634],[-70.80246,-33.66841]]]}},{"type":"Feature","properties":{"comuna":"Paine","region":"Región Metropolitana de Santiago","codregion":13},"geometry":{"type":"Polygon","coordinates":[[[-70.61441,-33.7385],[-70.61335,-33.74035],[-70.60926,-33.74468],[-70.60861,-33.74833],[-70.60702,-33.75083],[-70.60671,-33.75318],[-70.60556,-33.75684],[-70.60209,-33.75787],[-70.59911,-33.76024],[-70.59876,-33.76203],[-70.59985,-33.76526],[-70.59958,-33.76619],[-70.5965,-33.76902],[-70.59564,-33.7708],[-70.59529,-33.77295],[-70.5961,-33.77889],[-70.59588,-33.78105],[-70.59472,-33.78216],[-70.59136,-33.78404],[-70.58778,-33.78497],[-70.58425,-33.78431],[-70.58086,-33.783],[-70.57697,-33.78291],[-70.57051,-33.78471],[-70.56429,-33.78521],[-70.55959,-33.78463],[-70.55365,-33.79011],[-70.54783,-33.794],[-70.54697,-33.79629],[-70.54513,-33.79728],[-70.54087,-33.79748],[-70.5358,-33.80024],[-70.53511,-33.80218],[-70.53575,-33.80402],[-70.53588,-33.80691],[-70.53684,-33.80967],[-70.53365,-33.8139],[-70.53303,-33.8172],[-70.52706,-33.82461],[-70.52593,-33.83097],[-70.52507,-33.83221],[-70.52195,-33.83344],[-70.51883,-33.83369],[-70.51487,-33.83242],[-70.5107,-33.83353],[-70.50583,-33.83323],[-70.50202,-33.83426],[-70.49807,-33.83115],[-70.4936,-33.82972],[-70.48923,-33.82997],[-70.48715,-33.83052],[-70.48343,-33.8336],[-70.4819,-33.83582],[-70.48149,-33.83835],[-70.47846,-33.84187],[-70.47736,-33.84615],[-70.47518,-33.84842],[-70.47526,-33.85388],[-70.47588,-33.85824],[-70.47534,-33.86074],[-70.4773,-33.86021],[-70.48103,-33.86203],[-70.48474,-33.8611],[-70.48889,-33.86203],[-70.49323,-33.86188],[-70.49414,-33.86064],[-70.4954,-33.86044],[-70.49766,-33.86153],[-70.50261,-33.863],[-70.50371,-33.86389],[-70.5049,-33.8665],[-70.50361,-33.87081],[-70.50439,-33.87615],[-70.50752,-33.87845],[-70.50834,-33.87977],[-70.50885,-33.88258],[-70.51061,-33.88514],[-70.51285,-33.88578],[-70.5161,-33.88798],[-70.5172,-33.88774],[-70.51912,-33.88618],[-70.52252,-33.88607],[-70.52517,-33.88529],[-70.52988,-33.88645],[-70.53133,-33.88596],[-70.53611,-33.88239],[-70.53862,-33.88236],[-70.54118,-33.88098],[-70.54524,-33.88167],[-70.55171,-33.88179],[-70.55469,-33.88135],[-70.55593,-33.88302],[-70.55768,-33.88426],[-70.56066,-33.88437],[-70.56208,-33.88679],[-70.564,-33.88867],[-70.5712,-33.89144],[-70.57479,-33.89369],[-70.57535,-33.89583],[-70.57743,-33.89694],[-70.5827,-33.89721],[-70.58382,-33.89659],[-70.58539,-33.89452],[-70.58584,-33.89298],[-70.58809,-33.89229],[-70.59069,-33.89369],[-70.6001,-33.89449],[-70.60583,-33.8985],[-70.60875,-33.89822],[-70.61051,-33.89982],[-70.61322,-33.90093],[-70.61722,-33.90177],[-70.61729,-33.90314],[-70.62147,-33.90739],[-70.62392,-33.91187],[-70.62593,-33.91363],[-70.63243,-33.91541],[-70.63704,-33.91735],[-70.64006,-33.92232],[-70.63895,-33.9243],[-70.64042,-33.92905],[-70.64339,-33.93192],[-70.644,-33.93382],[-70.64821,-33.93519],[-70.6498,-33.93474],[-70.65175,-33.935],[-70.65396,-33.93693],[-70.65914,-33.93805],[-70.66286,-33.93824],[-70.66834,-33.9344],[-70.67216,-33.93373],[-70.67407,-33.93184],[-70.67494,-33.92949],[-70.68036,-33.9255],[-70.68281,-33.92485],[-70.68517,-33.92286],[-70.68617,-33.91812],[-70.68873,-33.91446],[-70.69115,-33.91218],[-70.69341,-33.91115],[-70.70121,-33.9058],[-70.70504,-33.90598],[-70.70887,-33.9055],[-70.71147,-33.9067],[-70.71218,-33.90774],[-70.71217,-33.91013],[-70.71445,-33.91277],[-70.71643,-33.91427],[-70.71673,-33.91517],[-70.71905,-33.91643],[-70.71947,-33.91742],[-70.7244,-33.91966],[-70.72566,-33.9183],[-70.72725,-33.91808],[-70.72903,-33.92114],[-70.73129,-33.92253],[-70.73799,-33.92295],[-70.74,-33.92243],[-70.74183,-33.92297],[-70.74418,-33.92445],[-70.74421,-33.92589],[-70.74636,-33.92822],[-70.74681,-33.93007],[-70.74854,-33.93269],[-70.75133,-33.9352],[-70.75261,-33.93715],[-70.75429,-33.93764],[-70.75499,-33.939],[-70.75744,-33.94124],[-70.75827,-33.9429],[-70.76216,-33.9424],[-70.76481,-33.94317],[-70.76715,-33.94271],[-70.76976,-33.94424],[-70.7727,-33.94234],[-70.7764,-33.94162],[-70.77864,-33.93925],[-70.78281,-33.93838],[-70.78489,-33.93682],[-70.78701,-33.93674],[-70.78858,-33.93519],[-70.79149,-33.93458],[-70.79543,-33.9317],[-70.79698,-33.93168],[-70.79841,-33.93462],[-70.80332,-33.93669],[-70.80366,-33.93927],[-70.80483,-33.9402],[-70.80567,-33.94205],[-70.80585,-33.9451],[-70.81268,-33.94936],[-70.81394,-33.94876],[-70.81839,-33.94869],[-70.82054,-33.95018],[-70.82421,-33.95151],[-70.82494,-33.95341],[-70.83037,-33.95205],[-70.83337,-33.95187],[-70.83533,-33.95255],[-70.83845,-33.95452],[-70.84571,-33.95628],[-70.85126,-33.9597],[-70.85673,-33.96614],[-70.85634,-33.96755],[-70.85477,-33.96895],[-70.85546,-33.9704],[-70.86571,-33.97469],[-70.86934,-33.97773],[-70.87253,-33.97966],[-70.87775,-33.98166],[-70.88411,-33.98508],[-70.89058,-33.98637],[-70.89528,-33.98867],[-70.90249,-33.98349],[-70.90588,-33.97876],[-70.90808,-33.97758],[-70.90957,-33.97756],[-70.91323,-33.97965],[-70.9164,-33.97975],[-70.91858,-33.97842],[-70.92671,-33.97543],[-70.92893,-33.97501],[-70.93329,-33.97795],[-70.93848,-33.97701],[-70.94074,-33.97554],[-70.94394,-33.9754],[-70.94587,-33.97456],[-70.94777,-33.97224],[-70.95115,-33.9715],[-70.95485,-33.97257],[-70.95782,-33.97224],[-70.95967,-33.97137],[-70.96288,-33.97062],[-70.96453,-33.96954],[-70.96631,-33.96747],[-70.96623,-33.96649],[-70.96292,-33.96296],[-70.96174,-33.96066],[-70.96309,-33.95628],[-70.96105,-33.95444],[-70.9606,-33.95118],[-70.95499,-33.94435],[-70.955,-33.94163],[-70.95608,-33.94042],[-70.96079,-33.93727],[-70.96173,-33.93462],[-70.96053,-33.93071],[-70.95997,-33.92543],[-70.96015,-33.92341],[-70.96253,-33.92053],[-70.96625,-33.91782],[-70.96804,-33.91531],[-70.96899,-33.9129],[-70.97216,-33.90938],[-70.97409,-33.90555],[-70.97492,-33.90209],[-70.97443,-33.89839],[-70.97527,-33.89646],[-70.97477,-33.8929],[-70.97573,-33.89028],[-70.97623,-33.88494],[-70.97594,-33.88235],[-70.97748,-33.87962],[-70.97764,-33.87816],[-70.97686,-33.87521],[-70.97716,-33.87049],[-70.97934,-33.86687],[-70.97862,-33.86441],[-70.97864,-33.86204],[-70.98024,-33.86008],[-70.98097,-33.85704],[-70.98186,-33.85581],[-70.98098,-33.85307],[-70.97946,-33.85169],[-70.9796,-33.85059],[-70.98101,-33.84896],[-70.98123,-33.84778],[-70.98006,-33.84433],[-70.98121,-33.84117],[-70.9834,-33.84068],[-70.98642,-33.83902],[-70.98841,-33.83695],[-70.9889,-33.83557],[-70.98759,-33.83309],[-70.98794,-33.82928],[-70.9866,-33.82569],[-70.98733,-33.82258],[-70.9865,-33.82081],[-70.98661,-33.81895],[-70.98499,-33.81568],[-70.98465,-33.81212],[-70.98351,-33.80797],[-70.98377,-33.80436],[-70.98308,-33.80121],[-70.98071,-33.79949],[-70.9647,-33.79426],[-70.9611,-33.79396],[-70.94989,-33.79773],[-70.93785,-33.79844],[-70.93609,-33.79941],[-70.93221,-33.79989],[-70.92919,-33.79981],[-70.92308,-33.801],[-70.91998,-33.79902],[-70.91796,-33.79651],[-70.91672,-33.79084],[-70.91785,-33.78904],[-70.91721,-33.78639],[-70.9151,-33.78322],[-70.91538,-33.7815],[-70.91242,-33.7747],[-70.91261,-33.76967],[-70.9122,-33.76771],[-70.91115,-33.76792],[-70.90993,-33.76994],[-70.90872,-33.77311],[-70.90891,-33.77543],[-70.9065,-33.77811],[-70.90573,-33.77968],[-70.90564,-33.78362],[-70.90387,-33.78905],[-70.90441,-33.79011],[-70.9038,-33.79226],[-70.90438,-33.79446],[-70.90543,-33.79588],[-70.90283,-33.79913],[-70.90261,-33.80082],[-70.90085,-33.80318],[-70.89823,-33.80374],[-70.89563,-33.80348],[-70.89285,-33.80205],[-70.8929,-33.80387],[-70.89421,-33.80437],[-70.89319,-33.80698],[-70.89059,-33.80675],[-70.88854,-33.8093],[-70.88699,-33.81027],[-70.88119,-33.81123],[-70.87796,-33.81036],[-70.87649,-33.81034],[-70.87379,-33.81152],[-70.87157,-33.8096],[-70.86989,-33.80989],[-70.86796,-33.81286],[-70.86609,-33.81402],[-70.86337,-33.8145],[-70.8587,-33.81453],[-70.85647,-33.81579],[-70.85457,-33.81792],[-70.85173,-33.819],[-70.84914,-33.82061],[-70.84778,-33.82077],[-70.84658,-33.82394],[-70.84187,-33.82712],[-70.83759,-33.82842],[-70.83397,-33.82856],[-70.83195,-33.83231],[-70.82615,-33.83139],[-70.82339,-33.83016],[-70.82075,-33.83077],[-70.81902,-33.82847],[-70.81648,-33.82778],[-70.81416,-33.8292],[-70.8119,-33.82938],[-70.80922,-33.83043],[-70.80756,-33.82988],[-70.80693,-33.8288],[-70.80498,-33.82744],[-70.80298,-33.82726],[-70.80066,-33.82889],[-70.79876,-33.82964],[-70.79547,-33.83027],[-70.79251,-33.83024],[-70.79036,-33.83173],[-70.78638,-33.83273],[-70.78471,-33.83463],[-70.76186,-33.8118],[-70.75912,-33.81513],[-70.75736,-33.81651],[-70.75105,-33.77286],[-70.74397,-33.774],[-70.73762,-33.77444],[-70.7374,-33.77714],[-70.73936,-33.78911],[-70.70244,-33.78955],[-70.70272,-33.79273],[-70.69069,-33.79106],[-70.68818,-33.7592],[-70.67219,-33.75703],[-70.67051,-33.75642],[-70.66504,-33.75154],[-70.66195,-33.74802],[-70.65611,-33.74418],[-70.65348,-33.74376],[-70.64096,-33.74929],[-70.63793,-33.74843],[-70.63398,-33.7492],[-70.63267,-33.74877],[-70.63002,-33.74538],[-70.62828,-33.7445],[-70.62603,-33.74264],[-70.62419,-33.73829],[-70.62201,-33.73706],[-70.61885,-33.73822],[-70.61441,-33.7385]]]}},{"type":"Feature","properties":{"comuna":"Isla de Maipo","region":"Región Metropolitana de Santiago","codregion":13},"geometry":{"type":"Polygon","coordinates":[[[-70.89285,-33.80205],[-70.89563,-33.80348],[-70.89823,-33.80374],[-70.90085,-33.80318],[-70.90261,-33.80082],[-70.90283,-33.79913],[-70.90543,-33.79588],[-70.90438,-33.79446],[-70.9038,-33.79226],[-70.90441,-33.79011],[-70.90387,-33.78905],[-70.90564,-33.78362],[-70.90573,-33.77968],[-70.9065,-33.77811],[-70.90891,-33.77543],[-70.90872,-33.77311],[-70.91115,-33.76792],[-70.9122,-33.76771],[-70.91261,-33.76967],[-70.91242,-33.7747],[-70.91538,-33.7815],[-70.9151,-33.78322],[-70.91721,-33.78639],[-70.91785,-33.78904],[-70.91672,-33.79084],[-70.91796,-33.79651],[-70.91998,-33.79902],[-70.92308,-33.801],[-70.92919,-33.79981],[-70.93221,-33.79989],[-70.93609,-33.79941],[-70.93785,-33.79844],[-70.94989,-33.79773],[-70.9611,-33.79396],[-70.9647,-33.79426],[-70.98071,-33.79949],[-70.9819,-33.79618],[-70.98211,-33.79445],[-70.98125,-33.78971],[-70.98195,-33.78751],[-70.981,-33.78423],[-70.98138,-33.78203],[-70.98114,-33.77969],[-70.98258,-33.77689],[-70.98322,-33.77469],[-70.9877,-33.77678],[-70.99203,-33.77569],[-70.99394,-33.77592],[-70.99591,-33.77837],[-70.99713,-33.77842],[-71.00598,-33.77253],[-71.01583,-33.77218],[-71.01931,-33.77065],[-71.02581,-33.76448],[-71.03413,-33.76231],[-71.03533,-33.76152],[-71.03794,-33.75873],[-71.03903,-33.75661],[-71.04129,-33.75529],[-71.04823,-33.75454],[-71.05019,-33.7533],[-71.05409,-33.75368],[-71.05584,-33.7532],[-71.06105,-33.75388],[-71.06325,-33.75346],[-71.06502,-33.75375],[-71.0663,-33.75475],[-71.06861,-33.75548],[-71.07235,-33.75529],[-71.07613,-33.75669],[-71.07834,-33.75646],[-71.08197,-33.75513],[-71.08985,-33.74893],[-71.09196,-33.74787],[-71.09979,-33.74627],[-71.10426,-33.74486],[-71.11165,-33.74377],[-71.1154,-33.7409],[-71.11927,-33.73988],[-71.12022,-33.7382],[-71.12056,-33.73366],[-71.12035,-33.73124],[-71.11932,-33.7296],[-71.11359,-33.72535],[-71.10967,-33.72356],[-71.10815,-33.72228],[-71.1066,-33.7197],[-71.10287,-33.71771],[-71.09719,-33.71578],[-71.09567,-33.71095],[-71.09774,-33.70954],[-71.1003,-33.7086],[-71.10269,-33.70543],[-71.09728,-33.7077],[-71.09042,-33.71361],[-71.08839,-33.71584],[-71.08557,-33.71745],[-71.08233,-33.71784],[-71.08054,-33.71961],[-71.07808,-33.7206],[-71.07198,-33.72035],[-71.06895,-33.72172],[-71.06378,-33.72069],[-71.06181,-33.72078],[-71.06011,-33.7199],[-71.05416,-33.71902],[-71.05215,-33.71914],[-71.04844,-33.71754],[-71.04635,-33.71601],[-71.04229,-33.71565],[-71.03763,-33.71656],[-71.0345,-33.71896],[-71.03137,-33.71968],[-71.02868,-33.71887],[-71.02617,-33.71632],[-71.02218,-33.7162],[-71.01748,-33.71676],[-71.00506,-33.71982],[-71.0019,-33.72079],[-70.99812,-33.72315],[-70.99604,-33.72364],[-70.99268,-33.72307],[-70.99033,-33.72405],[-70.98908,-33.7238],[-70.98608,-33.7207],[-70.98295,-33.71965],[-70.98196,-33.71816],[-70.97586,-33.71577],[-70.96769,-33.71529],[-70.96424,-33.71548],[-70.96177,-33.71626],[-70.95978,-33.71589],[-70.95686,-33.71444],[-70.95558,-33.71421],[-70.94697,-33.71589],[-70.9412,-33.71788],[-70.93965,-33.71897],[-70.93634,-33.71973],[-70.93304,-33.71941],[-70.93079,-33.71815],[-70.92302,-33.71665],[-70.92178,-33.7171],[-70.9198,-33.7167],[-70.91732,-33.71693],[-70.91544,-33.71639],[-70.91561,-33.71425],[-70.91185,-33.71066],[-70.89948,-33.69654],[-70.85864,-33.71085],[-70.8491,-33.71482],[-70.84611,-33.70927],[-70.84385,-33.70857],[-70.84088,-33.7099],[-70.83994,-33.71106],[-70.83382,-33.71465],[-70.83048,-33.71893],[-70.82439,-33.72105],[-70.82355,-33.72187],[-70.82285,-33.72416],[-70.82132,-33.72699],[-70.82126,-33.73351],[-70.82052,-33.73698],[-70.82168,-33.73976],[-70.82373,-33.74058],[-70.82508,-33.74177],[-70.82608,-33.74857],[-70.82475,-33.75158],[-70.82108,-33.75425],[-70.82246,-33.75598],[-70.82437,-33.75959],[-70.82628,-33.76189],[-70.82966,-33.76514],[-70.83382,-33.76556],[-70.83597,-33.7681],[-70.8373,-33.76903],[-70.83733,-33.77141],[-70.8389,-33.7742],[-70.84143,-33.77542],[-70.85002,-33.78294],[-70.85423,-33.78465],[-70.85839,-33.78746],[-70.86013,-33.78973],[-70.8626,-33.79478],[-70.86681,-33.79643],[-70.87557,-33.80313],[-70.87808,-33.80397],[-70.88252,-33.80268],[-70.88798,-33.80228],[-70.89107,-33.80116],[-70.89285,-33.80205]]]}},{"type":"Feature","properties":{"comuna":"Buin","region":"Región Metropolitana de Santiago","codregion":13},"geometry":{"type":"Polygon","coordinates":[[[-70.61441,-33.7385],[-70.61885,-33.73822],[-70.62201,-33.73706],[-70.62419,-33.73829],[-70.62603,-33.74264],[-70.62828,-33.7445],[-70.63002,-33.74538],[-70.63267,-33.74877],[-70.63398,-33.7492],[-70.63793,-33.74843],[-70.64096,-33.74929],[-70.65348,-33.74376],[-70.65611,-33.74418],[-70.66195,-33.74802],[-70.66504,-33.75154],[-70.67051,-33.75642],[-70.67219,-33.75703],[-70.68818,-33.7592],[-70.69069,-33.79106],[-70.70272,-33.79273],[-70.70244,-33.78955],[-70.73936,-33.78911],[-70.7374,-33.77714],[-70.73762,-33.77444],[-70.74397,-33.774],[-70.75105,-33.77286],[-70.75736,-33.81651],[-70.75912,-33.81513],[-70.76186,-33.8118],[-70.78471,-33.83463],[-70.78638,-33.83273],[-70.79036,-33.83173],[-70.79251,-33.83024],[-70.79547,-33.83027],[-70.79876,-33.82964],[-70.80066,-33.82889],[-70.80298,-33.82726],[-70.80498,-33.82744],[-70.80693,-33.8288],[-70.80756,-33.82988],[-70.80922,-33.83043],[-70.8119,-33.82938],[-70.81416,-33.8292],[-70.81648,-33.82778],[-70.81902,-33.82847],[-70.82075,-33.83077],[-70.82339,-33.83016],[-70.82615,-33.83139],[-70.83195,-33.83231],[-70.83397,-33.82856],[-70.83759,-33.82842],[-70.84187,-33.82712],[-70.84658,-33.82394],[-70.84778,-33.82077],[-70.84914,-33.82061],[-70.85173,-33.819],[-70.85457,-33.81792],[-70.85647,-33.81579],[-70.8587,-33.81453],[-70.86337,-33.8145],[-70.86609,-33.81402],[-70.86796,-33.81286],[-70.86989,-33.80989],[-70.87157,-33.8096],[-70.87379,-33.81152],[-70.87649,-33.81034],[-70.87796,-33.81036],[-70.88119,-33.81123],[-70.88699,-33.81027],[-70.88854,-33.8093],[-70.89059,-33.80675],[-70.89319,-33.80698],[-70.89421,-33.80437],[-70.8929,-33.80387],[-70.89285,-33.80205],[-70.89107,-33.80116],[-70.88798,-33.80228],[-70.88252,-33.80268],[-70.87808,-33.80397],[-70.87557,-33.80313],[-70.87279,-33.8013],[-70.86681,-33.79643],[-70.8626,-33.79478],[-70.86013,-33.78973],[-70.85839,-33.78746],[-70.85423,-33.78465],[-70.85002,-33.78294],[-70.84143,-33.77542],[-70.8389,-33.7742],[-70.83733,-33.77141],[-70.8373,-33.76903],[-70.83597,-33.7681],[-70.83382,-33.76556],[-70.82966,-33.76514],[-70.82437,-33.75959],[-70.82246,-33.75598],[-70.82108,-33.75425],[-70.81774,-33.75263],[-70.81633,-33.75143],[-70.81438,-33.75097],[-70.8123,-33.74698],[-70.81243,-33.74027],[-70.81169,-33.73805],[-70.8106,-33.73669],[-70.8077,-33.73429],[-70.80458,-33.73319],[-70.80265,-33.73346],[-70.79835,-33.73086],[-70.79568,-33.73084],[-70.79098,-33.72747],[-70.7859,-33.72195],[-70.78313,-33.72014],[-70.78029,-33.71703],[-70.77654,-33.7159],[-70.7744,-33.71367],[-70.77018,-33.71088],[-70.76815,-33.70723],[-70.76398,-33.70564],[-70.76069,-33.70364],[-70.75668,-33.70344],[-70.75321,-33.70171],[-70.74987,-33.70118],[-70.7445,-33.69873],[-70.74196,-33.698],[-70.73603,-33.69775],[-70.73335,-33.69538],[-70.73029,-33.69429],[-70.72762,-33.69402],[-70.72592,-33.69313],[-70.72435,-33.69134],[-70.72268,-33.69051],[-70.72111,-33.68765],[-70.71825,-33.6853],[-70.7161,-33.68116],[-70.71443,-33.67449],[-70.71419,-33.67053],[-70.71328,-33.66902],[-70.71124,-33.66749],[-70.71003,-33.66552],[-70.70607,-33.66559],[-70.70137,-33.6648],[-70.69801,-33.66289],[-70.69138,-33.66315],[-70.68819,-33.66264],[-70.68535,-33.66115],[-70.68064,-33.66176],[-70.67343,-33.6601],[-70.66173,-33.65508],[-70.66024,-33.6539],[-70.65932,-33.65132],[-70.65699,-33.65013],[-70.65239,-33.65053],[-70.64808,-33.64938],[-70.64058,-33.6471],[-70.63724,-33.64532],[-70.63339,-33.64467],[-70.63123,-33.64284],[-70.63121,-33.64568],[-70.63294,-33.64864],[-70.63479,-33.65346],[-70.64015,-33.65977],[-70.64149,-33.66087],[-70.65006,-33.66275],[-70.65171,-33.66435],[-70.65291,-33.66969],[-70.65549,-33.67293],[-70.65589,-33.67572],[-70.65315,-33.6778],[-70.65175,-33.67952],[-70.65084,-33.68192],[-70.64936,-33.6836],[-70.64732,-33.68855],[-70.64418,-33.69327],[-70.64439,-33.69503],[-70.64534,-33.69675],[-70.63753,-33.70445],[-70.6352,-33.70488],[-70.63203,-33.70483],[-70.62946,-33.70586],[-70.62729,-33.70725],[-70.62506,-33.7105],[-70.62208,-33.71278],[-70.6216,-33.71499],[-70.6219,-33.71719],[-70.6211,-33.71898],[-70.61749,-33.72087],[-70.616,-33.72257],[-70.61339,-33.73413],[-70.61441,-33.7385]]]}},{"type":"Feature","properties":{"comuna":"San José de Maipo","region":"Región Metropolitana de Santiago","codregion":13},"geometry":{"type":"Polygon","coordinates":[[[-70.03055,-34.28855],[-70.03548,-34.28624],[-70.03729,-34.28489],[-70.03977,-34.28484],[-70.04192,-34.28414],[-70.04566,-34.28126],[-70.05123,-34.28087],[-70.05282,-34.28017],[-70.05334,-34.27781],[-70.05236,-34.27607],[-70.05246,-34.27321],[-70.05343,-34.27112],[-70.05256,-34.26717],[-70.05377,-34.26393],[-70.05405,-34.25822],[-70.05242,-34.25651],[-70.05188,-34.25484],[-70.05194,-34.25136],[-70.05064,-34.24941],[-70.04999,-34.24581],[-70.04919,-34.2439],[-70.0512,-34.23814],[-70.05132,-34.23512],[-70.05019,-34.22861],[-70.05065,-34.22594],[-70.05321,-34.22281],[-70.05434,-34.2224],[-70.05617,-34.22058],[-70.05662,-34.21884],[-70.05819,-34.21798],[-70.06089,-34.21506],[-70.06196,-34.21309],[-70.06659,-34.20912],[-70.06706,-34.20709],[-70.07196,-34.20199],[-70.07613,-34.19972],[-70.07745,-34.19802],[-70.08312,-34.19952],[-70.08551,-34.20105],[-70.08941,-34.2025],[-70.09322,-34.20312],[-70.10652,-34.20286],[-70.11274,-34.20188],[-70.11516,-34.20026],[-70.11586,-34.19689],[-70.11594,-34.1929],[-70.11731,-34.19014],[-70.11842,-34.18939],[-70.12302,-34.18836],[-70.12887,-34.18855],[-70.13131,-34.18919],[-70.13438,-34.1886],[-70.14038,-34.1843],[-70.14279,-34.18104],[-70.14695,-34.17999],[-70.14735,-34.17916],[-70.14566,-34.17691],[-70.14537,-34.17573],[-70.14597,-34.17327],[-70.15019,-34.16928],[-70.14957,-34.16771],[-70.15,-34.16646],[-70.15333,-34.16298],[-70.15383,-34.1612],[-70.15737,-34.15949],[-70.16272,-34.15954],[-70.16425,-34.15917],[-70.16295,-34.15639],[-70.16279,-34.15378],[-70.1603,-34.14965],[-70.16081,-34.14783],[-70.16254,-34.14576],[-70.163,-34.14305],[-70.16454,-34.14],[-70.16164,-34.1351],[-70.16149,-34.13408],[-70.15857,-34.13309],[-70.15774,-34.13003],[-70.15647,-34.12914],[-70.15398,-34.12858],[-70.15248,-34.12755],[-70.14968,-34.1243],[-70.14568,-34.12288],[-70.14438,-34.12165],[-70.14187,-34.1205],[-70.14325,-34.11766],[-70.14462,-34.11662],[-70.15121,-34.11441],[-70.15786,-34.1111],[-70.15977,-34.10685],[-70.16442,-34.10057],[-70.16472,-34.09882],[-70.16448,-34.09591],[-70.16229,-34.0944],[-70.15972,-34.09446],[-70.15873,-34.09317],[-70.16137,-34.08676],[-70.16388,-34.0843],[-70.16456,-34.08294],[-70.16465,-34.08047],[-70.16754,-34.07756],[-70.16942,-34.07377],[-70.17217,-34.07157],[-70.17107,-34.06791],[-70.17198,-34.06438],[-70.17389,-34.06173],[-70.17499,-34.05845],[-70.17482,-34.05429],[-70.1735,-34.05172],[-70.17027,-34.04827],[-70.16935,-34.04572],[-70.17019,-34.04437],[-70.17523,-34.04167],[-70.17771,-34.03803],[-70.17974,-34.03605],[-70.18373,-34.03331],[-70.18615,-34.03236],[-70.19098,-34.03259],[-70.19916,-34.03417],[-70.20499,-34.03448],[-70.20683,-34.03401],[-70.20797,-34.03271],[-70.21093,-34.03106],[-70.21561,-34.0304],[-70.21839,-34.03123],[-70.22135,-34.03054],[-70.22291,-34.0306],[-70.22602,-34.03186],[-70.22781,-34.03147],[-70.24089,-34.03281],[-70.2438,-34.0341],[-70.24489,-34.03519],[-70.24587,-34.03851],[-70.24539,-34.04256],[-70.24819,-34.04758],[-70.24781,-34.04988],[-70.24819,-34.05107],[-70.24807,-34.05694],[-70.24988,-34.05876],[-70.25282,-34.05983],[-70.25384,-34.06138],[-70.25425,-34.06388],[-70.25516,-34.065],[-70.25962,-34.06777],[-70.26144,-34.07121],[-70.26555,-34.07135],[-70.26737,-34.07017],[-70.2692,-34.06711],[-70.27071,-34.06565],[-70.27645,-34.06388],[-70.27759,-34.06384],[-70.27959,-34.0624],[-70.28266,-34.06139],[-70.28641,-34.05886],[-70.28955,-34.05833],[-70.29473,-34.05983],[-70.29875,-34.05987],[-70.30284,-34.06108],[-70.30418,-34.06329],[-70.30384,-34.06523],[-70.30465,-34.06599],[-70.30917,-34.0664],[-70.31068,-34.06365],[-70.31356,-34.06214],[-70.31491,-34.05729],[-70.32191,-34.05735],[-70.32338,-34.05768],[-70.32607,-34.05949],[-70.33,-34.05893],[-70.33174,-34.05746],[-70.33397,-34.05646],[-70.33708,-34.05582],[-70.34031,-34.05324],[-70.34086,-34.0491],[-70.3416,-34.04802],[-70.34132,-34.04426],[-70.34165,-34.04238],[-70.34443,-34.03913],[-70.33949,-34.03333],[-70.33921,-34.03015],[-70.33076,-34.02076],[-70.32815,-34.01993],[-70.32575,-34.01984],[-70.32324,-34.01831],[-70.32139,-34.01636],[-70.32188,-34.0142],[-70.32451,-34.01182],[-70.32768,-34.01033],[-70.32604,-34.00555],[-70.32425,-34.00425],[-70.32111,-34.00026],[-70.32167,-33.99845],[-70.32389,-33.99692],[-70.32434,-33.99497],[-70.32653,-33.99326],[-70.32798,-33.98967],[-70.32779,-33.98625],[-70.3295,-33.98137],[-70.33403,-33.98008],[-70.33813,-33.98017],[-70.34123,-33.97921],[-70.34561,-33.97568],[-70.34975,-33.97104],[-70.35083,-33.96733],[-70.34909,-33.96581],[-70.34906,-33.96482],[-70.34671,-33.96259],[-70.34621,-33.95782],[-70.34678,-33.95647],[-70.35031,-33.95307],[-70.35485,-33.95219],[-70.35588,-33.95144],[-70.35938,-33.95091],[-70.36241,-33.94834],[-70.36358,-33.94637],[-70.36528,-33.94517],[-70.36643,-33.94293],[-70.36753,-33.93884],[-70.3702,-33.9352],[-70.37534,-33.92956],[-70.37623,-33.92794],[-70.37673,-33.92234],[-70.37864,-33.91882],[-70.37573,-33.91547],[-70.37567,-33.91259],[-70.37504,-33.91107],[-70.37174,-33.90957],[-70.36911,-33.90767],[-70.3686,-33.90639],[-70.37267,-33.90016],[-70.37257,-33.89773],[-70.37139,-33.89535],[-70.3732,-33.89371],[-70.37434,-33.89017],[-70.37552,-33.88877],[-70.37457,-33.88678],[-70.37491,-33.88369],[-70.37647,-33.8825],[-70.38261,-33.87969],[-70.38518,-33.87938],[-70.38809,-33.88096],[-70.39138,-33.88186],[-70.39648,-33.88084],[-70.39882,-33.8799],[-70.40169,-33.87671],[-70.40583,-33.87467],[-70.4107,-33.871],[-70.41321,-33.86758],[-70.41413,-33.86401],[-70.41759,-33.85982],[-70.41881,-33.85634],[-70.42264,-33.85465],[-70.42742,-33.85486],[-70.43381,-33.8536],[-70.43035,-33.85206],[-70.42859,-33.85203],[-70.42704,-33.85083],[-70.42627,-33.84873],[-70.42189,-33.8426],[-70.42003,-33.84118],[-70.41367,-33.83971],[-70.41138,-33.83817],[-70.40951,-33.83522],[-70.40906,-33.83324],[-70.40781,-33.83191],[-70.40855,-33.82658],[-70.40752,-33.82259],[-70.40628,-33.82021],[-70.40648,-33.81889],[-70.4048,-33.8167],[-70.40376,-33.81438],[-70.40302,-33.80398],[-70.40352,-33.80164],[-70.4061,-33.79678],[-70.40587,-33.79406],[-70.40343,-33.79133],[-70.40317,-33.78964],[-70.40667,-33.78604],[-70.40721,-33.7846],[-70.40724,-33.77957],[-70.40829,-33.7745],[-70.40392,-33.76888],[-70.40379,-33.76559],[-70.40261,-33.76365],[-70.40257,-33.7624],[-70.40417,-33.75941],[-70.40226,-33.7561],[-70.40326,-33.75401],[-70.4,-33.74927],[-70.40031,-33.74738],[-70.40361,-33.74283],[-70.40319,-33.7381],[-70.40362,-33.73252],[-70.40463,-33.73123],[-70.40459,-33.72969],[-70.40266,-33.72661],[-70.40286,-33.72344],[-70.40401,-33.72153],[-70.40357,-33.72016],[-70.40414,-33.71776],[-70.40263,-33.71521],[-70.40052,-33.71287],[-70.4005,-33.71194],[-70.40175,-33.7084],[-70.40519,-33.7067],[-70.4092,-33.70348],[-70.41305,-33.70235],[-70.41498,-33.70121],[-70.42202,-33.69965],[-70.43056,-33.69587],[-70.43387,-33.69488],[-70.43695,-33.691],[-70.43769,-33.6892],[-70.43891,-33.68825],[-70.4397,-33.68492],[-70.44093,-33.68344],[-70.43841,-33.67822],[-70.43644,-33.67643],[-70.43171,-33.67348],[-70.43068,-33.66972],[-70.43225,-33.66832],[-70.4337,-33.66606],[-70.43344,-33.66458],[-70.43033,-33.66266],[-70.4295,-33.66062],[-70.4263,-33.66032],[-70.42419,-33.66078],[-70.42133,-33.66048],[-70.41302,-33.65449],[-70.41073,-33.65173],[-70.40821,-33.64955],[-70.40724,-33.64661],[-70.4102,-33.646],[-70.41132,-33.64499],[-70.41203,-33.64264],[-70.41316,-33.64191],[-70.41427,-33.64004],[-70.41767,-33.63789],[-70.42124,-33.6368],[-70.42374,-33.6332],[-70.42479,-33.62737],[-70.42646,-33.62526],[-70.42692,-33.6223],[-70.4278,-33.62014],[-70.43511,-33.62066],[-70.43585,-33.62032],[-70.43712,-33.61792],[-70.43919,-33.61522],[-70.44102,-33.60871],[-70.44036,-33.60342],[-70.44055,-33.60098],[-70.4436,-33.58921],[-70.44399,-33.58534],[-70.44382,-33.57875],[-70.44994,-33.57983],[-70.45266,-33.58283],[-70.45853,-33.58267],[-70.46136,-33.5815],[-70.46245,-33.58311],[-70.46022,-33.58735],[-70.45964,-33.58956],[-70.46087,-33.59111],[-70.46638,-33.59126],[-70.4734,-33.59235],[-70.47567,-33.59089],[-70.47671,-33.58959],[-70.47916,-33.58987],[-70.48066,-33.59434],[-70.48221,-33.5949],[-70.48532,-33.59445],[-70.48752,-33.59458],[-70.48899,-33.59548],[-70.49116,-33.59842],[-70.49536,-33.59986],[-70.49588,-33.59202],[-70.49723,-33.59096],[-70.49844,-33.58865],[-70.49796,-33.58694],[-70.49805,-33.5825],[-70.50035,-33.57994],[-70.50046,-33.57321],[-70.50008,-33.57131],[-70.49869,-33.5697],[-70.49597,-33.56772],[-70.49504,-33.56562],[-70.49339,-33.56336],[-70.49107,-33.5613],[-70.48946,-33.56041],[-70.48876,-33.55913],[-70.48853,-33.55575],[-70.48682,-33.55267],[-70.48603,-33.54604],[-70.48755,-33.54343],[-70.48684,-33.5405],[-70.48459,-33.53861],[-70.48092,-33.53766],[-70.48,-33.53686],[-70.4798,-33.53166],[-70.47363,-33.52802],[-70.46923,-33.52677],[-70.46748,-33.52421],[-70.46584,-33.51846],[-70.46392,-33.51629],[-70.46146,-33.51551],[-70.45543,-33.51081],[-70.45052,-33.50607],[-70.44847,-33.50516],[-70.44311,-33.50418],[-70.43899,-33.50023],[-70.43717,-33.49775],[-70.43794,-33.49016],[-70.43905,-33.48842],[-70.43915,-33.48661],[-70.43776,-33.4835],[-70.43617,-33.48185],[-70.43442,-33.48097],[-70.42932,-33.48223],[-70.42917,-33.48404],[-70.42777,-33.48422],[-70.42554,-33.48328],[-70.41954,-33.4819],[-70.41567,-33.48308],[-70.40708,-33.48724],[-70.40409,-33.48907],[-70.4014,-33.48996],[-70.39685,-33.48983],[-70.39335,-33.4905],[-70.38851,-33.48671],[-70.38301,-33.48532],[-70.3793,-33.48308],[-70.37646,-33.48271],[-70.37274,-33.48289],[-70.36351,-33.4859],[-70.36105,-33.48715],[-70.35925,-33.4872],[-70.3571,-33.4864],[-70.35382,-33.48643],[-70.35188,-33.48831],[-70.3513,-33.49058],[-70.34822,-33.48994],[-70.34616,-33.48877],[-70.34042,-33.48428],[-70.33455,-33.47672],[-70.32526,-33.47313],[-70.32156,-33.47274],[-70.31958,-33.47152],[-70.31504,-33.46656],[-70.3066,-33.46529],[-70.30465,-33.46453],[-70.30083,-33.46076],[-70.29899,-33.45718],[-70.29944,-33.45558],[-70.29919,-33.45282],[-70.29758,-33.45181],[-70.29228,-33.45105],[-70.28934,-33.45198],[-70.28534,-33.45237],[-70.28346,-33.4537],[-70.28255,-33.45564],[-70.27619,-33.45281],[-70.27306,-33.44939],[-70.26682,-33.44537],[-70.26373,-33.44437],[-70.25801,-33.44388],[-70.25548,-33.44213],[-70.25452,-33.43978],[-70.2536,-33.43917],[-70.25095,-33.43884],[-70.24859,-33.43735],[-70.246,-33.43673],[-70.24418,-33.4358],[-70.24282,-33.43278],[-70.24125,-33.43086],[-70.23831,-33.42944],[-70.23625,-33.4261],[-70.23618,-33.42396],[-70.22884,-33.41945],[-70.226,-33.41628],[-70.22413,-33.41493],[-70.22151,-33.41409],[-70.21898,-33.41227],[-70.21743,-33.40885],[-70.21695,-33.40442],[-70.21808,-33.40261],[-70.21777,-33.40062],[-70.214,-33.39638],[-70.21246,-33.3954],[-70.20904,-33.39443],[-70.20318,-33.39155],[-70.20055,-33.38672],[-70.19906,-33.38484],[-70.19844,-33.38082],[-70.19596,-33.37811],[-70.19402,-33.37729],[-70.19321,-33.37608],[-70.19443,-33.37335],[-70.19418,-33.37164],[-70.19207,-33.36929],[-70.19183,-33.36663],[-70.19,-33.36468],[-70.18692,-33.36312],[-70.18163,-33.36246],[-70.18122,-33.36008],[-70.17956,-33.35816],[-70.17726,-33.35651],[-70.17731,-33.35555],[-70.18024,-33.35069],[-70.17909,-33.34901],[-70.17618,-33.34726],[-70.17592,-33.34561],[-70.17805,-33.34392],[-70.17916,-33.34129],[-70.18208,-33.33806],[-70.18234,-33.33666],[-70.18159,-33.33262],[-70.18269,-33.32539],[-70.18208,-33.32209],[-70.18447,-33.31573],[-70.18674,-33.31136],[-70.18653,-33.30883],[-70.18797,-33.30503],[-70.1929,-33.29742],[-70.19501,-33.29609],[-70.19888,-33.29156],[-70.1993,-33.29031],[-70.19903,-33.28726],[-70.19949,-33.28052],[-70.20048,-33.27863],[-70.20022,-33.27684],[-70.19825,-33.27238],[-70.20086,-33.26676],[-70.20355,-33.26442],[-70.20453,-33.26267],[-70.21055,-33.25934],[-70.20999,-33.25338],[-70.20907,-33.25245],[-70.20822,-33.25012],[-70.2094,-33.24794],[-70.21286,-33.24614],[-70.21465,-33.2442],[-70.21694,-33.23939],[-70.22082,-33.23735],[-70.22151,-33.23634],[-70.22332,-33.23027],[-70.22276,-33.22791],[-70.22072,-33.22697],[-70.2202,-33.22427],[-70.2176,-33.22298],[-70.21772,-33.21785],[-70.21839,-33.21684],[-70.22374,-33.21355],[-70.22615,-33.21138],[-70.23044,-33.20401],[-70.23199,-33.2031],[-70.23559,-33.20268],[-70.23733,-33.20164],[-70.23982,-33.19798],[-70.2402,-33.19673],[-70.23983,-33.19215],[-70.24162,-33.19078],[-70.24265,-33.18807],[-70.24373,-33.187],[-70.24361,-33.18567],[-70.24154,-33.18261],[-70.24123,-33.18102],[-70.23769,-33.17584],[-70.23917,-33.1732],[-70.23997,-33.17037],[-70.23997,-33.16682],[-70.23925,-33.16468],[-70.23803,-33.16306],[-70.23258,-33.16058],[-70.22974,-33.15739],[-70.22931,-33.15553],[-70.22697,-33.15071],[-70.22689,-33.14927],[-70.22784,-33.14816],[-70.23078,-33.14631],[-70.23218,-33.14423],[-70.23609,-33.14271],[-70.23623,-33.1404],[-70.23191,-33.13908],[-70.2293,-33.13575],[-70.22792,-33.13509],[-70.22405,-33.13528],[-70.22261,-33.13428],[-70.22058,-33.13191],[-70.21774,-33.13052],[-70.21699,-33.12957],[-70.20932,-33.12748],[-70.20513,-33.1247],[-70.20374,-33.12308],[-70.20276,-33.11631],[-70.2012,-33.11464],[-70.20002,-33.11139],[-70.1991,-33.11083],[-70.19108,-33.10978],[-70.18959,-33.10907],[-70.18625,-33.10623],[-70.18541,-33.10317],[-70.18374,-33.10199],[-70.18118,-33.10239],[-70.1788,-33.10347],[-70.17821,-33.10578],[-70.1772,-33.10675],[-70.15586,-33.11313],[-70.15497,-33.11012],[-70.15293,-33.10688],[-70.1555,-33.10501],[-70.15874,-33.10037],[-70.15873,-33.09918],[-70.15224,-33.09583],[-70.15043,-33.09453],[-70.14799,-33.09518],[-70.14645,-33.095],[-70.14444,-33.09372],[-70.14211,-33.09365],[-70.13876,-33.09445],[-70.13636,-33.09418],[-70.1352,-33.09266],[-70.13239,-33.09076],[-70.13163,-33.08967],[-70.13223,-33.08722],[-70.13042,-33.08426],[-70.12981,-33.08058],[-70.12911,-33.07938],[-70.12427,-33.07526],[-70.1169,-33.07288],[-70.11333,-33.07221],[-70.11353,-33.07001],[-70.11611,-33.06706],[-70.11603,-33.06505],[-70.11174,-33.06146],[-70.10698,-33.05834],[-70.10276,-33.0532],[-70.10155,-33.05254],[-70.0994,-33.05294],[-70.09509,-33.05224],[-70.09365,-33.05144],[-70.09167,-33.05242],[-70.08934,-33.05467],[-70.08607,-33.05645],[-70.08405,-33.05856],[-70.08069,-33.05969],[-70.07462,-33.0647],[-70.07312,-33.07103],[-70.07124,-33.07558],[-70.07019,-33.07944],[-70.07072,-33.08164],[-70.06934,-33.08473],[-70.06784,-33.08609],[-70.0675,-33.08781],[-70.06934,-33.09152],[-70.0694,-33.09309],[-70.07084,-33.09535],[-70.066,-33.10318],[-70.0666,-33.10426],[-70.07078,-33.10763],[-70.07175,-33.10906],[-70.07327,-33.11353],[-70.07622,-33.11663],[-70.07649,-33.11852],[-70.07565,-33.1213],[-70.07413,-33.12302],[-70.06965,-33.12454],[-70.06593,-33.12676],[-70.06166,-33.12827],[-70.05234,-33.13502],[-70.05202,-33.13672],[-70.05246,-33.13908],[-70.0545,-33.14215],[-70.05665,-33.14419],[-70.05686,-33.14561],[-70.05646,-33.14905],[-70.06303,-33.151],[-70.06626,-33.15295],[-70.06723,-33.15534],[-70.06659,-33.15824],[-70.06268,-33.16591],[-70.05744,-33.1717],[-70.0595,-33.17446],[-70.06051,-33.17711],[-70.06221,-33.17844],[-70.06508,-33.17942],[-70.0648,-33.18211],[-70.06212,-33.19008],[-70.06036,-33.19383],[-70.06076,-33.19508],[-70.06473,-33.20031],[-70.06471,-33.20335],[-70.06422,-33.20583],[-70.06313,-33.20747],[-70.06167,-33.21176],[-70.05943,-33.21468],[-70.05759,-33.21971],[-70.05586,-33.22224],[-70.05519,-33.22587],[-70.05361,-33.22653],[-70.04995,-33.2268],[-70.0487,-33.22614],[-70.04719,-33.22662],[-70.04603,-33.22789],[-70.0406,-33.22877],[-70.03791,-33.22866],[-70.02794,-33.23283],[-70.02662,-33.23494],[-70.02655,-33.23635],[-70.02733,-33.23865],[-70.02939,-33.24065],[-70.0279,-33.24657],[-70.02878,-33.2489],[-70.03049,-33.24974],[-70.03151,-33.25152],[-70.03397,-33.25376],[-70.03466,-33.25541],[-70.03476,-33.25785],[-70.03641,-33.26145],[-70.03872,-33.27023],[-70.03819,-33.27091],[-70.03503,-33.27121],[-70.03112,-33.27315],[-70.0288,-33.27562],[-70.02729,-33.27665],[-70.02191,-33.27709],[-70.01675,-33.28084],[-70.01245,-33.28214],[-70.01031,-33.28371],[-70.0088,-33.28579],[-70.0062,-33.28607],[-70.00699,-33.28767],[-70.00759,-33.29054],[-70.01205,-33.29895],[-70.01284,-33.30113],[-70.01012,-33.30374],[-70.00981,-33.30863],[-70.00883,-33.30957],[-70.00818,-33.31176],[-70.00815,-33.31395],[-70.00925,-33.31646],[-70.00609,-33.31927],[-70.00359,-33.32228],[-70.00165,-33.32276],[-69.99966,-33.32208],[-69.99859,-33.32065],[-69.99644,-33.31983],[-69.99404,-33.31775],[-69.99244,-33.31868],[-69.98533,-33.3152],[-69.98368,-33.31367],[-69.97993,-33.31218],[-69.9731,-33.31121],[-69.9694,-33.3089],[-69.9687,-33.30729],[-69.96902,-33.30303],[-69.96746,-33.29902],[-69.96506,-33.29589],[-69.96158,-33.29248],[-69.95654,-33.28898],[-69.95422,-33.28884],[-69.9507,-33.28492],[-69.95041,-33.28316],[-69.94866,-33.28204],[-69.94622,-33.2827],[-69.94279,-33.2846],[-69.9411,-33.28227],[-69.94052,-33.28019],[-69.93884,-33.27798],[-69.93673,-33.27613],[-69.93007,-33.27499],[-69.92894,-33.27334],[-69.92548,-33.27076],[-69.92386,-33.26852],[-69.92122,-33.26768],[-69.91736,-33.2673],[-69.91762,-33.26427],[-69.91683,-33.26074],[-69.91536,-33.25671],[-69.91543,-33.2559],[-69.91734,-33.25334],[-69.91922,-33.24826],[-69.92135,-33.24581],[-69.91802,-33.2447],[-69.90842,-33.26989],[-69.90434,-33.27293],[-69.9004,-33.27334],[-69.89475,-33.27541],[-69.89024,-33.27598],[-69.88612,-33.27864],[-69.88414,-33.27796],[-69.8818,-33.27643],[-69.87768,-33.27674],[-69.87555,-33.27621],[-69.87215,-33.27696],[-69.86774,-33.27967],[-69.86647,-33.27986],[-69.85978,-33.28297],[-69.8591,-33.28283],[-69.85709,-33.28004],[-69.85537,-33.2787],[-69.84899,-33.27551],[-69.84625,-33.27555],[-69.84303,-33.27391],[-69.84061,-33.2718],[-69.83732,-33.27279],[-69.83518,-33.27294],[-69.83357,-33.27368],[-69.83183,-33.27555],[-69.83161,-33.27719],[-69.82967,-33.27816],[-69.82817,-33.28025],[-69.82616,-33.28077],[-69.82435,-33.28054],[-69.82165,-33.28281],[-69.82059,-33.28464],[-69.81668,-33.2881],[-69.81442,-33.28915],[-69.8119,-33.28898],[-69.81003,-33.28973],[-69.80658,-33.28928],[-69.80534,-33.28839],[-69.80165,-33.28717],[-69.79991,-33.28811],[-69.79582,-33.29953],[-69.79329,-33.30166],[-69.79299,-33.30394],[-69.79203,-33.30675],[-69.7907,-33.30902],[-69.78652,-33.31319],[-69.78421,-33.31448],[-69.7834,-33.3167],[-69.78332,-33.31839],[-69.78077,-33.32166],[-69.77839,-33.32776],[-69.77661,-33.32914],[-69.77663,-33.33269],[-69.76981,-33.34316],[-69.76961,-33.34593],[-69.76991,-33.35051],[-69.77074,-33.35261],[-69.77027,-33.35606],[-69.771,-33.36024],[-69.77322,-33.36637],[-69.7736,-33.37057],[-69.77521,-33.37686],[-69.77769,-33.38081],[-69.77823,-33.38377],[-69.78274,-33.3884],[-69.78483,-33.39111],[-69.78691,-33.39286],[-69.78965,-33.39434],[-69.79366,-33.39566],[-69.79524,-33.39685],[-69.81573,-33.39114],[-69.8072,-33.39658],[-69.80525,-33.39881],[-69.80233,-33.40324],[-69.80101,-33.40401],[-69.7987,-33.40833],[-69.79711,-33.41269],[-69.79707,-33.41515],[-69.79773,-33.41728],[-69.79622,-33.41963],[-69.79604,-33.42301],[-69.79851,-33.42444],[-69.80716,-33.42418],[-69.81162,-33.42701],[-69.81808,-33.4293],[-69.81904,-33.43129],[-69.81917,-33.43304],[-69.81862,-33.43534],[-69.81463,-33.43978],[-69.81448,-33.44286],[-69.81584,-33.44568],[-69.81818,-33.44909],[-69.8192,-33.4515],[-69.82134,-33.4527],[-69.82134,-33.46016],[-69.82077,-33.46149],[-69.81938,-33.46193],[-69.8171,-33.46517],[-69.81674,-33.46659],[-69.81513,-33.46937],[-69.81669,-33.47125],[-69.82219,-33.4737],[-69.82599,-33.47451],[-69.82786,-33.47608],[-69.82941,-33.47896],[-69.82997,-33.48079],[-69.83002,-33.48536],[-69.83039,-33.48685],[-69.8318,-33.48922],[-69.83254,-33.49513],[-69.83201,-33.49709],[-69.83232,-33.50021],[-69.83187,-33.50212],[-69.83272,-33.50374],[-69.83297,-33.50569],[-69.83256,-33.50772],[-69.83504,-33.51361],[-69.83536,-33.51538],[-69.83856,-33.51814],[-69.84335,-33.51965],[-69.84696,-33.52031],[-69.85616,-33.52556],[-69.85703,-33.5272],[-69.85748,-33.52968],[-69.86036,-33.53256],[-69.86444,-33.5344],[-69.86993,-33.53784],[-69.87153,-33.53948],[-69.87197,-33.54372],[-69.87159,-33.54451],[-69.87178,-33.54762],[-69.87283,-33.55268],[-69.87408,-33.55545],[-69.87275,-33.55899],[-69.86973,-33.56364],[-69.86882,-33.56606],[-69.86915,-33.57205],[-69.8681,-33.57382],[-69.8654,-33.58462],[-69.86754,-33.59583],[-69.8692,-33.59607],[-69.87182,-33.59791],[-69.87351,-33.59978],[-69.87479,-33.60201],[-69.87437,-33.60481],[-69.87516,-33.60792],[-69.8766,-33.60983],[-69.88085,-33.61865],[-69.8768,-33.62207],[-69.87495,-33.62473],[-69.8761,-33.63049],[-69.874,-33.6341],[-69.87383,-33.63659],[-69.87476,-33.64065],[-69.877,-33.64325],[-69.87747,-33.64609],[-69.87429,-33.64939],[-69.87083,-33.65095],[-69.87039,-33.65279],[-69.87593,-33.65851],[-69.87926,-33.6586],[-69.88108,-33.66532],[-69.88232,-33.67231],[-69.88156,-33.67339],[-69.88227,-33.67825],[-69.88352,-33.68062],[-69.88433,-33.68378],[-69.88273,-33.68586],[-69.87796,-33.68842],[-69.87335,-33.69437],[-69.8731,-33.69598],[-69.87197,-33.69816],[-69.87113,-33.70339],[-69.86931,-33.70627],[-69.86923,-33.70912],[-69.86457,-33.71506],[-69.86455,-33.71724],[-69.8665,-33.71858],[-69.86899,-33.72328],[-69.87418,-33.72755],[-69.87538,-33.731],[-69.87766,-33.73357],[-69.87775,-33.73573],[-69.87658,-33.73799],[-69.87949,-33.74047],[-69.88275,-33.74407],[-69.88496,-33.74496],[-69.88589,-33.74607],[-69.88942,-33.7487],[-69.89335,-33.75375],[-69.89646,-33.75571],[-69.89979,-33.76079],[-69.90065,-33.76633],[-69.90272,-33.76854],[-69.90379,-33.77106],[-69.90424,-33.77413],[-69.90396,-33.77689],[-69.90259,-33.78043],[-69.89778,-33.78283],[-69.89512,-33.78992],[-69.89356,-33.79133],[-69.89528,-33.79562],[-69.89534,-33.80202],[-69.89284,-33.8056],[-69.89309,-33.8075],[-69.89394,-33.8091],[-69.89634,-33.81144],[-69.89668,-33.8139],[-69.89668,-33.82155],[-69.89475,-33.8238],[-69.89478,-33.82787],[-69.8971,-33.82886],[-69.89726,-33.83105],[-69.89576,-33.83241],[-69.89529,-33.83644],[-69.89796,-33.8399],[-69.89895,-33.84382],[-69.89833,-33.84758],[-69.89775,-33.84821],[-69.89354,-33.84819],[-69.88999,-33.84935],[-69.88835,-33.85029],[-69.88627,-33.8504],[-69.88562,-33.85124],[-69.88552,-33.85355],[-69.88405,-33.8556],[-69.88044,-33.85749],[-69.87863,-33.85896],[-69.87506,-33.85968],[-69.87321,-33.86079],[-69.87284,-33.86316],[-69.86942,-33.86865],[-69.86951,-33.8758],[-69.86792,-33.87854],[-69.86756,-33.88117],[-69.86318,-33.88252],[-69.86096,-33.88436],[-69.85762,-33.8856],[-69.85655,-33.88663],[-69.85676,-33.88933],[-69.85539,-33.89224],[-69.86051,-33.89718],[-69.86283,-33.89834],[-69.86436,-33.90068],[-69.86646,-33.9019],[-69.86977,-33.90495],[-69.87282,-33.90706],[-69.87508,-33.91129],[-69.87546,-33.91423],[-69.88006,-33.91522],[-69.88142,-33.91501],[-69.88473,-33.91641],[-69.88643,-33.91818],[-69.88884,-33.91939],[-69.89067,-33.92128],[-69.89195,-33.92409],[-69.89149,-33.92655],[-69.89157,-33.93159],[-69.89406,-33.93571],[-69.89218,-33.94023],[-69.89351,-33.94301],[-69.89531,-33.94516],[-69.90071,-33.94939],[-69.90051,-33.95609],[-69.90127,-33.95748],[-69.9039,-33.96024],[-69.90593,-33.96346],[-69.90549,-33.96472],[-69.90367,-33.96713],[-69.89962,-33.97147],[-69.89762,-33.97244],[-69.89445,-33.97317],[-69.89041,-33.9753],[-69.88536,-33.97547],[-69.88236,-33.97662],[-69.88091,-33.97636],[-69.88009,-33.97473],[-69.87982,-33.97131],[-69.87749,-33.96725],[-69.87611,-33.96571],[-69.87416,-33.96457],[-69.86947,-33.96342],[-69.86063,-33.96376],[-69.85705,-33.96334],[-69.85558,-33.96383],[-69.85298,-33.97422],[-69.84571,-33.98192],[-69.84523,-33.98446],[-69.84362,-33.98849],[-69.84087,-33.99256],[-69.84179,-33.99413],[-69.84078,-33.99656],[-69.8424,-33.99915],[-69.8417,-34.00102],[-69.8405,-34.00236],[-69.8393,-34.00774],[-69.83589,-34.00779],[-69.82387,-34.01052],[-69.82202,-34.0132],[-69.82157,-34.01556],[-69.82366,-34.01773],[-69.82802,-34.02447],[-69.83205,-34.02729],[-69.83685,-34.0322],[-69.84219,-34.03499],[-69.84669,-34.04129],[-69.84728,-34.04531],[-69.8488,-34.04836],[-69.84955,-34.05112],[-69.85372,-34.0552],[-69.8542,-34.05642],[-69.8539,-34.05878],[-69.8507,-34.06151],[-69.85011,-34.06551],[-69.84849,-34.06842],[-69.84657,-34.06908],[-69.84508,-34.07024],[-69.83545,-34.07134],[-69.83312,-34.07097],[-69.8323,-34.07335],[-69.83414,-34.07717],[-69.83361,-34.08249],[-69.83402,-34.08626],[-69.83713,-34.08772],[-69.83708,-34.09055],[-69.83962,-34.09246],[-69.84222,-34.09583],[-69.84528,-34.09709],[-69.85312,-34.09923],[-69.85602,-34.10065],[-69.85776,-34.10264],[-69.86013,-34.10404],[-69.85796,-34.10923],[-69.85761,-34.1122],[-69.85622,-34.11355],[-69.85766,-34.11574],[-69.86017,-34.11681],[-69.86181,-34.11936],[-69.86403,-34.1217],[-69.87006,-34.1241],[-69.87083,-34.12491],[-69.87189,-34.13004],[-69.87306,-34.1321],[-69.87295,-34.13392],[-69.87064,-34.13529],[-69.87008,-34.13684],[-69.86996,-34.14092],[-69.86896,-34.14146],[-69.86565,-34.14188],[-69.86489,-34.1407],[-69.86343,-34.14053],[-69.86012,-34.14261],[-69.85668,-34.14548],[-69.85566,-34.14732],[-69.8537,-34.1477],[-69.84544,-34.1532],[-69.84063,-34.1556],[-69.83831,-34.15806],[-69.83654,-34.15853],[-69.83455,-34.16129],[-69.83497,-34.1631],[-69.83452,-34.16555],[-69.83246,-34.16742],[-69.82966,-34.16828],[-69.82797,-34.16805],[-69.82336,-34.17083],[-69.82249,-34.17258],[-69.81577,-34.17703],[-69.8138,-34.17984],[-69.81163,-34.18477],[-69.80906,-34.18767],[-69.80164,-34.19302],[-69.80057,-34.19508],[-69.80087,-34.19749],[-69.79967,-34.20173],[-69.79918,-34.20561],[-69.79738,-34.20787],[-69.79741,-34.2102],[-69.80052,-34.21652],[-69.79872,-34.21909],[-69.79954,-34.22156],[-69.80111,-34.22224],[-69.80204,-34.22576],[-69.80539,-34.2267],[-69.80512,-34.23066],[-69.80448,-34.23204],[-69.80234,-34.23459],[-69.80389,-34.23854],[-69.80524,-34.24058],[-69.805,-34.24204],[-69.80547,-34.24633],[-69.80659,-34.24809],[-69.81042,-34.24772],[-69.81319,-34.24796],[-69.81631,-34.24722],[-69.82414,-34.24921],[-69.8272,-34.25278],[-69.82706,-34.25458],[-69.82801,-34.25636],[-69.83186,-34.25689],[-69.83428,-34.25611],[-69.83874,-34.25636],[-69.84096,-34.25705],[-69.84364,-34.25671],[-69.84635,-34.25733],[-69.85365,-34.25604],[-69.85434,-34.25806],[-69.85646,-34.26144],[-69.85906,-34.26081],[-69.86142,-34.26406],[-69.86434,-34.2635],[-69.86806,-34.26583],[-69.8701,-34.26599],[-69.87172,-34.26673],[-69.87871,-34.26688],[-69.88207,-34.26543],[-69.88422,-34.26359],[-69.88684,-34.26515],[-69.88968,-34.26491],[-69.89559,-34.2653],[-69.89717,-34.26598],[-69.89908,-34.26926],[-69.8995,-34.27072],[-69.89894,-34.27194],[-69.89837,-34.27634],[-69.89873,-34.28104],[-69.89784,-34.28475],[-69.90008,-34.2852],[-69.90462,-34.28766],[-69.90845,-34.29045],[-69.90937,-34.29067],[-69.91752,-34.28941],[-69.92113,-34.2899],[-69.92225,-34.28961],[-69.92367,-34.28637],[-69.92378,-34.28481],[-69.9249,-34.28449],[-69.9272,-34.2827],[-69.9292,-34.2825],[-69.9313,-34.28131],[-69.93397,-34.28114],[-69.94023,-34.27978],[-69.94025,-34.27695],[-69.94087,-34.27452],[-69.94189,-34.27254],[-69.94357,-34.27113],[-69.94582,-34.27002],[-69.94757,-34.26671],[-69.94949,-34.26551],[-69.95102,-34.26318],[-69.95456,-34.25968],[-69.96276,-34.25373],[-69.97085,-34.24992],[-69.97347,-34.24985],[-69.97539,-34.25147],[-69.98355,-34.25435],[-69.98513,-34.25753],[-69.98531,-34.2596],[-69.9871,-34.26109],[-69.98995,-34.26081],[-69.99168,-34.26133],[-69.99667,-34.26057],[-70.00288,-34.26163],[-70.00419,-34.2621],[-70.00612,-34.26556],[-70.00856,-34.26532],[-70.01129,-34.26627],[-70.01273,-34.26877],[-70.01374,-34.27233],[-70.01529,-34.27481],[-70.01643,-34.27558],[-70.01963,-34.27616],[-70.01958,-34.27808],[-70.01881,-34.28006],[-70.0192,-34.28124],[-70.02335,-34.28261],[-70.025,-34.28602],[-70.02803,-34.28784],[-70.03055,-34.28855]]]}},{"type":"Feature","properties":{"comuna":"Tiltil","region":"Región Metropolitana de Santiago","codregion":13},"geometry":{"type":"Polygon","coordinates":[[[-70.72824,-32.92457],[-70.72601,-32.92648],[-70.72342,-32.92722],[-70.72263,-32.92971],[-70.72369,-32.93239],[-70.72246,-32.93403],[-70.72202,-32.93687],[-70.72237,-32.938],[-70.72085,-32.94149],[-70.72115,-32.94403],[-70.72077,-32.94619],[-70.72134,-32.94973],[-70.72,-32.95303],[-70.72244,-32.95357],[-70.7246,-32.9552],[-70.7255,-32.95706],[-70.72829,-32.95932],[-70.73401,-32.96212],[-70.73812,-32.96581],[-70.73985,-32.96665],[-70.74201,-32.96695],[-70.74348,-32.96655],[-70.74728,-32.96701],[-70.74983,-32.96866],[-70.7539,-32.9744],[-70.76007,-32.97772],[-70.76108,-32.98003],[-70.76686,-32.98156],[-70.77041,-32.98371],[-70.7668,-32.98738],[-70.76341,-32.98873],[-70.76165,-32.9911],[-70.75991,-32.9952],[-70.75903,-32.99932],[-70.75977,-33.0022],[-70.75895,-33.00502],[-70.75785,-33.00588],[-70.75392,-33.00714],[-70.75212,-33.00908],[-70.75021,-33.01216],[-70.75542,-33.01615],[-70.75706,-33.02028],[-70.75613,-33.02147],[-70.75353,-33.02334],[-70.75306,-33.02495],[-70.75377,-33.02628],[-70.75611,-33.02807],[-70.75642,-33.02963],[-70.75804,-33.03221],[-70.76146,-33.03421],[-70.7623,-33.03657],[-70.76069,-33.03933],[-70.75969,-33.042],[-70.75947,-33.04408],[-70.76119,-33.04701],[-70.76482,-33.04851],[-70.76564,-33.05005],[-70.76606,-33.05345],[-70.76689,-33.05536],[-70.76413,-33.05802],[-70.76354,-33.05906],[-70.75973,-33.06163],[-70.75319,-33.06409],[-70.75164,-33.06537],[-70.75044,-33.06716],[-70.74809,-33.06793],[-70.74696,-33.06891],[-70.74692,-33.07261],[-70.74804,-33.07997],[-70.7543,-33.09339],[-70.75851,-33.10043],[-70.75976,-33.10411],[-70.75772,-33.10743],[-70.75715,-33.1108],[-70.75444,-33.11628],[-70.75429,-33.11819],[-70.75918,-33.12319],[-70.75924,-33.1261],[-70.75422,-33.13364],[-70.75403,-33.13607],[-70.75497,-33.13825],[-70.75293,-33.14161],[-70.74893,-33.14425],[-70.74421,-33.14555],[-70.74368,-33.14775],[-70.74245,-33.14852],[-70.74198,-33.1528],[-70.74035,-33.15422],[-70.73924,-33.15591],[-70.73872,-33.15839],[-70.73492,-33.16044],[-70.73421,-33.16296],[-70.73438,-33.1644],[-70.73574,-33.16663],[-70.73945,-33.16858],[-70.74135,-33.16913],[-70.74367,-33.169],[-70.74526,-33.16995],[-70.74566,-33.1717],[-70.75139,-33.17445],[-70.75199,-33.17599],[-70.75447,-33.17884],[-70.75646,-33.1796],[-70.7598,-33.17852],[-70.76335,-33.17933],[-70.76434,-33.17905],[-70.77001,-33.17478],[-70.7741,-33.17542],[-70.77605,-33.17366],[-70.78197,-33.17197],[-70.78558,-33.17153],[-70.79019,-33.17234],[-70.79195,-33.17304],[-70.79846,-33.16967],[-70.79998,-33.16977],[-70.80222,-33.17208],[-70.80765,-33.17176],[-70.80847,-33.17278],[-70.81126,-33.17466],[-70.81899,-33.17686],[-70.82196,-33.17963],[-70.82375,-33.18324],[-70.82586,-33.18491],[-70.82721,-33.18469],[-70.8308,-33.18138],[-70.83526,-33.1797],[-70.84804,-33.18104],[-70.85371,-33.181],[-70.85718,-33.18141],[-70.85721,-33.18221],[-70.85224,-33.18463],[-70.85038,-33.1879],[-70.84918,-33.19453],[-70.85005,-33.19777],[-70.85653,-33.20408],[-70.85923,-33.21033],[-70.86012,-33.21336],[-70.86095,-33.21454],[-70.86191,-33.21764],[-70.86329,-33.22045],[-70.86597,-33.22343],[-70.86682,-33.22577],[-70.87526,-33.22749],[-70.87874,-33.22657],[-70.88113,-33.227],[-70.88295,-33.22886],[-70.88403,-33.22641],[-70.88603,-33.22471],[-70.88783,-33.22392],[-70.88678,-33.22227],[-70.88597,-33.21655],[-70.88622,-33.21469],[-70.88856,-33.21289],[-70.89258,-33.21199],[-70.89459,-33.21089],[-70.89445,-33.20915],[-70.89318,-33.20776],[-70.89219,-33.20565],[-70.89191,-33.20324],[-70.89054,-33.1988],[-70.88976,-33.18799],[-70.88976,-33.18539],[-70.89032,-33.1837],[-70.89293,-33.18109],[-70.90911,-33.18151],[-70.91826,-33.18452],[-70.92133,-33.18476],[-70.92761,-33.18661],[-70.92983,-33.18679],[-70.93191,-33.18588],[-70.93294,-33.184],[-70.93419,-33.1837],[-70.93584,-33.18124],[-70.93924,-33.17885],[-70.94056,-33.17673],[-70.94427,-33.17524],[-70.94634,-33.17388],[-70.95329,-33.1725],[-70.95408,-33.17274],[-70.9561,-33.1751],[-70.95794,-33.1762],[-70.9633,-33.17752],[-70.96967,-33.17587],[-70.97271,-33.17447],[-70.9751,-33.17207],[-70.97817,-33.17351],[-70.98057,-33.17313],[-70.9817,-33.17229],[-70.98346,-33.17293],[-70.98568,-33.17747],[-70.99338,-33.17766],[-70.99158,-33.17579],[-70.99451,-33.17198],[-70.99513,-33.16976],[-71.00101,-33.16192],[-71.00404,-33.15891],[-71.00459,-33.15687],[-71.00461,-33.15436],[-71.00917,-33.15432],[-71.01158,-33.15284],[-71.01446,-33.14838],[-71.01433,-33.1468],[-71.01207,-33.14414],[-71.0132,-33.14263],[-71.01238,-33.13637],[-71.01275,-33.13222],[-71.01424,-33.12929],[-71.0165,-33.1232],[-71.01714,-33.12204],[-71.01932,-33.12005],[-71.01973,-33.11793],[-71.01949,-33.11377],[-71.02014,-33.11062],[-71.01832,-33.10643],[-71.01528,-33.0952],[-71.02322,-33.08743],[-71.02918,-33.08403],[-71.02736,-33.082],[-71.02612,-33.07825],[-71.02246,-33.07645],[-71.01794,-33.07192],[-71.01821,-33.07022],[-71.01513,-33.06735],[-71.01345,-33.0667],[-71.01189,-33.06514],[-71.00931,-33.06521],[-71.00879,-33.06455],[-71.01022,-33.06023],[-71.00818,-33.05674],[-71.00771,-33.05301],[-71.00696,-33.05234],[-71.00489,-33.05288],[-71.00089,-33.05041],[-71.00161,-33.04791],[-71.00259,-33.04709],[-71.00604,-33.04563],[-71.0078,-33.04406],[-71.00794,-33.042],[-71.01358,-33.03802],[-71.01445,-33.03556],[-71.01467,-33.03217],[-71.01596,-33.02898],[-71.01706,-33.02769],[-71.01699,-33.02541],[-71.01796,-33.02458],[-71.01991,-33.02093],[-71.01979,-33.01825],[-71.01905,-33.0173],[-71.01986,-33.01536],[-71.01957,-33.01348],[-71.02006,-33.01162],[-71.0235,-33.00783],[-71.02609,-33.0064],[-71.02683,-33.0052],[-71.02717,-33.0003],[-71.02802,-32.99747],[-71.02708,-32.99133],[-71.02776,-32.98905],[-71.02284,-32.98511],[-71.02131,-32.9821],[-71.01912,-32.98008],[-71.01773,-32.97953],[-71.01605,-32.9777],[-71.01423,-32.97676],[-71.01031,-32.97604],[-71.00528,-32.97627],[-70.99966,-32.97559],[-70.99702,-32.97673],[-70.99386,-32.97712],[-70.98749,-32.97905],[-70.98563,-32.97868],[-70.98377,-32.97704],[-70.98164,-32.97618],[-70.97453,-32.9759],[-70.97103,-32.97655],[-70.96298,-32.97364],[-70.95756,-32.97033],[-70.95291,-32.96626],[-70.95102,-32.96792],[-70.94785,-32.97166],[-70.94683,-32.97232],[-70.93974,-32.97301],[-70.92919,-32.9682],[-70.9265,-32.966],[-70.92568,-32.96461],[-70.92521,-32.95907],[-70.92437,-32.95665],[-70.9221,-32.95313],[-70.91663,-32.9476],[-70.91596,-32.94472],[-70.91186,-32.94582],[-70.90921,-32.94505],[-70.90824,-32.94312],[-70.90719,-32.93652],[-70.90526,-32.93565],[-70.90189,-32.93554],[-70.89788,-32.93432],[-70.89417,-32.935],[-70.88769,-32.93879],[-70.8859,-32.93871],[-70.883,-32.93687],[-70.87821,-32.93521],[-70.87234,-32.93113],[-70.87084,-32.93085],[-70.8684,-32.93209],[-70.86511,-32.93225],[-70.86182,-32.93012],[-70.85549,-32.92968],[-70.84875,-32.92742],[-70.84196,-32.92248],[-70.84114,-32.92258],[-70.83946,-32.92504],[-70.83732,-32.92673],[-70.8331,-32.92793],[-70.82559,-32.9279],[-70.82185,-32.92866],[-70.81684,-32.93067],[-70.81471,-32.93055],[-70.81154,-32.92949],[-70.808,-32.9269],[-70.80472,-32.92521],[-70.80183,-32.9249],[-70.79858,-32.92573],[-70.79601,-32.92565],[-70.79397,-32.92609],[-70.79285,-32.92901],[-70.79006,-32.92984],[-70.78511,-32.92876],[-70.78174,-32.92921],[-70.78017,-32.9304],[-70.77851,-32.93291],[-70.77719,-32.93382],[-70.77448,-32.93451],[-70.77355,-32.93531],[-70.77155,-32.93553],[-70.76818,-32.93487],[-70.76461,-32.93282],[-70.76266,-32.93023],[-70.76128,-32.92945],[-70.75993,-32.93036],[-70.75699,-32.93084],[-70.75281,-32.92913],[-70.74925,-32.92984],[-70.74496,-32.92857],[-70.74169,-32.92538],[-70.73932,-32.9251],[-70.73645,-32.92377],[-70.73098,-32.92615],[-70.72998,-32.92616],[-70.72824,-32.92457]]]}},{"type":"Feature","properties":{"comuna":"Melipilla","region":"Región Metropolitana de Santiago","codregion":13},"geometry":{"type":"Polygon","coordinates":[[[-71.39103,-33.76763],[-71.38729,-33.76783],[-71.38311,-33.76539],[-71.37968,-33.76595],[-71.37559,-33.76581],[-71.37378,-33.76399],[-71.36887,-33.76287],[-71.36827,-33.76162],[-71.36501,-33.76048],[-71.3624,-33.75835],[-71.36213,-33.75586],[-71.35936,-33.75196],[-71.35907,-33.74675],[-71.36219,-33.74692],[-71.3644,-33.74584],[-71.36746,-33.74603],[-71.36829,-33.7443],[-71.37011,-33.74411],[-71.37125,-33.74282],[-71.37298,-33.74396],[-71.37517,-33.74431],[-71.38573,-33.73969],[-71.38965,-33.73893],[-71.39217,-33.73667],[-71.39158,-33.73452],[-71.39015,-33.73276],[-71.3904,-33.72897],[-71.39271,-33.72731],[-71.39429,-33.72713],[-71.3957,-33.72499],[-71.39557,-33.72264],[-71.39684,-33.72052],[-71.39902,-33.71886],[-71.40091,-33.71902],[-71.40353,-33.71819],[-71.40551,-33.7155],[-71.40684,-33.71464],[-71.41052,-33.71422],[-71.41433,-33.71068],[-71.41896,-33.70824],[-71.42061,-33.70845],[-71.42001,-33.70571],[-71.42186,-33.70254],[-71.42206,-33.7014],[-71.42414,-33.70013],[-71.42457,-33.6976],[-71.42382,-33.69388],[-71.42204,-33.68935],[-71.42067,-33.68859],[-71.42142,-33.68679],[-71.43523,-33.68529],[-71.43714,-33.68432],[-71.43792,-33.68273],[-71.43765,-33.67935],[-71.43501,-33.67739],[-71.43367,-33.67474],[-71.43394,-33.67188],[-71.43109,-33.6685],[-71.43053,-33.66331],[-71.42693,-33.66049],[-71.42225,-33.66092],[-71.42011,-33.66028],[-71.41871,-33.65834],[-71.41332,-33.65864],[-71.41046,-33.65948],[-71.40532,-33.66233],[-71.4016,-33.66363],[-71.39977,-33.66347],[-71.39849,-33.66173],[-71.39897,-33.66],[-71.39822,-33.65815],[-71.39588,-33.65662],[-71.39622,-33.65406],[-71.39545,-33.64937],[-71.39652,-33.64552],[-71.39549,-33.64259],[-71.39428,-33.64124],[-71.39149,-33.64012],[-71.38724,-33.63907],[-71.38461,-33.63539],[-71.38307,-33.63488],[-71.38221,-33.63337],[-71.38228,-33.63151],[-71.38379,-33.62883],[-71.38418,-33.62587],[-71.38228,-33.62306],[-71.3769,-33.62159],[-71.37367,-33.62166],[-71.36921,-33.62356],[-71.36667,-33.62297],[-71.36181,-33.62355],[-71.35964,-33.6234],[-71.35446,-33.62089],[-71.35376,-33.61865],[-71.35262,-33.61803],[-71.3488,-33.61757],[-71.34811,-33.6162],[-71.34662,-33.61535],[-71.34599,-33.61369],[-71.34449,-33.61239],[-71.33995,-33.6115],[-71.33854,-33.60932],[-71.33591,-33.6074],[-71.33604,-33.60151],[-71.33415,-33.59884],[-71.33345,-33.5968],[-71.33192,-33.59447],[-71.33174,-33.58784],[-71.33203,-33.58558],[-71.32954,-33.5846],[-71.32906,-33.58354],[-71.32449,-33.58601],[-71.32133,-33.58722],[-71.31577,-33.58828],[-71.31089,-33.58713],[-71.30916,-33.58611],[-71.30704,-33.58596],[-71.30485,-33.58476],[-71.29988,-33.58685],[-71.29874,-33.58874],[-71.29423,-33.58863],[-71.29165,-33.58791],[-71.28881,-33.58854],[-71.28648,-33.58648],[-71.28301,-33.58478],[-71.2805,-33.58239],[-71.27826,-33.58201],[-71.27572,-33.58057],[-71.27225,-33.58092],[-71.26963,-33.58227],[-71.26718,-33.58268],[-71.2628,-33.58221],[-71.25233,-33.58275],[-71.25112,-33.58149],[-71.25243,-33.58009],[-71.25328,-33.57702],[-71.25186,-33.57509],[-71.24792,-33.57464],[-71.24636,-33.5741],[-71.2442,-33.57418],[-71.24308,-33.57272],[-71.24488,-33.56945],[-71.24472,-33.56787],[-71.24343,-33.56656],[-71.241,-33.56708],[-71.2386,-33.56913],[-71.23601,-33.56822],[-71.23418,-33.56592],[-71.2342,-33.56509],[-71.23776,-33.56349],[-71.23869,-33.56178],[-71.23606,-33.5613],[-71.23317,-33.56183],[-71.23086,-33.56288],[-71.22916,-33.56138],[-71.22831,-33.55954],[-71.22668,-33.55799],[-71.22288,-33.55648],[-71.2216,-33.55522],[-71.22125,-33.55064],[-71.21855,-33.54955],[-71.2179,-33.5509],[-71.21599,-33.55212],[-71.21449,-33.55129],[-71.21438,-33.54943],[-71.21655,-33.54744],[-71.21656,-33.54524],[-71.21574,-33.54449],[-71.21046,-33.54306],[-71.20915,-33.54147],[-71.20295,-33.54362],[-71.2001,-33.54587],[-71.19637,-33.54684],[-71.1908,-33.54756],[-71.18472,-33.55277],[-71.18014,-33.55433],[-71.17324,-33.55417],[-71.17038,-33.55365],[-71.16649,-33.55529],[-71.16382,-33.55572],[-71.15758,-33.55435],[-71.15319,-33.55447],[-71.15082,-33.55313],[-71.15025,-33.55094],[-71.14693,-33.55019],[-71.14028,-33.55097],[-71.13813,-33.54929],[-71.135,-33.54954],[-71.13174,-33.54874],[-71.12787,-33.54845],[-71.12562,-33.5495],[-71.12171,-33.55033],[-71.1158,-33.55473],[-71.11354,-33.55341],[-71.11024,-33.54851],[-71.10728,-33.54784],[-71.10101,-33.55003],[-71.09597,-33.55071],[-71.09317,-33.5528],[-71.09099,-33.55325],[-71.08684,-33.5508],[-71.08263,-33.55075],[-71.07829,-33.54933],[-71.07651,-33.54986],[-71.07492,-33.55161],[-71.07239,-33.55216],[-71.07081,-33.55431],[-71.06691,-33.55589],[-71.05918,-33.55606],[-71.04858,-33.55331],[-71.04741,-33.55357],[-71.04624,-33.55517],[-71.04277,-33.55476],[-71.0357,-33.55094],[-71.03401,-33.55075],[-71.03152,-33.55146],[-71.02994,-33.54967],[-71.02519,-33.54855],[-71.02126,-33.54544],[-71.01952,-33.54521],[-71.01697,-33.5433],[-71.01501,-33.54252],[-71.01344,-33.54017],[-71.01181,-33.53961],[-71.01009,-33.53987],[-71.00747,-33.53925],[-70.99761,-33.53917],[-70.99174,-33.54142],[-70.98912,-33.54418],[-70.98893,-33.54552],[-70.98752,-33.5464],[-70.98424,-33.54717],[-70.98161,-33.54707],[-70.9792,-33.54625],[-70.97428,-33.54556],[-70.97027,-33.54682],[-70.96571,-33.54689],[-70.96328,-33.54774],[-70.96094,-33.54768],[-70.95461,-33.55002],[-70.95254,-33.55197],[-70.95162,-33.55379],[-70.94927,-33.55574],[-70.94895,-33.55923],[-70.94843,-33.56065],[-70.94878,-33.56453],[-70.94815,-33.56692],[-70.9463,-33.56834],[-70.94331,-33.5722],[-70.93904,-33.57489],[-70.93636,-33.57751],[-70.93634,-33.57918],[-70.93732,-33.58226],[-70.9357,-33.58382],[-70.93537,-33.58812],[-70.93636,-33.59035],[-70.9367,-33.59258],[-70.93907,-33.59422],[-70.94195,-33.59532],[-70.94583,-33.59817],[-70.95018,-33.59896],[-70.95448,-33.60495],[-70.9548,-33.60633],[-70.95452,-33.60943],[-70.95616,-33.6137],[-70.95783,-33.61458],[-70.95891,-33.6169],[-70.96475,-33.62268],[-70.96786,-33.62406],[-70.96957,-33.62404],[-70.97229,-33.62313],[-70.97459,-33.62151],[-70.97563,-33.61955],[-70.97765,-33.61804],[-70.9832,-33.61661],[-70.98765,-33.61659],[-70.99016,-33.61493],[-70.99477,-33.61371],[-70.99781,-33.61423],[-70.99919,-33.61507],[-71.00216,-33.61516],[-71.00271,-33.61687],[-71.00572,-33.61951],[-71.01014,-33.62467],[-71.01147,-33.62565],[-71.01866,-33.62825],[-71.02379,-33.62793],[-71.02776,-33.62715],[-71.03055,-33.62939],[-71.03206,-33.63285],[-71.03237,-33.63643],[-71.03351,-33.64089],[-71.03603,-33.64294],[-71.04051,-33.63944],[-71.04826,-33.63656],[-71.05142,-33.63668],[-71.05436,-33.63781],[-71.05963,-33.63798],[-71.0607,-33.63712],[-71.06131,-33.6348],[-71.06261,-33.63247],[-71.06503,-33.63257],[-71.06947,-33.63096],[-71.07165,-33.6293],[-71.07362,-33.62841],[-71.07953,-33.62772],[-71.08319,-33.62773],[-71.08694,-33.63149],[-71.09001,-33.63319],[-71.09789,-33.63418],[-71.10575,-33.68542],[-71.11417,-33.68328],[-71.11325,-33.68465],[-71.10082,-33.69259],[-71.10089,-33.6954],[-71.10235,-33.69891],[-71.10216,-33.70121],[-71.10269,-33.70543],[-71.1003,-33.7086],[-71.09774,-33.70954],[-71.09567,-33.71095],[-71.09719,-33.71578],[-71.10287,-33.71771],[-71.1066,-33.7197],[-71.10815,-33.72228],[-71.10967,-33.72356],[-71.11359,-33.72535],[-71.11932,-33.7296],[-71.12035,-33.73124],[-71.12056,-33.73366],[-71.12022,-33.7382],[-71.11927,-33.73988],[-71.1154,-33.7409],[-71.11165,-33.74377],[-71.10426,-33.74486],[-71.09979,-33.74627],[-71.09196,-33.74787],[-71.08985,-33.74893],[-71.08197,-33.75513],[-71.07834,-33.75646],[-71.07613,-33.75669],[-71.07235,-33.75529],[-71.06861,-33.75548],[-71.0663,-33.75475],[-71.06502,-33.75375],[-71.06325,-33.75346],[-71.06105,-33.75388],[-71.05584,-33.7532],[-71.05409,-33.75368],[-71.05019,-33.7533],[-71.04823,-33.75454],[-71.04129,-33.75529],[-71.03903,-33.75661],[-71.03794,-33.75873],[-71.03533,-33.76152],[-71.03413,-33.76231],[-71.02581,-33.76448],[-71.01931,-33.77065],[-71.01583,-33.77218],[-71.00598,-33.77253],[-70.99713,-33.77842],[-70.99591,-33.77837],[-70.99394,-33.77592],[-70.99203,-33.77569],[-70.9877,-33.77678],[-70.98322,-33.77469],[-70.98258,-33.77689],[-70.98114,-33.77969],[-70.98138,-33.78203],[-70.981,-33.78423],[-70.98195,-33.78751],[-70.98125,-33.78971],[-70.98211,-33.79445],[-70.9819,-33.79618],[-70.98071,-33.79949],[-70.98308,-33.80121],[-70.98377,-33.80436],[-70.98351,-33.80797],[-70.98465,-33.81212],[-70.98499,-33.81568],[-70.98661,-33.81895],[-70.9865,-33.82081],[-70.98733,-33.82258],[-70.9866,-33.82569],[-70.98794,-33.82928],[-70.98759,-33.83309],[-70.9889,-33.83557],[-70.98841,-33.83695],[-70.98642,-33.83902],[-70.9834,-33.84068],[-70.98121,-33.84117],[-70.98006,-33.84433],[-70.98123,-33.84778],[-70.98101,-33.84896],[-70.9796,-33.85059],[-70.97946,-33.85169],[-70.98098,-33.85307],[-70.98186,-33.85581],[-70.98097,-33.85704],[-70.98024,-33.86008],[-70.97864,-33.86204],[-70.97862,-33.86441],[-70.97934,-33.86687],[-70.97716,-33.87049],[-70.97686,-33.87521],[-70.97764,-33.87816],[-70.97748,-33.87962],[-70.97594,-33.88235],[-70.97623,-33.88494],[-70.97573,-33.89028],[-70.97477,-33.8929],[-70.97527,-33.89646],[-70.97443,-33.89839],[-70.97492,-33.90209],[-70.97409,-33.90555],[-70.97216,-33.90938],[-70.96899,-33.9129],[-70.96804,-33.91531],[-70.96625,-33.91782],[-70.97005,-33.91796],[-70.97302,-33.91744],[-70.97522,-33.91661],[-70.97784,-33.9149],[-70.99258,-33.89955],[-70.99768,-33.89524],[-71.00144,-33.89364],[-71.00317,-33.89372],[-71.00603,-33.89246],[-71.01015,-33.89188],[-71.01625,-33.89004],[-71.01945,-33.89013],[-71.02371,-33.89174],[-71.02707,-33.89465],[-71.02941,-33.89796],[-71.03179,-33.8992],[-71.04109,-33.8992],[-71.04373,-33.89773],[-71.04749,-33.89645],[-71.05335,-33.8955],[-71.05619,-33.89357],[-71.05782,-33.89321],[-71.06092,-33.89376],[-71.06699,-33.89106],[-71.06932,-33.8907],[-71.07424,-33.89373],[-71.07539,-33.89326],[-71.08008,-33.89301],[-71.08492,-33.894],[-71.08637,-33.89607],[-71.08883,-33.90378],[-71.08864,-33.90782],[-71.09103,-33.91675],[-71.09264,-33.91953],[-71.09398,-33.92342],[-71.09441,-33.92615],[-71.09618,-33.92733],[-71.09811,-33.92983],[-71.0985,-33.93265],[-71.10276,-33.93577],[-71.10349,-33.93697],[-71.10551,-33.93806],[-71.10844,-33.94257],[-71.10945,-33.94346],[-71.1153,-33.9464],[-71.1212,-33.94534],[-71.12437,-33.9443],[-71.12835,-33.94445],[-71.13123,-33.94582],[-71.13378,-33.94582],[-71.1393,-33.94845],[-71.1437,-33.94928],[-71.14814,-33.94731],[-71.14959,-33.94712],[-71.15486,-33.94842],[-71.15773,-33.94871],[-71.15965,-33.95027],[-71.16525,-33.95323],[-71.16592,-33.95404],[-71.16571,-33.95865],[-71.16625,-33.961],[-71.16996,-33.96282],[-71.17329,-33.96389],[-71.17744,-33.96409],[-71.18055,-33.96284],[-71.18235,-33.96128],[-71.18332,-33.95888],[-71.18491,-33.95847],[-71.18678,-33.96006],[-71.19072,-33.96012],[-71.19435,-33.96146],[-71.19948,-33.96079],[-71.20204,-33.95995],[-71.20717,-33.96067],[-71.21122,-33.95738],[-71.21317,-33.95744],[-71.21569,-33.95534],[-71.21992,-33.95293],[-71.22255,-33.95264],[-71.22364,-33.95067],[-71.22592,-33.94798],[-71.22635,-33.9447],[-71.2259,-33.94299],[-71.22821,-33.93947],[-71.22918,-33.93688],[-71.23206,-33.93773],[-71.23447,-33.93783],[-71.23587,-33.93876],[-71.23998,-33.9383],[-71.24231,-33.93573],[-71.24428,-33.93445],[-71.24594,-33.93433],[-71.24883,-33.93332],[-71.25232,-33.93092],[-71.25386,-33.93089],[-71.25541,-33.92862],[-71.25706,-33.9284],[-71.258,-33.92733],[-71.25912,-33.92407],[-71.26095,-33.9217],[-71.26286,-33.92056],[-71.26242,-33.91909],[-71.26421,-33.91753],[-71.26698,-33.91629],[-71.27167,-33.91162],[-71.27331,-33.91088],[-71.27588,-33.91092],[-71.27775,-33.91232],[-71.28003,-33.91175],[-71.28564,-33.91208],[-71.29072,-33.9081],[-71.29118,-33.90525],[-71.29093,-33.9023],[-71.28891,-33.89747],[-71.289,-33.89622],[-71.2921,-33.89235],[-71.29398,-33.88807],[-71.29936,-33.88377],[-71.30022,-33.8818],[-71.30018,-33.8797],[-71.29915,-33.8779],[-71.29891,-33.87562],[-71.2976,-33.87354],[-71.29757,-33.8723],[-71.29868,-33.87121],[-71.29942,-33.86903],[-71.29929,-33.86631],[-71.30083,-33.86394],[-71.30322,-33.86342],[-71.30565,-33.86223],[-71.30886,-33.8625],[-71.31031,-33.86138],[-71.31391,-33.86102],[-71.31533,-33.86491],[-71.31764,-33.86783],[-71.3204,-33.86839],[-71.32467,-33.86574],[-71.32831,-33.86476],[-71.33008,-33.86473],[-71.34164,-33.86713],[-71.34384,-33.86805],[-71.34566,-33.86978],[-71.35004,-33.87093],[-71.35184,-33.87267],[-71.35198,-33.87495],[-71.34962,-33.87853],[-71.34959,-33.87953],[-71.34826,-33.88118],[-71.34917,-33.88331],[-71.35314,-33.88619],[-71.35448,-33.88888],[-71.3564,-33.89013],[-71.35816,-33.89191],[-71.36437,-33.89225],[-71.3675,-33.89051],[-71.37142,-33.89074],[-71.37354,-33.88928],[-71.37708,-33.88501],[-71.37963,-33.88406],[-71.38063,-33.88308],[-71.38238,-33.88009],[-71.38467,-33.87823],[-71.38613,-33.8752],[-71.38615,-33.87377],[-71.38773,-33.87293],[-71.38945,-33.87047],[-71.38992,-33.86759],[-71.39252,-33.86434],[-71.39436,-33.85868],[-71.3958,-33.85674],[-71.39976,-33.84731],[-71.40137,-33.84588],[-71.40258,-33.84568],[-71.40512,-33.84267],[-71.40801,-33.83742],[-71.40774,-33.83613],[-71.40931,-33.83505],[-71.40895,-33.8342],[-71.41076,-33.83297],[-71.41274,-33.83074],[-71.41268,-33.82883],[-71.41423,-33.82694],[-71.41615,-33.82605],[-71.42054,-33.82171],[-71.42101,-33.82004],[-71.42068,-33.81642],[-71.42329,-33.81369],[-71.42325,-33.81045],[-71.42272,-33.80755],[-71.42104,-33.80496],[-71.42144,-33.79693],[-71.42308,-33.79404],[-71.43054,-33.79103],[-71.43342,-33.78886],[-71.42877,-33.78912],[-71.42549,-33.78739],[-71.4214,-33.78674],[-71.41808,-33.78489],[-71.41335,-33.78418],[-71.41168,-33.78428],[-71.40895,-33.78518],[-71.40815,-33.78418],[-71.40917,-33.78021],[-71.40793,-33.77627],[-71.40106,-33.77139],[-71.39933,-33.76861],[-71.39709,-33.76704],[-71.39396,-33.76683],[-71.39103,-33.76763]]]}},{"type":"Feature","properties":{"comuna":"San Pedro","region":"Región Metropolitana de Santiago","codregion":13},"geometry":{"type":"Polygon","coordinates":[[[-71.56393,-33.98676],[-71.56673,-33.9871],[-71.5709,-33.98908],[-71.56928,-33.99123],[-71.56901,-33.99285],[-71.56956,-33.99458],[-71.57258,-33.99838],[-71.57403,-33.9991],[-71.57535,-34.00102],[-71.57366,-34.00212],[-71.57147,-34.00505],[-71.57209,-34.00706],[-71.57576,-34.00807],[-71.57762,-34.00993],[-71.58072,-34.01155],[-71.58002,-34.01535],[-71.57733,-34.01641],[-71.57528,-34.01847],[-71.57571,-34.02257],[-71.57715,-34.02527],[-71.58006,-34.02708],[-71.58049,-34.02899],[-71.58731,-34.03408],[-71.58706,-34.02869],[-71.5887,-34.02742],[-71.59476,-34.02618],[-71.59691,-34.02531],[-71.59852,-34.02179],[-71.6022,-34.01936],[-71.60339,-34.0145],[-71.60303,-34.01243],[-71.60561,-34.01017],[-71.60838,-34.0098],[-71.61023,-34.00911],[-71.61305,-34.00616],[-71.61473,-34.00341],[-71.62346,-34.00247],[-71.63083,-34.00242],[-71.64083,-34.00085],[-71.64748,-33.99765],[-71.65639,-33.9958],[-71.65971,-33.99591],[-71.66159,-33.9973],[-71.66349,-33.99786],[-71.66506,-33.99801],[-71.6669,-33.99734],[-71.66713,-33.99541],[-71.66623,-33.99388],[-71.66629,-33.99146],[-71.66771,-33.98937],[-71.66679,-33.98709],[-71.66676,-33.98373],[-71.6656,-33.98058],[-71.66542,-33.97716],[-71.66757,-33.97594],[-71.6697,-33.97377],[-71.67136,-33.97267],[-71.6752,-33.97312],[-71.67851,-33.97435],[-71.67997,-33.97431],[-71.68314,-33.97383],[-71.68632,-33.97146],[-71.69013,-33.97284],[-71.69223,-33.97493],[-71.69514,-33.97516],[-71.69846,-33.97285],[-71.69931,-33.97083],[-71.6998,-33.96828],[-71.70863,-33.96791],[-71.71123,-33.96697],[-71.71193,-33.966],[-71.70765,-33.96085],[-71.70972,-33.9548],[-71.71276,-33.9491],[-71.71449,-33.94834],[-71.71426,-33.94621],[-71.71303,-33.94543],[-71.71264,-33.94396],[-71.71066,-33.9429],[-71.71056,-33.94143],[-71.70824,-33.94057],[-71.707,-33.94098],[-71.70378,-33.94053],[-71.70162,-33.93762],[-71.70183,-33.93685],[-71.69887,-33.93377],[-71.69765,-33.93322],[-71.69421,-33.93291],[-71.69331,-33.92998],[-71.69154,-33.9282],[-71.68782,-33.9274],[-71.68594,-33.92739],[-71.68359,-33.92549],[-71.68076,-33.92469],[-71.67494,-33.92172],[-71.66903,-33.92015],[-71.6193,-33.89031],[-71.58709,-33.87026],[-71.58081,-33.86688],[-71.57848,-33.8682],[-71.57642,-33.87005],[-71.57563,-33.87183],[-71.57321,-33.87384],[-71.56997,-33.87255],[-71.56722,-33.87326],[-71.56574,-33.87244],[-71.56382,-33.87288],[-71.5624,-33.87185],[-71.5609,-33.87198],[-71.56058,-33.8735],[-71.55803,-33.8731],[-71.55635,-33.87228],[-71.55707,-33.8118],[-71.55585,-33.78286],[-71.55263,-33.77129],[-71.55042,-33.76866],[-71.54893,-33.76808],[-71.54713,-33.76619],[-71.54547,-33.76519],[-71.54076,-33.76397],[-71.53604,-33.76412],[-71.5312,-33.7676],[-71.5281,-33.77127],[-71.52785,-33.77289],[-71.52461,-33.7764],[-71.52119,-33.77833],[-71.51858,-33.77755],[-71.51622,-33.77519],[-71.51419,-33.7741],[-71.512,-33.77437],[-71.50603,-33.77341],[-71.50501,-33.77275],[-71.50419,-33.77075],[-71.50252,-33.77005],[-71.49463,-33.76962],[-71.48931,-33.77137],[-71.48627,-33.77413],[-71.48082,-33.77665],[-71.47846,-33.77851],[-71.47693,-33.78247],[-71.47508,-33.78444],[-71.46861,-33.78534],[-71.46601,-33.78618],[-71.4632,-33.7858],[-71.46037,-33.78367],[-71.45898,-33.78506],[-71.44938,-33.78707],[-71.4431,-33.78718],[-71.44107,-33.78665],[-71.43352,-33.78862],[-71.43054,-33.79103],[-71.42308,-33.79404],[-71.42144,-33.79693],[-71.42104,-33.80496],[-71.42272,-33.80755],[-71.42325,-33.81045],[-71.42329,-33.81369],[-71.42068,-33.81642],[-71.42101,-33.82004],[-71.42054,-33.82171],[-71.41615,-33.82605],[-71.41423,-33.82694],[-71.41268,-33.82883],[-71.41274,-33.83074],[-71.41076,-33.83297],[-71.40895,-33.8342],[-71.40931,-33.83505],[-71.40774,-33.83613],[-71.40801,-33.83742],[-71.40512,-33.84267],[-71.40258,-33.84568],[-71.40137,-33.84588],[-71.39976,-33.84731],[-71.3958,-33.85674],[-71.39436,-33.85868],[-71.39252,-33.86434],[-71.38992,-33.86759],[-71.38945,-33.87047],[-71.38773,-33.87293],[-71.38615,-33.87377],[-71.38613,-33.8752],[-71.38467,-33.87823],[-71.38238,-33.88009],[-71.38063,-33.88308],[-71.37963,-33.88406],[-71.37708,-33.88501],[-71.37354,-33.88928],[-71.37142,-33.89074],[-71.3675,-33.89051],[-71.36437,-33.89225],[-71.35816,-33.89191],[-71.3564,-33.89013],[-71.35448,-33.88888],[-71.35314,-33.88619],[-71.34917,-33.88331],[-71.34826,-33.88118],[-71.34959,-33.87953],[-71.34962,-33.87853],[-71.35198,-33.87495],[-71.35184,-33.87267],[-71.35004,-33.87093],[-71.34566,-33.86978],[-71.34384,-33.86805],[-71.34164,-33.86713],[-71.33008,-33.86473],[-71.32831,-33.86476],[-71.32467,-33.86574],[-71.3204,-33.86839],[-71.31764,-33.86783],[-71.31533,-33.86491],[-71.31391,-33.86102],[-71.31031,-33.86138],[-71.30886,-33.8625],[-71.30565,-33.86223],[-71.30322,-33.86342],[-71.30083,-33.86394],[-71.29929,-33.86631],[-71.29942,-33.86903],[-71.29868,-33.87121],[-71.29757,-33.8723],[-71.2976,-33.87354],[-71.29891,-33.87562],[-71.29915,-33.8779],[-71.30018,-33.8797],[-71.30022,-33.8818],[-71.29936,-33.88377],[-71.29398,-33.88807],[-71.2921,-33.89235],[-71.289,-33.89622],[-71.28891,-33.89747],[-71.29093,-33.9023],[-71.29118,-33.90525],[-71.29072,-33.9081],[-71.28564,-33.91208],[-71.28003,-33.91175],[-71.27775,-33.91232],[-71.27588,-33.91092],[-71.27331,-33.91088],[-71.27167,-33.91162],[-71.26698,-33.91629],[-71.26421,-33.91753],[-71.26242,-33.91909],[-71.26286,-33.92056],[-71.26095,-33.9217],[-71.25912,-33.92407],[-71.258,-33.92733],[-71.25706,-33.9284],[-71.25541,-33.92862],[-71.25386,-33.93089],[-71.25232,-33.93092],[-71.24883,-33.93332],[-71.24594,-33.93433],[-71.24428,-33.93445],[-71.24231,-33.93573],[-71.23998,-33.9383],[-71.23587,-33.93876],[-71.23447,-33.93783],[-71.23206,-33.93773],[-71.22918,-33.93688],[-71.22821,-33.93947],[-71.2259,-33.94299],[-71.22635,-33.9447],[-71.22592,-33.94798],[-71.22364,-33.95067],[-71.22255,-33.95264],[-71.21992,-33.95293],[-71.21569,-33.95534],[-71.21317,-33.95744],[-71.21122,-33.95738],[-71.20717,-33.96067],[-71.20705,-33.9616],[-71.20996,-33.96561],[-71.21139,-33.96649],[-71.21152,-33.96806],[-71.21451,-33.97282],[-71.21425,-33.97614],[-71.21239,-33.97964],[-71.21073,-33.98103],[-71.20929,-33.9832],[-71.20761,-33.98662],[-71.20714,-33.99064],[-71.20858,-33.99323],[-71.21131,-33.9949],[-71.21535,-33.99593],[-71.2176,-33.99738],[-71.22061,-34.00208],[-71.22211,-34.00244],[-71.22467,-34.00406],[-71.22588,-34.00666],[-71.22905,-34.00952],[-71.23107,-34.01234],[-71.23327,-34.01302],[-71.23462,-34.01419],[-71.24068,-34.01613],[-71.2484,-34.01332],[-71.25935,-34.01774],[-71.26321,-34.01638],[-71.26491,-34.01774],[-71.26728,-34.01874],[-71.27043,-34.01859],[-71.27313,-34.01736],[-71.27608,-34.01708],[-71.27888,-34.01789],[-71.28129,-34.02057],[-71.28776,-34.02285],[-71.29065,-34.02296],[-71.29438,-34.02711],[-71.3,-34.02958],[-71.30078,-34.0304],[-71.3018,-34.03263],[-71.30321,-34.03367],[-71.30307,-34.03467],[-71.30518,-34.03616],[-71.30561,-34.03837],[-71.3084,-34.04126],[-71.31034,-34.04218],[-71.312,-34.04389],[-71.31359,-34.0441],[-71.31563,-34.04293],[-71.31706,-34.04421],[-71.32035,-34.04557],[-71.32348,-34.04888],[-71.32867,-34.04902],[-71.33123,-34.0499],[-71.33238,-34.05137],[-71.33418,-34.05246],[-71.33568,-34.05152],[-71.33995,-34.05033],[-71.34143,-34.05085],[-71.3448,-34.05436],[-71.34778,-34.05607],[-71.34662,-34.05927],[-71.34736,-34.06257],[-71.35173,-34.06506],[-71.35371,-34.06371],[-71.35875,-34.06293],[-71.36372,-34.06152],[-71.36577,-34.06053],[-71.37145,-34.0611],[-71.3778,-34.06429],[-71.38142,-34.06544],[-71.38274,-34.06677],[-71.38688,-34.06792],[-71.38877,-34.07202],[-71.38971,-34.07561],[-71.39021,-34.07597],[-71.39273,-34.07429],[-71.39462,-34.0738],[-71.39527,-34.07151],[-71.39908,-34.06777],[-71.4025,-34.06757],[-71.40406,-34.06695],[-71.40458,-34.06576],[-71.41092,-34.06278],[-71.41311,-34.05943],[-71.41481,-34.0577],[-71.4151,-34.05491],[-71.41704,-34.05034],[-71.4156,-34.0476],[-71.4161,-34.04596],[-71.41459,-34.04472],[-71.41368,-34.0412],[-71.41284,-34.04036],[-71.41233,-34.03787],[-71.41347,-34.03577],[-71.41542,-34.0355],[-71.41865,-34.03408],[-71.42068,-34.03254],[-71.4226,-34.03314],[-71.42577,-34.0319],[-71.42913,-34.03315],[-71.43003,-34.0324],[-71.43188,-34.03281],[-71.43565,-34.02713],[-71.43604,-34.0254],[-71.43869,-34.02281],[-71.44302,-34.02195],[-71.44381,-34.01922],[-71.44584,-34.01782],[-71.4476,-34.01493],[-71.44901,-34.01453],[-71.45089,-34.01568],[-71.45401,-34.01529],[-71.45581,-34.01639],[-71.45732,-34.01795],[-71.45803,-34.01807],[-71.46007,-34.01694],[-71.46191,-34.01459],[-71.46602,-34.01297],[-71.46874,-34.01131],[-71.47314,-34.01069],[-71.47473,-34.00828],[-71.47682,-34.0073],[-71.48096,-34.00701],[-71.48242,-34.00604],[-71.48515,-34.00542],[-71.4897,-34.00366],[-71.49277,-34.00096],[-71.4987,-33.99828],[-71.50057,-33.99828],[-71.5034,-33.99698],[-71.51075,-33.99603],[-71.51428,-33.9948],[-71.51799,-33.99519],[-71.51985,-33.99339],[-71.5233,-33.9925],[-71.52897,-33.9922],[-71.53133,-33.99327],[-71.53392,-33.99354],[-71.55184,-33.98924],[-71.55475,-33.99314],[-71.55771,-33.99168],[-71.56039,-33.98931],[-71.56242,-33.98849],[-71.56393,-33.98676]]]}},{"type":"Feature","properties":{"comuna":"Alhué","region":"Región Metropolitana de Santiago","codregion":13},"geometry":{"type":"Polygon","coordinates":[[[-70.96625,-33.91782],[-70.96253,-33.92053],[-70.96015,-33.92341],[-70.95997,-33.92543],[-70.96053,-33.93071],[-70.96173,-33.93462],[-70.96079,-33.93727],[-70.95608,-33.94042],[-70.955,-33.94163],[-70.95499,-33.94435],[-70.9606,-33.95118],[-70.96105,-33.95444],[-70.96309,-33.95628],[-70.96174,-33.96066],[-70.96292,-33.96296],[-70.96623,-33.96649],[-70.96631,-33.96747],[-70.96453,-33.96954],[-70.96288,-33.97062],[-70.95967,-33.97137],[-70.95782,-33.97224],[-70.95485,-33.97257],[-70.95115,-33.9715],[-70.94777,-33.97224],[-70.94587,-33.97456],[-70.94394,-33.9754],[-70.94074,-33.97554],[-70.93848,-33.97701],[-70.93329,-33.97795],[-70.92893,-33.97501],[-70.92671,-33.97543],[-70.91858,-33.97842],[-70.9164,-33.97975],[-70.91323,-33.97965],[-70.90957,-33.97756],[-70.90808,-33.97758],[-70.90588,-33.97876],[-70.90249,-33.98349],[-70.89528,-33.98867],[-70.89058,-33.98637],[-70.88411,-33.98508],[-70.87775,-33.98166],[-70.87253,-33.97966],[-70.86934,-33.97773],[-70.86571,-33.97469],[-70.85546,-33.9704],[-70.85477,-33.96895],[-70.85634,-33.96755],[-70.85673,-33.96614],[-70.85126,-33.9597],[-70.84571,-33.95628],[-70.83845,-33.95452],[-70.83533,-33.95255],[-70.83337,-33.95187],[-70.83037,-33.95205],[-70.82494,-33.95341],[-70.82402,-33.95673],[-70.82489,-33.96187],[-70.82174,-33.96334],[-70.81953,-33.96507],[-70.81504,-33.96641],[-70.8118,-33.96901],[-70.81014,-33.97109],[-70.80625,-33.97155],[-70.7981,-33.97482],[-70.79608,-33.98031],[-70.79583,-33.98232],[-70.79743,-33.98501],[-70.79755,-33.9885],[-70.79561,-33.99077],[-70.79227,-33.99233],[-70.79192,-33.99402],[-70.79317,-33.99513],[-70.79328,-33.99994],[-70.79598,-34.00158],[-70.79771,-34.00198],[-70.80509,-34.00645],[-70.80628,-34.00752],[-70.807,-34.00959],[-70.80589,-34.01157],[-70.80561,-34.01411],[-70.80588,-34.01737],[-70.80812,-34.02051],[-70.80862,-34.02264],[-70.80762,-34.02466],[-70.80883,-34.02583],[-70.81227,-34.02627],[-70.81279,-34.02685],[-70.814,-34.03111],[-70.81612,-34.0343],[-70.81772,-34.03547],[-70.82289,-34.0358],[-70.82463,-34.03547],[-70.82798,-34.03338],[-70.8309,-34.03211],[-70.83323,-34.03206],[-70.83468,-34.03273],[-70.83844,-34.03205],[-70.84152,-34.03204],[-70.84297,-34.03117],[-70.84385,-34.02929],[-70.8468,-34.02858],[-70.85033,-34.02994],[-70.85542,-34.03011],[-70.85727,-34.0308],[-70.85996,-34.03076],[-70.86425,-34.03243],[-70.86601,-34.03355],[-70.86662,-34.03494],[-70.86855,-34.03631],[-70.87212,-34.03735],[-70.87701,-34.03742],[-70.88284,-34.03976],[-70.88816,-34.0387],[-70.8891,-34.04154],[-70.89083,-34.04437],[-70.89105,-34.04707],[-70.8919,-34.04957],[-70.89174,-34.05078],[-70.88944,-34.05269],[-70.88879,-34.05466],[-70.8893,-34.05685],[-70.88912,-34.05924],[-70.89126,-34.0623],[-70.89124,-34.06421],[-70.89187,-34.06654],[-70.89121,-34.06789],[-70.89136,-34.07199],[-70.89369,-34.07648],[-70.89712,-34.07848],[-70.89967,-34.07945],[-70.9038,-34.07724],[-70.90683,-34.07695],[-70.91008,-34.07828],[-70.91294,-34.08058],[-70.91657,-34.07914],[-70.91718,-34.07822],[-70.91936,-34.07804],[-70.92302,-34.07957],[-70.93386,-34.08573],[-70.93498,-34.08674],[-70.93751,-34.09038],[-70.93718,-34.09276],[-70.93874,-34.09615],[-70.93822,-34.09931],[-70.93832,-34.10113],[-70.94123,-34.10521],[-70.94099,-34.10626],[-70.93869,-34.10924],[-70.93888,-34.11192],[-70.93815,-34.11405],[-70.93537,-34.11758],[-70.93553,-34.11915],[-70.93426,-34.1239],[-70.93207,-34.12627],[-70.93145,-34.12914],[-70.93061,-34.13016],[-70.92994,-34.13355],[-70.92923,-34.13519],[-70.92744,-34.13712],[-70.9163,-34.14183],[-70.91429,-34.14472],[-70.91488,-34.14445],[-70.91665,-34.14545],[-70.9219,-34.14674],[-70.93377,-34.15146],[-70.93891,-34.15657],[-70.94341,-34.15968],[-70.94954,-34.16272],[-70.95472,-34.16427],[-70.95813,-34.16439],[-70.96643,-34.16977],[-70.96877,-34.17203],[-70.97732,-34.1732],[-70.98146,-34.17242],[-70.98253,-34.17304],[-70.98511,-34.17322],[-70.99284,-34.17122],[-70.99437,-34.17128],[-71.00412,-34.16802],[-71.00658,-34.16789],[-71.00776,-34.16843],[-71.01144,-34.16882],[-71.01425,-34.16861],[-71.0171,-34.16953],[-71.0232,-34.17063],[-71.02611,-34.17027],[-71.0265,-34.16758],[-71.02812,-34.16618],[-71.03263,-34.16483],[-71.03569,-34.16621],[-71.03862,-34.16826],[-71.04094,-34.17079],[-71.04389,-34.1723],[-71.04752,-34.17132],[-71.05272,-34.17347],[-71.05341,-34.17441],[-71.05326,-34.17788],[-71.05611,-34.17938],[-71.06041,-34.17954],[-71.06306,-34.18019],[-71.06456,-34.17959],[-71.06654,-34.17981],[-71.06749,-34.18098],[-71.0717,-34.18417],[-71.07449,-34.18339],[-71.07881,-34.18141],[-71.08084,-34.18233],[-71.08303,-34.18263],[-71.08619,-34.18048],[-71.08849,-34.18072],[-71.08997,-34.18008],[-71.09117,-34.17524],[-71.09468,-34.17327],[-71.09716,-34.17127],[-71.09985,-34.17094],[-71.10177,-34.16969],[-71.10322,-34.16787],[-71.10588,-34.16635],[-71.11197,-34.16687],[-71.1138,-34.16645],[-71.1177,-34.16414],[-71.11954,-34.16416],[-71.12255,-34.16501],[-71.12595,-34.16663],[-71.12946,-34.16621],[-71.13568,-34.16632],[-71.13844,-34.16513],[-71.14154,-34.16543],[-71.14387,-34.16489],[-71.14735,-34.16611],[-71.15037,-34.16543],[-71.15195,-34.16445],[-71.15463,-34.16374],[-71.15781,-34.16435],[-71.16004,-34.16426],[-71.16532,-34.16188],[-71.16763,-34.16227],[-71.17542,-34.15941],[-71.17823,-34.15941],[-71.1813,-34.15835],[-71.18486,-34.15843],[-71.18797,-34.154],[-71.19174,-34.15149],[-71.19701,-34.1494],[-71.2023,-34.14473],[-71.20268,-34.14302],[-71.20536,-34.13931],[-71.20497,-34.13573],[-71.21103,-34.13618],[-71.21469,-34.13559],[-71.21659,-34.13155],[-71.21836,-34.13128],[-71.22012,-34.12824],[-71.22195,-34.12606],[-71.22546,-34.12418],[-71.22735,-34.12176],[-71.22822,-34.11994],[-71.23014,-34.1188],[-71.23124,-34.11716],[-71.23135,-34.11468],[-71.23068,-34.11335],[-71.23105,-34.10996],[-71.23223,-34.10655],[-71.23421,-34.1058],[-71.23785,-34.10216],[-71.23877,-34.10028],[-71.24375,-34.09532],[-71.2456,-34.09499],[-71.24852,-34.09371],[-71.25256,-34.09044],[-71.25593,-34.0898],[-71.25876,-34.0886],[-71.26745,-34.08363],[-71.26963,-34.07906],[-71.26935,-34.07043],[-71.26994,-34.06816],[-71.26956,-34.06628],[-71.27039,-34.06536],[-71.26679,-34.06298],[-71.26816,-34.05768],[-71.27071,-34.05238],[-71.27449,-34.05048],[-71.27609,-34.05031],[-71.28045,-34.04841],[-71.28258,-34.0467],[-71.28557,-34.04674],[-71.28856,-34.04526],[-71.29142,-34.04487],[-71.29297,-34.04298],[-71.29422,-34.04234],[-71.2985,-34.03739],[-71.29799,-34.03573],[-71.29997,-34.03469],[-71.2999,-34.03216],[-71.30078,-34.0304],[-71.3,-34.02958],[-71.29438,-34.02711],[-71.29065,-34.02296],[-71.28776,-34.02285],[-71.28129,-34.02057],[-71.27888,-34.01789],[-71.27608,-34.01708],[-71.27313,-34.01736],[-71.27043,-34.01859],[-71.26728,-34.01874],[-71.26491,-34.01774],[-71.26321,-34.01638],[-71.25935,-34.01774],[-71.2484,-34.01332],[-71.24068,-34.01613],[-71.23462,-34.01419],[-71.23327,-34.01302],[-71.23107,-34.01234],[-71.22905,-34.00952],[-71.22588,-34.00666],[-71.22467,-34.00406],[-71.22211,-34.00244],[-71.22061,-34.00208],[-71.2176,-33.99738],[-71.21535,-33.99593],[-71.21131,-33.9949],[-71.20858,-33.99323],[-71.20714,-33.99064],[-71.20761,-33.98662],[-71.20929,-33.9832],[-71.21073,-33.98103],[-71.21239,-33.97964],[-71.21425,-33.97614],[-71.21451,-33.97282],[-71.21152,-33.96806],[-71.21139,-33.96649],[-71.20996,-33.96561],[-71.20705,-33.9616],[-71.20717,-33.96067],[-71.20204,-33.95995],[-71.19948,-33.96079],[-71.19435,-33.96146],[-71.19072,-33.96012],[-71.18678,-33.96006],[-71.18491,-33.95847],[-71.18332,-33.95888],[-71.18235,-33.96128],[-71.18055,-33.96284],[-71.17744,-33.96409],[-71.17329,-33.96389],[-71.16996,-33.96282],[-71.16625,-33.961],[-71.16571,-33.95865],[-71.16592,-33.95404],[-71.16525,-33.95323],[-71.15965,-33.95027],[-71.15773,-33.94871],[-71.15486,-33.94842],[-71.14959,-33.94712],[-71.14814,-33.94731],[-71.1437,-33.94928],[-71.1393,-33.94845],[-71.13378,-33.94582],[-71.13123,-33.94582],[-71.12835,-33.94445],[-71.12437,-33.9443],[-71.1212,-33.94534],[-71.1153,-33.9464],[-71.10945,-33.94346],[-71.10844,-33.94257],[-71.10551,-33.93806],[-71.10349,-33.93697],[-71.10276,-33.93577],[-71.0985,-33.93265],[-71.09811,-33.92983],[-71.09618,-33.92733],[-71.09441,-33.92615],[-71.09398,-33.92342],[-71.09264,-33.91953],[-71.09103,-33.91675],[-71.08864,-33.90782],[-71.08883,-33.90378],[-71.08637,-33.89607],[-71.08492,-33.894],[-71.08008,-33.89301],[-71.07539,-33.89326],[-71.07424,-33.89373],[-71.06932,-33.8907],[-71.06699,-33.89106],[-71.06092,-33.89376],[-71.05782,-33.89321],[-71.05619,-33.89357],[-71.05335,-33.8955],[-71.04749,-33.89645],[-71.04373,-33.89773],[-71.04109,-33.8992],[-71.03179,-33.8992],[-71.02941,-33.89796],[-71.02707,-33.89465],[-71.02371,-33.89174],[-71.01945,-33.89013],[-71.01625,-33.89004],[-71.01015,-33.89188],[-71.00603,-33.89246],[-71.00317,-33.89372],[-71.00144,-33.89364],[-70.99768,-33.89524],[-70.99258,-33.89955],[-70.97784,-33.9149],[-70.97522,-33.91661],[-70.97302,-33.91744],[-70.97005,-33.91796],[-70.96625,-33.91782]]]}},{"type":"Feature","properties":{"comuna":"La Unión","region":"Región de Los Ríos","codregion":14},"geometry":{"type":"Polygon","coordinates":[[[-73.70625,-40.00628],[-73.66455,-40.00654],[-73.62634,-39.98049],[-73.56771,-39.9967],[-73.4865,-40.04434],[-73.46278,-40.07714],[-73.47856,-40.10207],[-73.44669,-40.11244],[-73.41743,-40.1167],[-73.34982,-40.06555],[-73.301,-40.06411],[-73.26145,-40.07107],[-73.21537,-40.11115],[-73.14326,-40.09629],[-73.14806,-40.06401],[-73.09856,-40.06873],[-73.06318,-40.10202],[-73.01195,-40.08635],[-73.02253,-40.12763],[-72.98694,-40.13835],[-72.98762,-40.15839],[-72.95659,-40.14818],[-72.92239,-40.17928],[-72.8443,-40.15572],[-72.8405,-40.20112],[-72.79373,-40.18078],[-72.75198,-40.20121],[-72.70311,-40.16118],[-72.67326,-40.17305],[-72.6688,-40.19323],[-72.63418,-40.17943],[-72.5775,-40.18809],[-72.5403,-40.16778],[-72.50998,-40.19449],[-72.53176,-40.25725],[-72.56073,-40.27747],[-72.60637,-40.26072],[-72.61158,-40.2451],[-72.62016,-40.25553],[-72.66375,-40.24747],[-72.69449,-40.27333],[-72.7189,-40.26452],[-72.75614,-40.28567],[-72.80193,-40.27304],[-72.91118,-40.33651],[-73.0681,-40.31991],[-73.13102,-40.33837],[-73.14879,-40.36104],[-73.17955,-40.3477],[-73.2721,-40.35237],[-73.308,-40.33452],[-73.40586,-40.33794],[-73.4484,-40.30284],[-73.45437,-40.27012],[-73.51131,-40.28851],[-73.57754,-40.28324],[-73.60016,-40.30131],[-73.67183,-40.27689],[-73.68291,-40.23922],[-73.71472,-40.24526],[-73.72398,-40.19975],[-73.6966,-40.19246],[-73.65306,-40.13364],[-73.66451,-40.05144],[-73.70625,-40.00628]]]}},{"type":"Feature","properties":{"comuna":"Los Lagos","region":"Región de Los Ríos","codregion":14},"geometry":{"type":"Polygon","coordinates":[[[-72.59982,-39.66507],[-72.54435,-39.66642],[-72.50851,-39.7192],[-72.52729,-39.75175],[-72.49037,-39.74433],[-72.45973,-39.77594],[-72.35279,-39.80619],[-72.25027,-39.87117],[-72.21647,-39.83385],[-72.14059,-39.8761],[-72.16067,-39.90933],[-72.12243,-39.89609],[-72.08129,-39.9218],[-72.02759,-39.91716],[-72.03309,-39.95554],[-72.06328,-39.97367],[-72.09531,-39.9576],[-72.12432,-39.98115],[-72.16374,-39.95914],[-72.1827,-39.98516],[-72.23775,-39.99466],[-72.25408,-39.96481],[-72.28249,-40.00793],[-72.40566,-40.03223],[-72.49727,-39.99373],[-72.50063,-40.0084],[-72.54063,-40.00764],[-72.58299,-39.97334],[-72.62626,-40.00696],[-72.60105,-40.02381],[-72.637,-40.04276],[-72.66647,-40.03194],[-72.69262,-39.9934],[-72.71217,-40.01774],[-72.77418,-40.01645],[-72.80594,-39.97785],[-72.83403,-39.98177],[-72.8439,-39.95341],[-72.91122,-39.94934],[-72.9402,-39.90521],[-72.95867,-39.90381],[-72.94948,-39.8665],[-72.98176,-39.78509],[-72.93378,-39.81904],[-72.86989,-39.81099],[-72.84215,-39.74817],[-72.82399,-39.77499],[-72.77553,-39.77722],[-72.75479,-39.74528],[-72.71971,-39.7596],[-72.73358,-39.72153],[-72.68667,-39.70542],[-72.72574,-39.66502],[-72.66035,-39.68213],[-72.59982,-39.66507]]]}},{"type":"Feature","properties":{"comuna":"Máfil","region":"Región de Los Ríos","codregion":14},"geometry":{"type":"Polygon","coordinates":[[[-72.61208,-39.625],[-72.59268,-39.6504],[-72.63062,-39.67762],[-72.72574,-39.66502],[-72.68667,-39.70542],[-72.73358,-39.72153],[-72.71971,-39.7596],[-72.75479,-39.74528],[-72.77553,-39.77722],[-72.82399,-39.77499],[-72.84215,-39.74817],[-72.86989,-39.81099],[-72.91925,-39.81873],[-72.97511,-39.78594],[-73.01271,-39.78596],[-72.98839,-39.77632],[-73.02279,-39.69245],[-73.08153,-39.71035],[-73.0997,-39.69547],[-73.05019,-39.63697],[-73.00847,-39.62378],[-72.99684,-39.60381],[-72.98213,-39.61504],[-72.96011,-39.59213],[-72.93694,-39.59314],[-72.92878,-39.6183],[-72.78567,-39.61044],[-72.79865,-39.62581],[-72.76461,-39.64423],[-72.74157,-39.64396],[-72.71957,-39.61175],[-72.61208,-39.625]]]}},{"type":"Feature","properties":{"comuna":"Paillaco","region":"Región de Los Ríos","codregion":14},"geometry":{"type":"Polygon","coordinates":[[[-72.92086,-39.94118],[-72.86932,-39.95993],[-72.8439,-39.95341],[-72.83403,-39.98177],[-72.80594,-39.97785],[-72.76893,-40.01794],[-72.71217,-40.01774],[-72.69014,-39.99449],[-72.66647,-40.03194],[-72.61311,-40.04482],[-72.59153,-40.06024],[-72.5954,-40.08585],[-72.55297,-40.09978],[-72.54329,-40.14029],[-72.56616,-40.15591],[-72.5403,-40.16778],[-72.5775,-40.18809],[-72.63418,-40.17943],[-72.6688,-40.19323],[-72.67326,-40.17305],[-72.70311,-40.16118],[-72.75198,-40.20121],[-72.79373,-40.18078],[-72.8405,-40.20112],[-72.8443,-40.15572],[-72.92239,-40.17928],[-72.95659,-40.14818],[-72.98762,-40.15839],[-72.98694,-40.13835],[-73.02253,-40.12763],[-73.01195,-40.08635],[-73.06318,-40.10202],[-73.09856,-40.06873],[-73.15829,-40.0603],[-73.15215,-40.035],[-73.17146,-40.01284],[-73.08925,-40.01678],[-73.08051,-40.03146],[-73.06592,-39.99745],[-72.99724,-39.97601],[-73.02681,-39.95293],[-73.00665,-39.93288],[-72.94833,-39.92502],[-72.92086,-39.94118]]]}},{"type":"Feature","properties":{"comuna":"Lanco","region":"Región de Los Ríos","codregion":14},"geometry":{"type":"Polygon","coordinates":[[[-72.33234,-39.5096],[-72.39889,-39.53502],[-72.41015,-39.55281],[-72.44472,-39.55858],[-72.46154,-39.54488],[-72.48692,-39.56326],[-72.47304,-39.57915],[-72.49168,-39.5884],[-72.54872,-39.58585],[-72.56661,-39.63652],[-72.59329,-39.64597],[-72.61055,-39.6365],[-72.60134,-39.60841],[-72.64023,-39.58345],[-72.74709,-39.56538],[-72.76993,-39.53063],[-72.84652,-39.50978],[-72.84841,-39.43716],[-72.83364,-39.41148],[-72.79322,-39.40498],[-72.78995,-39.43103],[-72.74034,-39.44173],[-72.71335,-39.42602],[-72.65796,-39.46026],[-72.53236,-39.43371],[-72.5171,-39.47705],[-72.43991,-39.47489],[-72.33234,-39.5096]]]}},{"type":"Feature","properties":{"comuna":"Panguipulli","region":"Región de Los Ríos","codregion":14},"geometry":{"type":"Polygon","coordinates":[[[-71.81367,-40.08008],[-71.8256,-40.0498],[-71.80831,-40.01611],[-71.82948,-40.00065],[-71.79325,-39.98516],[-71.79399,-39.97141],[-71.84306,-39.91424],[-71.87216,-39.91895],[-71.89356,-39.89641],[-72.02355,-39.93112],[-72.03272,-39.91509],[-72.08129,-39.9218],[-72.12243,-39.89609],[-72.16067,-39.90933],[-72.14059,-39.8761],[-72.21647,-39.83385],[-72.25027,-39.87117],[-72.35279,-39.80619],[-72.45973,-39.77594],[-72.49037,-39.74433],[-72.52729,-39.75175],[-72.50851,-39.7192],[-72.54435,-39.66642],[-72.60412,-39.66188],[-72.56661,-39.63652],[-72.55036,-39.58674],[-72.47746,-39.5828],[-72.48692,-39.56326],[-72.46154,-39.54488],[-72.44472,-39.55858],[-72.41015,-39.55281],[-72.39889,-39.53502],[-72.24607,-39.46656],[-72.21644,-39.46893],[-72.23652,-39.47114],[-72.26903,-39.51296],[-72.2152,-39.53107],[-72.11781,-39.51077],[-71.9395,-39.42018],[-71.86138,-39.43518],[-71.84219,-39.46985],[-71.7608,-39.5085],[-71.71878,-39.49356],[-71.70186,-39.50551],[-71.69667,-39.56219],[-71.67905,-39.56562],[-71.71583,-39.64936],[-71.66918,-39.68238],[-71.70476,-39.69596],[-71.69378,-39.70676],[-71.71182,-39.72413],[-71.68018,-39.76657],[-71.68327,-39.80129],[-71.66697,-39.80763],[-71.6922,-39.82352],[-71.6907,-39.84294],[-71.67121,-39.8637],[-71.64172,-39.85507],[-71.63232,-39.88309],[-71.61314,-39.87501],[-71.5921,-39.91236],[-71.62418,-39.93829],[-71.62333,-39.97637],[-71.65128,-39.97291],[-71.689,-40.0356],[-71.66611,-40.07326],[-71.67444,-40.10536],[-71.69976,-40.11748],[-71.81367,-40.08008]]]}},{"type":"Feature","properties":{"comuna":"Río Bueno","region":"Región de Los Ríos","codregion":14},"geometry":{"type":"Polygon","coordinates":[[[-72.39925,-40.65636],[-72.60735,-40.68098],[-72.64478,-40.65639],[-72.65578,-40.62537],[-72.77083,-40.60168],[-72.81967,-40.55621],[-72.81453,-40.54558],[-72.85774,-40.53716],[-72.89246,-40.50654],[-72.90305,-40.44506],[-72.97963,-40.38589],[-73.03181,-40.38364],[-73.07782,-40.3453],[-73.13375,-40.34099],[-73.06369,-40.3196],[-72.91118,-40.33651],[-72.80193,-40.27304],[-72.75614,-40.28567],[-72.7189,-40.26452],[-72.69449,-40.27333],[-72.6464,-40.25713],[-72.62439,-40.30676],[-72.56754,-40.32755],[-72.57309,-40.34476],[-72.5499,-40.37824],[-72.51132,-40.37681],[-72.37483,-40.42704],[-72.31949,-40.42726],[-72.30504,-40.43635],[-72.2981,-40.48976],[-72.15243,-40.54792],[-72.11952,-40.58164],[-72.07779,-40.53397],[-72.04489,-40.53889],[-71.98463,-40.51519],[-71.95324,-40.54389],[-71.91757,-40.53935],[-71.8764,-40.56799],[-71.89077,-40.58657],[-71.92919,-40.59097],[-71.96727,-40.63254],[-72.05214,-40.63005],[-72.07926,-40.66051],[-72.16278,-40.65781],[-72.19898,-40.67167],[-72.28734,-40.64653],[-72.34066,-40.67604],[-72.35419,-40.66033],[-72.39925,-40.65636]]]}},{"type":"Feature","properties":{"comuna":"Mariquina","region":"Región de Los Ríos","codregion":14},"geometry":{"type":"MultiPolygon","coordinates":[[[[-73.24257,-39.39034],[-73.15997,-39.4159],[-73.13292,-39.39334],[-73.08698,-39.38908],[-73.03398,-39.33739],[-73.02314,-39.29789],[-73.00729,-39.29147],[-72.94521,-39.31702],[-72.90927,-39.29003],[-72.85823,-39.28823],[-72.8356,-39.32119],[-72.90179,-39.38834],[-72.89704,-39.43249],[-72.86745,-39.39832],[-72.83294,-39.41258],[-72.84841,-39.43716],[-72.84652,-39.50978],[-72.76993,-39.53063],[-72.74709,-39.56538],[-72.67576,-39.5686],[-72.60134,-39.60841],[-72.60979,-39.62601],[-72.71957,-39.61175],[-72.74157,-39.64396],[-72.76461,-39.64423],[-72.79865,-39.62581],[-72.78567,-39.61044],[-72.92878,-39.6183],[-72.93694,-39.59314],[-72.96011,-39.59213],[-72.98213,-39.61504],[-72.99684,-39.60381],[-73.00847,-39.62378],[-73.05019,-39.63697],[-73.09229,-39.6908],[-73.16862,-39.70152],[-73.18605,-39.68922],[-73.12953,-39.64553],[-73.16128,-39.66038],[-73.1316,-39.61877],[-73.16798,-39.66342],[-73.17136,-39.62495],[-73.12838,-39.59506],[-73.17136,-39.62408],[-73.16433,-39.59406],[-73.18786,-39.62408],[-73.17897,-39.66916],[-73.19663,-39.6813],[-73.22208,-39.67686],[-73.23666,-39.65144],[-73.30597,-39.647],[-73.32381,-39.63005],[-73.28216,-39.58816],[-73.28892,-39.55525],[-73.25048,-39.5325],[-73.25989,-39.50615],[-73.24535,-39.49156],[-73.26507,-39.45657],[-73.21985,-39.44587],[-73.22188,-39.40181],[-73.24257,-39.39034]]]]}},{"type":"Feature","properties":{"comuna":"Corral","region":"Región de Los Ríos","codregion":14},"geometry":{"type":"MultiPolygon","coordinates":[[[[-73.30618,-39.85855],[-73.25754,-39.89926],[-73.28593,-39.94613],[-73.32926,-39.93116],[-73.34462,-39.90168],[-73.31907,-39.90123],[-73.37973,-39.88409],[-73.30618,-39.85855]]],[[[-73.22178,-39.93792],[-73.15303,-39.95373],[-73.16504,-39.97357],[-73.13923,-40.00202],[-73.17341,-40.01835],[-73.15265,-40.03358],[-73.14326,-40.09629],[-73.21537,-40.11115],[-73.27172,-40.06671],[-73.34648,-40.06533],[-73.41743,-40.1167],[-73.44669,-40.11244],[-73.47856,-40.10207],[-73.46278,-40.07714],[-73.4865,-40.04434],[-73.56771,-39.9967],[-73.62634,-39.98049],[-73.66455,-40.00654],[-73.70647,-40.00529],[-73.6806,-39.99101],[-73.67707,-39.96424],[-73.59291,-39.95705],[-73.59216,-39.93136],[-73.51663,-39.91593],[-73.48412,-39.89181],[-73.46838,-39.85171],[-73.42479,-39.86964],[-73.43088,-39.88581],[-73.40258,-39.90732],[-73.4092,-39.92258],[-73.39056,-39.94549],[-73.37393,-39.93656],[-73.37776,-39.89528],[-73.35582,-39.91624],[-73.33874,-39.91236],[-73.31924,-39.95665],[-73.29346,-39.95906],[-73.30573,-39.94606],[-73.2817,-39.94741],[-73.25596,-39.9054],[-73.22178,-39.93792]]]]}},{"type":"Feature","properties":{"comuna":"Valdivia","region":"Región de Los Ríos","codregion":14},"geometry":{"type":"MultiPolygon","coordinates":[[[[-73.27033,-39.80415],[-73.26671,-39.7851],[-73.24552,-39.80643],[-73.25956,-39.82653],[-73.27033,-39.80415]]],[[[-73.0997,-39.69547],[-73.08153,-39.71035],[-73.02279,-39.69245],[-72.98839,-39.77632],[-73.01271,-39.78596],[-72.97467,-39.79403],[-72.97549,-39.82393],[-72.94948,-39.8665],[-72.96031,-39.90089],[-72.9402,-39.90521],[-72.92086,-39.94118],[-72.94833,-39.92502],[-73.00665,-39.93288],[-73.02681,-39.95293],[-72.99724,-39.97601],[-73.06592,-39.99745],[-73.08264,-40.03184],[-73.08925,-40.01678],[-73.14551,-40.00845],[-73.13882,-39.99617],[-73.16504,-39.97357],[-73.1586,-39.94312],[-73.22178,-39.93792],[-73.25976,-39.87619],[-73.17396,-39.88759],[-73.14244,-39.93069],[-73.13219,-39.91672],[-73.15491,-39.91068],[-73.13628,-39.88636],[-73.14961,-39.89068],[-73.18792,-39.85627],[-73.1757,-39.88428],[-73.20499,-39.89164],[-73.2301,-39.86615],[-73.23447,-39.88034],[-73.26704,-39.86902],[-73.24516,-39.80893],[-73.2174,-39.82246],[-73.18957,-39.78498],[-73.16268,-39.80341],[-73.19147,-39.78289],[-73.22539,-39.81952],[-73.26412,-39.78407],[-73.24705,-39.77927],[-73.24844,-39.74474],[-73.15995,-39.70157],[-73.0997,-39.69547]]],[[[-73.31984,-39.63728],[-73.23666,-39.65144],[-73.22491,-39.67674],[-73.20054,-39.68108],[-73.20139,-39.69946],[-73.22569,-39.72012],[-73.24619,-39.69409],[-73.24138,-39.71934],[-73.2982,-39.74678],[-73.27871,-39.74092],[-73.26016,-39.75922],[-73.28023,-39.79872],[-73.26536,-39.83114],[-73.28453,-39.85557],[-73.28936,-39.83451],[-73.31012,-39.83889],[-73.29555,-39.85039],[-73.3288,-39.85574],[-73.34339,-39.81705],[-73.3319,-39.81424],[-73.34703,-39.81098],[-73.33406,-39.85688],[-73.39688,-39.87608],[-73.39182,-39.84816],[-73.40953,-39.83261],[-73.38965,-39.76424],[-73.41188,-39.71736],[-73.40493,-39.69393],[-73.36754,-39.68621],[-73.35071,-39.67153],[-73.36062,-39.65589],[-73.31984,-39.63728]]]]}},{"type":"Feature","properties":{"comuna":"Lago Ranco","region":"Región de Los Ríos","codregion":14},"geometry":{"type":"Polygon","coordinates":[[[-71.88962,-40.55101],[-71.95324,-40.54389],[-71.98463,-40.51519],[-72.04489,-40.53889],[-72.07779,-40.53397],[-72.11952,-40.58164],[-72.15243,-40.54792],[-72.2981,-40.48976],[-72.30504,-40.43635],[-72.31949,-40.42726],[-72.37483,-40.42704],[-72.51132,-40.37681],[-72.5499,-40.37824],[-72.57309,-40.34476],[-72.56754,-40.32755],[-72.63447,-40.29528],[-72.63653,-40.26265],[-72.68389,-40.25804],[-72.61323,-40.24466],[-72.56073,-40.27747],[-72.53176,-40.25725],[-72.51096,-40.1875],[-72.41819,-40.2006],[-72.40728,-40.21541],[-72.41654,-40.2305],[-72.38924,-40.24918],[-72.28564,-40.21892],[-72.25644,-40.23481],[-72.22304,-40.20782],[-72.18521,-40.20929],[-72.05116,-40.26361],[-71.97814,-40.31761],[-71.90367,-40.31858],[-71.78771,-40.34914],[-71.6572,-40.35302],[-71.69317,-40.3729],[-71.69239,-40.40439],[-71.71022,-40.42469],[-71.74099,-40.43729],[-71.79464,-40.40722],[-71.825,-40.42007],[-71.85654,-40.50891],[-71.84384,-40.52537],[-71.8585,-40.55458],[-71.88962,-40.55101]]]}},{"type":"Feature","properties":{"comuna":"Futrono","region":"Región de Los Ríos","codregion":14},"geometry":{"type":"Polygon","coordinates":[[[-71.6572,-40.35302],[-71.78771,-40.34914],[-71.90367,-40.31858],[-71.97814,-40.31761],[-72.05116,-40.26361],[-72.18521,-40.20929],[-72.22304,-40.20782],[-72.25644,-40.23481],[-72.28564,-40.21892],[-72.3959,-40.24746],[-72.41654,-40.2305],[-72.40728,-40.21541],[-72.41819,-40.2006],[-72.50776,-40.1896],[-72.56616,-40.15591],[-72.54329,-40.14029],[-72.54791,-40.10724],[-72.5954,-40.08585],[-72.59153,-40.06024],[-72.637,-40.04276],[-72.60105,-40.02381],[-72.62626,-40.00696],[-72.58299,-39.97334],[-72.52056,-40.01429],[-72.49727,-39.99373],[-72.43594,-40.02874],[-72.38731,-40.03019],[-72.28249,-40.00793],[-72.25408,-39.96481],[-72.23775,-39.99466],[-72.1827,-39.98516],[-72.16374,-39.95914],[-72.12432,-39.98115],[-72.09531,-39.9576],[-72.06328,-39.97367],[-72.03309,-39.95554],[-72.02832,-39.92897],[-71.89356,-39.89641],[-71.87216,-39.91895],[-71.84899,-39.91156],[-71.8169,-39.93195],[-71.82478,-39.94218],[-71.79316,-39.98017],[-71.82948,-40.00065],[-71.80803,-40.01864],[-71.8256,-40.0498],[-71.81165,-40.07926],[-71.83105,-40.10643],[-71.80316,-40.11007],[-71.79919,-40.13767],[-71.82852,-40.17271],[-71.79793,-40.18696],[-71.82774,-40.2058],[-71.82469,-40.23075],[-71.76175,-40.27634],[-71.74699,-40.3067],[-71.71618,-40.2787],[-71.68398,-40.29387],[-71.6572,-40.35302]]]}},{"type":"Feature","properties":{"comuna":"Putre","region":"Región de Arica y Parinacota","codregion":15},"geometry":{"type":"Polygon","coordinates":[[[-68.9502,-18.93667],[-68.99622,-18.95819],[-69.01378,-18.94894],[-69.02761,-18.9743],[-69.00981,-18.99751],[-69.04884,-19.03203],[-69.07486,-19.02788],[-69.14708,-18.93213],[-69.15274,-18.837],[-69.20177,-18.82618],[-69.22121,-18.78872],[-69.26907,-18.78228],[-69.32718,-18.78279],[-69.3585,-18.8216],[-69.38273,-18.81151],[-69.45334,-18.70335],[-69.49052,-18.6989],[-69.51384,-18.65494],[-69.69048,-18.54854],[-69.6789,-18.50001],[-69.62576,-18.43503],[-69.67951,-18.35109],[-69.6507,-18.31354],[-69.68124,-18.26042],[-69.6661,-18.23507],[-69.69534,-18.19112],[-69.67683,-18.16259],[-69.64296,-18.16294],[-69.65959,-18.11997],[-69.62882,-17.99573],[-69.46548,-17.98008],[-69.39087,-18.00161],[-69.25585,-17.95409],[-69.24796,-17.98203],[-69.12094,-18.00444],[-69.06537,-18.04896],[-69.05703,-18.0612],[-69.07472,-18.08789],[-69.12744,-18.12749],[-69.14623,-18.16317],[-69.06393,-18.23096],[-69.07444,-18.28662],[-69.03819,-18.32212],[-69.05681,-18.37494],[-69.0483,-18.42658],[-69.00279,-18.48236],[-69.0169,-18.57241],[-69.00743,-18.60151],[-69.02853,-18.60161],[-69.03648,-18.62362],[-68.98415,-18.67864],[-68.97772,-18.73897],[-68.91228,-18.89132],[-68.9502,-18.93667]]]}},{"type":"Feature","properties":{"comuna":"Camarones","region":"Región de Arica y Parinacota","codregion":15},"geometry":{"type":"Polygon","coordinates":[[[-70.3385,-18.82904],[-70.29448,-18.8152],[-70.02159,-18.90367],[-70.02128,-18.82666],[-69.85482,-18.82246],[-69.73286,-18.74864],[-69.46194,-18.69947],[-69.42919,-18.72464],[-69.38273,-18.81151],[-69.3585,-18.8216],[-69.32718,-18.78279],[-69.26907,-18.78228],[-69.22121,-18.78872],[-69.20177,-18.82618],[-69.15274,-18.837],[-69.14708,-18.93213],[-69.11888,-18.96625],[-69.12339,-18.97991],[-69.07106,-19.02943],[-69.07511,-19.04802],[-69.10672,-19.05632],[-69.10264,-19.06754],[-69.15341,-19.10273],[-69.19119,-19.0952],[-69.20355,-19.10989],[-69.2349,-19.09446],[-69.31688,-19.13531],[-69.31494,-19.1031],[-69.39605,-19.06138],[-69.40244,-19.03451],[-69.42555,-19.02471],[-69.47511,-19.03626],[-69.64469,-19.02112],[-69.8264,-19.04731],[-69.88646,-19.03468],[-70.09902,-19.1194],[-70.13089,-19.15472],[-70.2853,-19.22934],[-70.26721,-19.19783],[-70.26925,-19.14569],[-70.31529,-19.02414],[-70.30859,-18.96447],[-70.35057,-18.83716],[-70.3385,-18.82904]]]}},{"type":"Feature","properties":{"comuna":"Arica","region":"Región de Arica y Parinacota","codregion":15},"geometry":{"type":"Polygon","coordinates":[[[-69.78365,-18.04829],[-69.74592,-18.08581],[-69.77148,-18.10721],[-69.75645,-18.13475],[-69.67084,-18.16219],[-69.69534,-18.19112],[-69.6661,-18.23507],[-69.68124,-18.26042],[-69.65071,-18.31354],[-69.68018,-18.34864],[-69.62577,-18.43503],[-69.67891,-18.50001],[-69.69049,-18.54854],[-69.51384,-18.65494],[-69.49053,-18.6989],[-69.73286,-18.74864],[-69.85482,-18.82246],[-70.02128,-18.82666],[-70.02159,-18.90367],[-70.29448,-18.8152],[-70.34919,-18.8349],[-70.35847,-18.79365],[-70.33786,-18.75716],[-70.33502,-18.69307],[-70.34985,-18.64923],[-70.31668,-18.51512],[-70.33297,-18.47954],[-70.30265,-18.44871],[-70.37912,-18.35012],[-70.32102,-18.31183],[-70.1495,-18.31939],[-70.05044,-18.26927],[-69.9659,-18.26218],[-69.86054,-18.17053],[-69.78365,-18.04829]]]}},{"type":"Feature","properties":{"comuna":"General Lagos","region":"Región de Arica y Parinacota","codregion":15},"geometry":{"type":"Polygon","coordinates":[[[-69.28551,-17.96976],[-69.39573,-18.00202],[-69.46548,-17.98008],[-69.62882,-17.99573],[-69.65959,-18.11997],[-69.64296,-18.16294],[-69.74459,-18.14601],[-69.77148,-18.10721],[-69.74592,-18.08581],[-69.78365,-18.04829],[-69.75024,-17.94734],[-69.79907,-17.86581],[-69.8008,-17.76221],[-69.82224,-17.74399],[-69.82606,-17.70602],[-69.79626,-17.64591],[-69.66644,-17.66032],[-69.46848,-17.4984],[-69.46787,-17.60485],[-69.33793,-17.72993],[-69.3108,-17.79498],[-69.299,-17.85569],[-69.30851,-17.89545],[-69.28551,-17.96976]]]}},{"type":"Feature","properties":{"comuna":"Bulnes","region":"Región de Ñuble","codregion":16},"geometry":{"type":"Polygon","coordinates":[[[-72.35167,-36.69614],[-72.31146,-36.69662],[-72.30577,-36.71016],[-72.28683,-36.70504],[-72.21797,-36.73841],[-72.13432,-36.73425],[-72.1091,-36.79492],[-72.14622,-36.78698],[-72.21565,-36.90119],[-72.31075,-36.86986],[-72.38044,-36.86671],[-72.42932,-36.80224],[-72.43006,-36.76992],[-72.41398,-36.75913],[-72.45206,-36.70118],[-72.44173,-36.68819],[-72.43695,-36.70115],[-72.39867,-36.70673],[-72.35167,-36.69614]]]}},{"type":"Feature","properties":{"comuna":"Chillán Viejo","region":"Región de Ñuble","codregion":16},"geometry":{"type":"Polygon","coordinates":[[[-72.21337,-36.62652],[-72.14303,-36.61394],[-72.10318,-36.62743],[-72.05745,-36.74685],[-72.1247,-36.72841],[-72.21797,-36.73841],[-72.3577,-36.68993],[-72.35718,-36.65423],[-72.30976,-36.63269],[-72.21337,-36.62652]]]}},{"type":"Feature","properties":{"comuna":"Chillán","region":"Región de Ñuble","codregion":16},"geometry":{"type":"Polygon","coordinates":[[[-71.85847,-36.51689],[-71.87721,-36.56482],[-72.01304,-36.55491],[-72.03719,-36.5743],[-72.02106,-36.57861],[-72.02957,-36.6045],[-71.95699,-36.63303],[-71.93809,-36.66607],[-71.95073,-36.68517],[-71.98263,-36.67197],[-72.00365,-36.704],[-71.97934,-36.72077],[-72.00107,-36.74965],[-72.05838,-36.74889],[-72.06377,-36.70497],[-72.10318,-36.62743],[-72.13871,-36.61425],[-72.302,-36.62951],[-72.35718,-36.65423],[-72.34804,-36.69344],[-72.38387,-36.70715],[-72.43695,-36.70115],[-72.46489,-36.64711],[-72.31122,-36.59038],[-72.28002,-36.59968],[-72.25545,-36.57844],[-72.22356,-36.58338],[-72.19141,-36.55433],[-72.08177,-36.55195],[-72.04671,-36.52285],[-72.01766,-36.52528],[-71.99115,-36.50673],[-71.93486,-36.52613],[-71.85847,-36.51689]]]}},{"type":"Feature","properties":{"comuna":"Yungay","region":"Región de Ñuble","codregion":16},"geometry":{"type":"Polygon","coordinates":[[[-72.19473,-37.0273],[-72.05461,-37.04786],[-71.98952,-37.03707],[-71.9757,-37.05267],[-71.95851,-37.04466],[-71.87312,-37.06639],[-71.69266,-37.03702],[-71.59536,-36.99725],[-71.55448,-37.01417],[-71.53977,-37.06795],[-71.56255,-37.13386],[-71.58198,-37.12447],[-71.68705,-37.1444],[-71.79705,-37.10865],[-71.84298,-37.12836],[-71.85056,-37.16223],[-71.89822,-37.18445],[-71.9912,-37.19309],[-72.03579,-37.16562],[-72.06625,-37.16786],[-72.05336,-37.17489],[-72.06202,-37.1935],[-72.11978,-37.17862],[-72.16034,-37.19741],[-72.24475,-37.18244],[-72.27444,-37.19475],[-72.28001,-37.15534],[-72.26532,-37.14819],[-72.26139,-37.09265],[-72.18724,-37.05314],[-72.19473,-37.0273]]]}},{"type":"Feature","properties":{"comuna":"Quillón","region":"Región de Ñuble","codregion":16},"geometry":{"type":"Polygon","coordinates":[[[-72.44173,-36.68819],[-72.45195,-36.70244],[-72.41398,-36.75913],[-72.43006,-36.76992],[-72.42932,-36.80224],[-72.38097,-36.85811],[-72.38535,-36.91185],[-72.40741,-36.92876],[-72.46155,-36.92719],[-72.45136,-36.90827],[-72.50228,-36.89574],[-72.51695,-36.93948],[-72.53105,-36.92729],[-72.65255,-36.92173],[-72.64532,-36.88374],[-72.56831,-36.89289],[-72.57315,-36.86569],[-72.53845,-36.84958],[-72.59377,-36.81375],[-72.60271,-36.76768],[-72.58546,-36.74839],[-72.59732,-36.74467],[-72.57961,-36.69906],[-72.53765,-36.71009],[-72.44994,-36.67484],[-72.44173,-36.68819]]]}},{"type":"Feature","properties":{"comuna":"San Carlos","region":"Región de Ñuble","codregion":16},"geometry":{"type":"Polygon","coordinates":[[[-72.22055,-36.20812],[-72.15428,-36.2353],[-72.11142,-36.28348],[-71.95207,-36.2974],[-71.8476,-36.40895],[-71.82069,-36.41693],[-71.79331,-36.39496],[-71.67569,-36.44618],[-71.68395,-36.46169],[-71.66607,-36.49322],[-71.68101,-36.52303],[-71.69625,-36.4838],[-71.78333,-36.48008],[-71.81982,-36.50738],[-71.88967,-36.52129],[-71.95825,-36.52325],[-71.99115,-36.50673],[-72.09307,-36.5511],[-72.06902,-36.52717],[-72.07826,-36.52149],[-72.05906,-36.48665],[-72.07329,-36.46883],[-72.04938,-36.45374],[-72.08214,-36.45792],[-72.08278,-36.43926],[-72.05139,-36.41927],[-72.15411,-36.39087],[-72.1757,-36.36867],[-72.25239,-36.34966],[-72.31604,-36.35883],[-72.33371,-36.34288],[-72.31876,-36.28051],[-72.30061,-36.28967],[-72.23809,-36.20716],[-72.22055,-36.20812]]]}},{"type":"Feature","properties":{"comuna":"Treguaco","region":"Región de Ñuble","codregion":16},"geometry":{"type":"Polygon","coordinates":[[[-72.8522,-36.35942],[-72.8108,-36.35358],[-72.78859,-36.33085],[-72.74585,-36.35649],[-72.66144,-36.32716],[-72.63496,-36.40661],[-72.58565,-36.38711],[-72.57594,-36.42589],[-72.54938,-36.41624],[-72.50837,-36.43541],[-72.50784,-36.46882],[-72.54365,-36.49904],[-72.55819,-36.53492],[-72.63724,-36.52367],[-72.68953,-36.48565],[-72.70293,-36.42521],[-72.82184,-36.38172],[-72.87063,-36.38968],[-72.8522,-36.35942]]]}},{"type":"Feature","properties":{"comuna":"Ranquil","region":"Región de Ñuble","codregion":16},"geometry":{"type":"Polygon","coordinates":[[[-72.46539,-36.64438],[-72.45198,-36.67761],[-72.53318,-36.70965],[-72.57644,-36.69746],[-72.59433,-36.73333],[-72.61885,-36.6897],[-72.688,-36.65446],[-72.71958,-36.65537],[-72.73527,-36.63727],[-72.73372,-36.61729],[-72.65189,-36.59708],[-72.64286,-36.56858],[-72.60491,-36.54527],[-72.59119,-36.56938],[-72.56756,-36.56981],[-72.46539,-36.64438]]]}},{"type":"Feature","properties":{"comuna":"Portezuelo","region":"Región de Ñuble","codregion":16},"geometry":{"type":"Polygon","coordinates":[[[-72.37065,-36.4762],[-72.35332,-36.49822],[-72.36131,-36.56207],[-72.38694,-36.5795],[-72.39518,-36.61731],[-72.43629,-36.64069],[-72.46796,-36.64367],[-72.56756,-36.56981],[-72.59119,-36.56938],[-72.62864,-36.52852],[-72.54912,-36.53033],[-72.54365,-36.49904],[-72.50784,-36.46882],[-72.50837,-36.43541],[-72.47184,-36.47024],[-72.37065,-36.4762]]]}},{"type":"Feature","properties":{"comuna":"Cobquecura","region":"Región de Ñuble","codregion":16},"geometry":{"type":"Polygon","coordinates":[[[-72.77814,-36.01399],[-72.68775,-36.0185],[-72.65528,-36.04695],[-72.64564,-36.01527],[-72.61995,-36.03605],[-72.62018,-36.05522],[-72.59246,-36.06228],[-72.59127,-36.09062],[-72.55291,-36.11182],[-72.59363,-36.10904],[-72.64052,-36.13617],[-72.7068,-36.14806],[-72.69782,-36.16805],[-72.64423,-36.19092],[-72.64381,-36.25659],[-72.61964,-36.2666],[-72.62539,-36.30208],[-72.73104,-36.35443],[-72.78859,-36.33085],[-72.8108,-36.35358],[-72.8522,-36.35942],[-72.80928,-36.27821],[-72.823,-36.19748],[-72.80388,-36.14314],[-72.8136,-36.09336],[-72.79188,-36.07334],[-72.77814,-36.01399]]]}},{"type":"Feature","properties":{"comuna":"Quirihue","region":"Región de Ñuble","codregion":16},"geometry":{"type":"Polygon","coordinates":[[[-72.37262,-36.21362],[-72.4122,-36.20781],[-72.4126,-36.22757],[-72.44052,-36.22884],[-72.43512,-36.24823],[-72.45519,-36.23729],[-72.4578,-36.27938],[-72.48333,-36.29494],[-72.45692,-36.35467],[-72.48563,-36.34702],[-72.54071,-36.37106],[-72.53869,-36.40118],[-72.57594,-36.42589],[-72.58565,-36.38711],[-72.61845,-36.40775],[-72.64399,-36.3933],[-72.66144,-36.32716],[-72.65152,-36.30681],[-72.62539,-36.30208],[-72.61964,-36.2666],[-72.64381,-36.25659],[-72.64423,-36.19092],[-72.69782,-36.16805],[-72.7068,-36.14806],[-72.64052,-36.13617],[-72.59363,-36.10904],[-72.55291,-36.11182],[-72.59127,-36.09062],[-72.59298,-36.06508],[-72.58352,-36.07769],[-72.49312,-36.07211],[-72.48849,-36.12565],[-72.50176,-36.14335],[-72.42637,-36.15722],[-72.40132,-36.17604],[-72.35871,-36.15744],[-72.33844,-36.17441],[-72.33779,-36.20553],[-72.37262,-36.21362]]]}},{"type":"Feature","properties":{"comuna":"Coelemu","region":"Región de Ñuble","codregion":16},"geometry":{"type":"Polygon","coordinates":[[[-72.87063,-36.38968],[-72.82184,-36.38172],[-72.73392,-36.40632],[-72.70293,-36.42521],[-72.68953,-36.48565],[-72.60491,-36.54527],[-72.66925,-36.6057],[-72.77713,-36.62403],[-72.76455,-36.60532],[-72.79825,-36.60597],[-72.79778,-36.56357],[-72.8261,-36.54267],[-72.80023,-36.49682],[-72.80976,-36.45972],[-72.85405,-36.46231],[-72.88372,-36.44437],[-72.87063,-36.38968]]]}},{"type":"Feature","properties":{"comuna":"Ninhue","region":"Región de Ñuble","codregion":16},"geometry":{"type":"Polygon","coordinates":[[[-72.27762,-36.26149],[-72.30061,-36.28967],[-72.31979,-36.28235],[-72.33371,-36.34288],[-72.29752,-36.37981],[-72.33723,-36.40646],[-72.34887,-36.44354],[-72.36889,-36.4558],[-72.36399,-36.47763],[-72.47184,-36.47024],[-72.49278,-36.45623],[-72.49327,-36.43672],[-72.52951,-36.43545],[-72.55204,-36.4161],[-72.54071,-36.37106],[-72.48563,-36.34702],[-72.45692,-36.35467],[-72.48333,-36.29494],[-72.4578,-36.27938],[-72.45519,-36.23729],[-72.43512,-36.24823],[-72.44052,-36.22884],[-72.41256,-36.22249],[-72.37251,-36.25718],[-72.31561,-36.23269],[-72.27762,-36.26149]]]}},{"type":"Feature","properties":{"comuna":"Pinto","region":"Región de Ñuble","codregion":16},"geometry":{"type":"Polygon","coordinates":[[[-71.09623,-37.10961],[-71.15544,-37.11607],[-71.18854,-37.09776],[-71.27089,-37.11132],[-71.32867,-37.07748],[-71.38414,-37.06711],[-71.41089,-37.0899],[-71.45863,-37.06621],[-71.4614,-37.04358],[-71.49709,-37.00893],[-71.55168,-37.01961],[-71.59536,-36.99725],[-71.59754,-36.91041],[-71.63165,-36.88367],[-71.73315,-36.82947],[-71.77356,-36.8339],[-71.75541,-36.81716],[-71.81106,-36.81584],[-71.83092,-36.83148],[-71.96057,-36.77373],[-71.98344,-36.74756],[-72.00107,-36.74965],[-71.97934,-36.72077],[-72.00217,-36.7004],[-71.98263,-36.67197],[-71.95073,-36.68517],[-71.93428,-36.66666],[-71.8407,-36.71788],[-71.75511,-36.79248],[-71.64818,-36.80153],[-71.56884,-36.84475],[-71.4305,-36.81244],[-71.33958,-36.89799],[-71.34493,-36.91119],[-71.26067,-36.91481],[-71.26039,-36.94209],[-71.22153,-36.98207],[-71.16843,-36.99645],[-71.14308,-37.03163],[-71.14091,-37.06909],[-71.12109,-37.07258],[-71.12326,-37.08965],[-71.09623,-37.10961]]]}},{"type":"Feature","properties":{"comuna":"San Ignacio","region":"Región de Ñuble","codregion":16},"geometry":{"type":"Polygon","coordinates":[[[-72.05893,-36.74818],[-71.98344,-36.74756],[-71.96057,-36.77373],[-71.83092,-36.83148],[-71.81106,-36.81584],[-71.75476,-36.82259],[-71.834,-36.85033],[-72.01469,-36.8654],[-72.04565,-36.89415],[-72.0941,-36.90328],[-72.20225,-36.88959],[-72.16506,-36.80596],[-72.15121,-36.80833],[-72.14622,-36.78698],[-72.1091,-36.79492],[-72.13432,-36.73425],[-72.05893,-36.74818]]]}},{"type":"Feature","properties":{"comuna":"Pemuco","region":"Región de Ñuble","codregion":16},"geometry":{"type":"Polygon","coordinates":[[[-72.21727,-36.90131],[-71.96506,-36.99538],[-71.71127,-37.01467],[-71.63803,-36.96837],[-71.6062,-36.96976],[-71.59369,-36.99011],[-71.59695,-37.00536],[-71.69266,-37.03702],[-71.87312,-37.06639],[-71.95851,-37.04466],[-71.9757,-37.05267],[-71.98952,-37.03707],[-72.1307,-37.04248],[-72.32538,-36.98175],[-72.38535,-36.91185],[-72.38044,-36.86671],[-72.36408,-36.86358],[-72.21727,-36.90131]]]}},{"type":"Feature","properties":{"comuna":"San Nicolás","region":"Región de Ñuble","codregion":16},"geometry":{"type":"Polygon","coordinates":[[[-72.07329,-36.46883],[-72.05906,-36.48665],[-72.07826,-36.52149],[-72.06902,-36.52717],[-72.09307,-36.5511],[-72.18661,-36.55321],[-72.22356,-36.58338],[-72.25545,-36.57844],[-72.28002,-36.59968],[-72.31122,-36.59038],[-72.39415,-36.62008],[-72.38694,-36.5795],[-72.36131,-36.56207],[-72.35332,-36.49822],[-72.36889,-36.4558],[-72.34887,-36.44354],[-72.33723,-36.40646],[-72.29752,-36.37981],[-72.31604,-36.35883],[-72.24945,-36.35021],[-72.05139,-36.41927],[-72.08278,-36.43926],[-72.08214,-36.45792],[-72.04938,-36.45374],[-72.07329,-36.46883]]]}},{"type":"Feature","properties":{"comuna":"San Fabián","region":"Región de Ñuble","codregion":16},"geometry":{"type":"Polygon","coordinates":[[[-71.11388,-36.3618],[-71.05915,-36.38756],[-71.06812,-36.44787],[-71.03531,-36.47424],[-71.05744,-36.61789],[-71.00743,-36.68286],[-71.01326,-36.69747],[-71.06641,-36.71448],[-71.08587,-36.67794],[-71.11277,-36.67959],[-71.13199,-36.81346],[-71.16493,-36.82024],[-71.17974,-36.84127],[-71.16323,-36.86127],[-71.12212,-36.86359],[-71.15008,-36.90193],[-71.14452,-36.92924],[-71.09532,-36.92508],[-71.08806,-36.93778],[-71.15422,-36.9408],[-71.24861,-36.83685],[-71.2625,-36.73149],[-71.29198,-36.67828],[-71.39522,-36.65282],[-71.43916,-36.6191],[-71.52048,-36.59686],[-71.58893,-36.5492],[-71.60491,-36.5189],[-71.68101,-36.52303],[-71.66607,-36.49322],[-71.68395,-36.46169],[-71.67569,-36.44618],[-71.68945,-36.44082],[-71.62913,-36.39591],[-71.6405,-36.37384],[-71.57124,-36.40434],[-71.46724,-36.41206],[-71.43838,-36.43295],[-71.4101,-36.50291],[-71.35284,-36.51252],[-71.33586,-36.54356],[-71.28212,-36.44944],[-71.26164,-36.44046],[-71.22493,-36.46267],[-71.19238,-36.41287],[-71.15567,-36.40556],[-71.11388,-36.3618]]]}},{"type":"Feature","properties":{"comuna":"Ñiquén","region":"Región de Ñuble","codregion":16},"geometry":{"type":"Polygon","coordinates":[[[-72.01243,-36.19845],[-71.99062,-36.20867],[-71.99946,-36.22663],[-71.97188,-36.25966],[-71.95591,-36.25061],[-71.90831,-36.26864],[-71.86354,-36.24593],[-71.81151,-36.2548],[-71.76788,-36.3081],[-71.6405,-36.37384],[-71.62913,-36.39591],[-71.68983,-36.44132],[-71.79331,-36.39496],[-71.83216,-36.41418],[-71.8745,-36.38953],[-71.95207,-36.2974],[-72.08401,-36.28837],[-72.13491,-36.26732],[-72.14228,-36.23888],[-72.13112,-36.19142],[-72.09867,-36.15568],[-72.10316,-36.12329],[-72.09907,-36.13712],[-72.07543,-36.13115],[-72.07291,-36.15613],[-72.02352,-36.1744],[-72.01243,-36.19845]]]}},{"type":"Feature","properties":{"comuna":"El Carmen","region":"Región de Ñuble","codregion":16},"geometry":{"type":"Polygon","coordinates":[[[-71.59369,-36.99011],[-71.6062,-36.96976],[-71.63803,-36.96837],[-71.71127,-37.01467],[-71.96506,-36.99538],[-72.21727,-36.90131],[-72.19139,-36.88428],[-72.0941,-36.90328],[-72.04565,-36.89415],[-72.01469,-36.8654],[-71.834,-36.85033],[-71.74316,-36.82657],[-71.60413,-36.9021],[-71.5868,-36.95333],[-71.59369,-36.99011]]]}},{"type":"Feature","properties":{"comuna":"Coihueco","region":"Región de Ñuble","codregion":16},"geometry":{"type":"Polygon","coordinates":[[[-71.22207,-36.9794],[-71.26039,-36.94209],[-71.26067,-36.91481],[-71.34493,-36.91119],[-71.33958,-36.89799],[-71.4305,-36.81244],[-71.56174,-36.84586],[-71.64818,-36.80153],[-71.75511,-36.79248],[-71.8407,-36.71788],[-71.9533,-36.65647],[-71.95699,-36.63303],[-72.02957,-36.6045],[-72.02106,-36.57861],[-72.03719,-36.5743],[-72.01304,-36.55491],[-71.87721,-36.56482],[-71.85602,-36.51354],[-71.78333,-36.48008],[-71.69625,-36.4838],[-71.67932,-36.52362],[-71.60491,-36.5189],[-71.58893,-36.5492],[-71.52048,-36.59686],[-71.28116,-36.68756],[-71.24861,-36.83685],[-71.15422,-36.9408],[-71.08806,-36.93778],[-71.10555,-36.97078],[-71.22207,-36.9794]]]}}]}